O*NET-SOC Code,Title,Element ID,Element Name,Scale ID,Scale Name,Data Value,Date,Domain Source
11-1011.00,Chief Executives,1.B.1.a,Realistic,OI,Occupational Interests,1.26,02/2026,Machine Learning/Expert
11-1011.00,Chief Executives,1.B.1.b,Investigative,OI,Occupational Interests,3.05,02/2026,Machine Learning/Expert
11-1011.00,Chief Executives,1.B.1.c,Artistic,OI,Occupational Interests,2.16,02/2026,Machine Learning/Expert
11-1011.00,Chief Executives,1.B.1.d,Social,OI,Occupational Interests,3.54,02/2026,Machine Learning/Expert
11-1011.00,Chief Executives,1.B.1.e,Enterprising,OI,Occupational Interests,6.96,02/2026,Machine Learning/Expert
11-1011.00,Chief Executives,1.B.1.f,Conventional,OI,Occupational Interests,4.97,02/2026,Machine Learning/Expert
11-1011.00,Chief Executives,1.B.1.g,First Interest High-Point,IH,Occupational Interest High-Point,5.00,02/2026,Machine Learning/Expert
11-1011.00,Chief Executives,1.B.1.h,Second Interest High-Point,IH,Occupational Interest High-Point,6.00,02/2026,Machine Learning/Expert
11-1011.00,Chief Executives,1.B.1.i,Third Interest High-Point,IH,Occupational Interest High-Point,0.00,02/2026,Machine Learning/Expert
11-1011.03,Chief Sustainability Officers,1.B.1.a,Realistic,OI,Occupational Interests,2.04,11/2023,Machine Learning
11-1011.03,Chief Sustainability Officers,1.B.1.b,Investigative,OI,Occupational Interests,4.78,11/2023,Machine Learning
11-1011.03,Chief Sustainability Officers,1.B.1.c,Artistic,OI,Occupational Interests,2.48,11/2023,Machine Learning
11-1011.03,Chief Sustainability Officers,1.B.1.d,Social,OI,Occupational Interests,3.55,11/2023,Machine Learning
11-1011.03,Chief Sustainability Officers,1.B.1.e,Enterprising,OI,Occupational Interests,6.68,11/2023,Machine Learning
11-1011.03,Chief Sustainability Officers,1.B.1.f,Conventional,OI,Occupational Interests,4.49,11/2023,Machine Learning
11-1011.03,Chief Sustainability Officers,1.B.1.g,First Interest High-Point,IH,Occupational Interest High-Point,5.00,11/2023,Machine Learning
11-1011.03,Chief Sustainability Officers,1.B.1.h,Second Interest High-Point,IH,Occupational Interest High-Point,2.00,11/2023,Machine Learning
11-1011.03,Chief Sustainability Officers,1.B.1.i,Third Interest High-Point,IH,Occupational Interest High-Point,6.00,11/2023,Machine Learning
11-1021.00,General and Operations Managers,1.B.1.a,Realistic,OI,Occupational Interests,2.20,02/2026,Machine Learning/Expert
11-1021.00,General and Operations Managers,1.B.1.b,Investigative,OI,Occupational Interests,2.37,02/2026,Machine Learning/Expert
11-1021.00,General and Operations Managers,1.B.1.c,Artistic,OI,Occupational Interests,1.29,02/2026,Machine Learning/Expert
11-1021.00,General and Operations Managers,1.B.1.d,Social,OI,Occupational Interests,3.38,02/2026,Machine Learning/Expert
11-1021.00,General and Operations Managers,1.B.1.e,Enterprising,OI,Occupational Interests,7.00,02/2026,Machine Learning/Expert
11-1021.00,General and Operations Managers,1.B.1.f,Conventional,OI,Occupational Interests,5.34,02/2026,Machine Learning/Expert
11-1021.00,General and Operations Managers,1.B.1.g,First Interest High-Point,IH,Occupational Interest High-Point,5.00,02/2026,Machine Learning/Expert
11-1021.00,General and Operations Managers,1.B.1.h,Second Interest High-Point,IH,Occupational Interest High-Point,6.00,02/2026,Machine Learning/Expert
11-1021.00,General and Operations Managers,1.B.1.i,Third Interest High-Point,IH,Occupational Interest High-Point,0.00,02/2026,Machine Learning/Expert
11-1031.00,Legislators,1.B.1.a,Realistic,OI,Occupational Interests,1.54,11/2023,Machine Learning
11-1031.00,Legislators,1.B.1.b,Investigative,OI,Occupational Interests,3.35,11/2023,Machine Learning
11-1031.00,Legislators,1.B.1.c,Artistic,OI,Occupational Interests,2.70,11/2023,Machine Learning
11-1031.00,Legislators,1.B.1.d,Social,OI,Occupational Interests,3.69,11/2023,Machine Learning
11-1031.00,Legislators,1.B.1.e,Enterprising,OI,Occupational Interests,5.52,11/2023,Machine Learning
11-1031.00,Legislators,1.B.1.f,Conventional,OI,Occupational Interests,3.62,11/2023,Machine Learning
11-1031.00,Legislators,1.B.1.g,First Interest High-Point,IH,Occupational Interest High-Point,5.00,11/2023,Machine Learning
11-1031.00,Legislators,1.B.1.h,Second Interest High-Point,IH,Occupational Interest High-Point,4.00,11/2023,Machine Learning
11-1031.00,Legislators,1.B.1.i,Third Interest High-Point,IH,Occupational Interest High-Point,6.00,11/2023,Machine Learning
11-2011.00,Advertising and Promotions Managers,1.B.1.a,Realistic,OI,Occupational Interests,1.00,02/2026,Machine Learning/Expert
11-2011.00,Advertising and Promotions Managers,1.B.1.b,Investigative,OI,Occupational Interests,1.69,02/2026,Machine Learning/Expert
11-2011.00,Advertising and Promotions Managers,1.B.1.c,Artistic,OI,Occupational Interests,3.87,02/2026,Machine Learning/Expert
11-2011.00,Advertising and Promotions Managers,1.B.1.d,Social,OI,Occupational Interests,3.14,02/2026,Machine Learning/Expert
11-2011.00,Advertising and Promotions Managers,1.B.1.e,Enterprising,OI,Occupational Interests,7.00,02/2026,Machine Learning/Expert
11-2011.00,Advertising and Promotions Managers,1.B.1.f,Conventional,OI,Occupational Interests,4.43,02/2026,Machine Learning/Expert
11-2011.00,Advertising and Promotions Managers,1.B.1.g,First Interest High-Point,IH,Occupational Interest High-Point,5.00,02/2026,Machine Learning/Expert
11-2011.00,Advertising and Promotions Managers,1.B.1.h,Second Interest High-Point,IH,Occupational Interest High-Point,6.00,02/2026,Machine Learning/Expert
11-2011.00,Advertising and Promotions Managers,1.B.1.i,Third Interest High-Point,IH,Occupational Interest High-Point,3.00,02/2026,Machine Learning/Expert
11-2021.00,Marketing Managers,1.B.1.a,Realistic,OI,Occupational Interests,1.00,02/2026,Machine Learning/Expert
11-2021.00,Marketing Managers,1.B.1.b,Investigative,OI,Occupational Interests,2.90,02/2026,Machine Learning/Expert
11-2021.00,Marketing Managers,1.B.1.c,Artistic,OI,Occupational Interests,2.45,02/2026,Machine Learning/Expert
11-2021.00,Marketing Managers,1.B.1.d,Social,OI,Occupational Interests,2.82,02/2026,Machine Learning/Expert
11-2021.00,Marketing Managers,1.B.1.e,Enterprising,OI,Occupational Interests,7.00,02/2026,Machine Learning/Expert
11-2021.00,Marketing Managers,1.B.1.f,Conventional,OI,Occupational Interests,4.70,02/2026,Machine Learning/Expert
11-2021.00,Marketing Managers,1.B.1.g,First Interest High-Point,IH,Occupational Interest High-Point,5.00,02/2026,Machine Learning/Expert
11-2021.00,Marketing Managers,1.B.1.h,Second Interest High-Point,IH,Occupational Interest High-Point,6.00,02/2026,Machine Learning/Expert
11-2021.00,Marketing Managers,1.B.1.i,Third Interest High-Point,IH,Occupational Interest High-Point,0.00,02/2026,Machine Learning/Expert
11-2022.00,Sales Managers,1.B.1.a,Realistic,OI,Occupational Interests,1.49,02/2026,Machine Learning/Expert
11-2022.00,Sales Managers,1.B.1.b,Investigative,OI,Occupational Interests,1.67,02/2026,Machine Learning/Expert
11-2022.00,Sales Managers,1.B.1.c,Artistic,OI,Occupational Interests,1.36,02/2026,Machine Learning/Expert
11-2022.00,Sales Managers,1.B.1.d,Social,OI,Occupational Interests,3.37,02/2026,Machine Learning/Expert
11-2022.00,Sales Managers,1.B.1.e,Enterprising,OI,Occupational Interests,7.00,02/2026,Machine Learning/Expert
11-2022.00,Sales Managers,1.B.1.f,Conventional,OI,Occupational Interests,5.53,02/2026,Machine Learning/Expert
11-2022.00,Sales Managers,1.B.1.g,First Interest High-Point,IH,Occupational Interest High-Point,5.00,02/2026,Machine Learning/Expert
11-2022.00,Sales Managers,1.B.1.h,Second Interest High-Point,IH,Occupational Interest High-Point,6.00,02/2026,Machine Learning/Expert
11-2022.00,Sales Managers,1.B.1.i,Third Interest High-Point,IH,Occupational Interest High-Point,0.00,02/2026,Machine Learning/Expert
11-2032.00,Public Relations Managers,1.B.1.a,Realistic,OI,Occupational Interests,1.00,02/2026,Machine Learning/Expert
11-2032.00,Public Relations Managers,1.B.1.b,Investigative,OI,Occupational Interests,2.34,02/2026,Machine Learning/Expert
11-2032.00,Public Relations Managers,1.B.1.c,Artistic,OI,Occupational Interests,3.67,02/2026,Machine Learning/Expert
11-2032.00,Public Relations Managers,1.B.1.d,Social,OI,Occupational Interests,4.18,02/2026,Machine Learning/Expert
11-2032.00,Public Relations Managers,1.B.1.e,Enterprising,OI,Occupational Interests,7.00,02/2026,Machine Learning/Expert
11-2032.00,Public Relations Managers,1.B.1.f,Conventional,OI,Occupational Interests,4.39,02/2026,Machine Learning/Expert
11-2032.00,Public Relations Managers,1.B.1.g,First Interest High-Point,IH,Occupational Interest High-Point,5.00,02/2026,Machine Learning/Expert
11-2032.00,Public Relations Managers,1.B.1.h,Second Interest High-Point,IH,Occupational Interest High-Point,6.00,02/2026,Machine Learning/Expert
11-2032.00,Public Relations Managers,1.B.1.i,Third Interest High-Point,IH,Occupational Interest High-Point,4.00,02/2026,Machine Learning/Expert
11-2033.00,Fundraising Managers,1.B.1.a,Realistic,OI,Occupational Interests,1.00,02/2026,Machine Learning/Expert
11-2033.00,Fundraising Managers,1.B.1.b,Investigative,OI,Occupational Interests,2.41,02/2026,Machine Learning/Expert
11-2033.00,Fundraising Managers,1.B.1.c,Artistic,OI,Occupational Interests,2.61,02/2026,Machine Learning/Expert
11-2033.00,Fundraising Managers,1.B.1.d,Social,OI,Occupational Interests,3.76,02/2026,Machine Learning/Expert
11-2033.00,Fundraising Managers,1.B.1.e,Enterprising,OI,Occupational Interests,7.00,02/2026,Machine Learning/Expert
11-2033.00,Fundraising Managers,1.B.1.f,Conventional,OI,Occupational Interests,4.82,02/2026,Machine Learning/Expert
11-2033.00,Fundraising Managers,1.B.1.g,First Interest High-Point,IH,Occupational Interest High-Point,5.00,02/2026,Machine Learning/Expert
11-2033.00,Fundraising Managers,1.B.1.h,Second Interest High-Point,IH,Occupational Interest High-Point,6.00,02/2026,Machine Learning/Expert
11-2033.00,Fundraising Managers,1.B.1.i,Third Interest High-Point,IH,Occupational Interest High-Point,4.00,02/2026,Machine Learning/Expert
11-3012.00,Administrative Services Managers,1.B.1.a,Realistic,OI,Occupational Interests,1.42,02/2026,Machine Learning/Expert
11-3012.00,Administrative Services Managers,1.B.1.b,Investigative,OI,Occupational Interests,2.12,02/2026,Machine Learning/Expert
11-3012.00,Administrative Services Managers,1.B.1.c,Artistic,OI,Occupational Interests,1.11,02/2026,Machine Learning/Expert
11-3012.00,Administrative Services Managers,1.B.1.d,Social,OI,Occupational Interests,3.74,02/2026,Machine Learning/Expert
11-3012.00,Administrative Services Managers,1.B.1.e,Enterprising,OI,Occupational Interests,6.47,02/2026,Machine Learning/Expert
11-3012.00,Administrative Services Managers,1.B.1.f,Conventional,OI,Occupational Interests,6.27,02/2026,Machine Learning/Expert
11-3012.00,Administrative Services Managers,1.B.1.g,First Interest High-Point,IH,Occupational Interest High-Point,5.00,02/2026,Machine Learning/Expert
11-3012.00,Administrative Services Managers,1.B.1.h,Second Interest High-Point,IH,Occupational Interest High-Point,6.00,02/2026,Machine Learning/Expert
11-3012.00,Administrative Services Managers,1.B.1.i,Third Interest High-Point,IH,Occupational Interest High-Point,4.00,02/2026,Machine Learning/Expert
11-3013.00,Facilities Managers,1.B.1.a,Realistic,OI,Occupational Interests,4.15,02/2026,Machine Learning/Expert
11-3013.00,Facilities Managers,1.B.1.b,Investigative,OI,Occupational Interests,2.60,02/2026,Machine Learning/Expert
11-3013.00,Facilities Managers,1.B.1.c,Artistic,OI,Occupational Interests,1.61,02/2026,Machine Learning/Expert
11-3013.00,Facilities Managers,1.B.1.d,Social,OI,Occupational Interests,3.58,02/2026,Machine Learning/Expert
11-3013.00,Facilities Managers,1.B.1.e,Enterprising,OI,Occupational Interests,5.35,02/2026,Machine Learning/Expert
11-3013.00,Facilities Managers,1.B.1.f,Conventional,OI,Occupational Interests,5.35,02/2026,Machine Learning/Expert
11-3013.00,Facilities Managers,1.B.1.g,First Interest High-Point,IH,Occupational Interest High-Point,5.00,02/2026,Machine Learning/Expert
11-3013.00,Facilities Managers,1.B.1.h,Second Interest High-Point,IH,Occupational Interest High-Point,6.00,02/2026,Machine Learning/Expert
11-3013.00,Facilities Managers,1.B.1.i,Third Interest High-Point,IH,Occupational Interest High-Point,1.00,02/2026,Machine Learning/Expert
11-3013.01,Security Managers,1.B.1.a,Realistic,OI,Occupational Interests,3.39,02/2026,Machine Learning/Expert
11-3013.01,Security Managers,1.B.1.b,Investigative,OI,Occupational Interests,3.69,02/2026,Machine Learning/Expert
11-3013.01,Security Managers,1.B.1.c,Artistic,OI,Occupational Interests,1.30,02/2026,Machine Learning/Expert
11-3013.01,Security Managers,1.B.1.d,Social,OI,Occupational Interests,2.75,02/2026,Machine Learning/Expert
11-3013.01,Security Managers,1.B.1.e,Enterprising,OI,Occupational Interests,5.63,02/2026,Machine Learning/Expert
11-3013.01,Security Managers,1.B.1.f,Conventional,OI,Occupational Interests,5.43,02/2026,Machine Learning/Expert
11-3013.01,Security Managers,1.B.1.g,First Interest High-Point,IH,Occupational Interest High-Point,5.00,02/2026,Machine Learning/Expert
11-3013.01,Security Managers,1.B.1.h,Second Interest High-Point,IH,Occupational Interest High-Point,6.00,02/2026,Machine Learning/Expert
11-3013.01,Security Managers,1.B.1.i,Third Interest High-Point,IH,Occupational Interest High-Point,0.00,02/2026,Machine Learning/Expert
11-3021.00,Computer and Information Systems Managers,1.B.1.a,Realistic,OI,Occupational Interests,2.68,02/2026,Machine Learning/Expert
11-3021.00,Computer and Information Systems Managers,1.B.1.b,Investigative,OI,Occupational Interests,4.49,02/2026,Machine Learning/Expert
11-3021.00,Computer and Information Systems Managers,1.B.1.c,Artistic,OI,Occupational Interests,1.47,02/2026,Machine Learning/Expert
11-3021.00,Computer and Information Systems Managers,1.B.1.d,Social,OI,Occupational Interests,2.35,02/2026,Machine Learning/Expert
11-3021.00,Computer and Information Systems Managers,1.B.1.e,Enterprising,OI,Occupational Interests,5.09,02/2026,Machine Learning/Expert
11-3021.00,Computer and Information Systems Managers,1.B.1.f,Conventional,OI,Occupational Interests,5.94,02/2026,Machine Learning/Expert
11-3021.00,Computer and Information Systems Managers,1.B.1.g,First Interest High-Point,IH,Occupational Interest High-Point,6.00,02/2026,Machine Learning/Expert
11-3021.00,Computer and Information Systems Managers,1.B.1.h,Second Interest High-Point,IH,Occupational Interest High-Point,5.00,02/2026,Machine Learning/Expert
11-3021.00,Computer and Information Systems Managers,1.B.1.i,Third Interest High-Point,IH,Occupational Interest High-Point,2.00,02/2026,Machine Learning/Expert
11-3031.00,Financial Managers,1.B.1.a,Realistic,OI,Occupational Interests,1.36,02/2026,Machine Learning/Expert
11-3031.00,Financial Managers,1.B.1.b,Investigative,OI,Occupational Interests,2.46,02/2026,Machine Learning/Expert
11-3031.00,Financial Managers,1.B.1.c,Artistic,OI,Occupational Interests,1.59,02/2026,Machine Learning/Expert
11-3031.00,Financial Managers,1.B.1.d,Social,OI,Occupational Interests,3.04,02/2026,Machine Learning/Expert
11-3031.00,Financial Managers,1.B.1.e,Enterprising,OI,Occupational Interests,7.00,02/2026,Machine Learning/Expert
11-3031.00,Financial Managers,1.B.1.f,Conventional,OI,Occupational Interests,5.56,02/2026,Machine Learning/Expert
11-3031.00,Financial Managers,1.B.1.g,First Interest High-Point,IH,Occupational Interest High-Point,5.00,02/2026,Machine Learning/Expert
11-3031.00,Financial Managers,1.B.1.h,Second Interest High-Point,IH,Occupational Interest High-Point,6.00,02/2026,Machine Learning/Expert
11-3031.00,Financial Managers,1.B.1.i,Third Interest High-Point,IH,Occupational Interest High-Point,0.00,02/2026,Machine Learning/Expert
11-3031.01,Treasurers and Controllers,1.B.1.a,Realistic,OI,Occupational Interests,1.00,02/2026,Machine Learning/Expert
11-3031.01,Treasurers and Controllers,1.B.1.b,Investigative,OI,Occupational Interests,2.20,02/2026,Machine Learning/Expert
11-3031.01,Treasurers and Controllers,1.B.1.c,Artistic,OI,Occupational Interests,1.17,02/2026,Machine Learning/Expert
11-3031.01,Treasurers and Controllers,1.B.1.d,Social,OI,Occupational Interests,2.68,02/2026,Machine Learning/Expert
11-3031.01,Treasurers and Controllers,1.B.1.e,Enterprising,OI,Occupational Interests,6.15,02/2026,Machine Learning/Expert
11-3031.01,Treasurers and Controllers,1.B.1.f,Conventional,OI,Occupational Interests,6.44,02/2026,Machine Learning/Expert
11-3031.01,Treasurers and Controllers,1.B.1.g,First Interest High-Point,IH,Occupational Interest High-Point,6.00,02/2026,Machine Learning/Expert
11-3031.01,Treasurers and Controllers,1.B.1.h,Second Interest High-Point,IH,Occupational Interest High-Point,5.00,02/2026,Machine Learning/Expert
11-3031.01,Treasurers and Controllers,1.B.1.i,Third Interest High-Point,IH,Occupational Interest High-Point,0.00,02/2026,Machine Learning/Expert
11-3031.03,Investment Fund Managers,1.B.1.a,Realistic,OI,Occupational Interests,1.48,02/2026,Machine Learning/Expert
11-3031.03,Investment Fund Managers,1.B.1.b,Investigative,OI,Occupational Interests,3.77,02/2026,Machine Learning/Expert
11-3031.03,Investment Fund Managers,1.B.1.c,Artistic,OI,Occupational Interests,1.65,02/2026,Machine Learning/Expert
11-3031.03,Investment Fund Managers,1.B.1.d,Social,OI,Occupational Interests,2.69,02/2026,Machine Learning/Expert
11-3031.03,Investment Fund Managers,1.B.1.e,Enterprising,OI,Occupational Interests,6.95,02/2026,Machine Learning/Expert
11-3031.03,Investment Fund Managers,1.B.1.f,Conventional,OI,Occupational Interests,5.21,02/2026,Machine Learning/Expert
11-3031.03,Investment Fund Managers,1.B.1.g,First Interest High-Point,IH,Occupational Interest High-Point,5.00,02/2026,Machine Learning/Expert
11-3031.03,Investment Fund Managers,1.B.1.h,Second Interest High-Point,IH,Occupational Interest High-Point,6.00,02/2026,Machine Learning/Expert
11-3031.03,Investment Fund Managers,1.B.1.i,Third Interest High-Point,IH,Occupational Interest High-Point,2.00,02/2026,Machine Learning/Expert
11-3051.00,Industrial Production Managers,1.B.1.a,Realistic,OI,Occupational Interests,4.00,02/2026,Machine Learning/Expert
11-3051.00,Industrial Production Managers,1.B.1.b,Investigative,OI,Occupational Interests,2.92,02/2026,Machine Learning/Expert
11-3051.00,Industrial Production Managers,1.B.1.c,Artistic,OI,Occupational Interests,1.40,02/2026,Machine Learning/Expert
11-3051.00,Industrial Production Managers,1.B.1.d,Social,OI,Occupational Interests,1.85,02/2026,Machine Learning/Expert
11-3051.00,Industrial Production Managers,1.B.1.e,Enterprising,OI,Occupational Interests,6.03,02/2026,Machine Learning/Expert
11-3051.00,Industrial Production Managers,1.B.1.f,Conventional,OI,Occupational Interests,5.21,02/2026,Machine Learning/Expert
11-3051.00,Industrial Production Managers,1.B.1.g,First Interest High-Point,IH,Occupational Interest High-Point,5.00,02/2026,Machine Learning/Expert
11-3051.00,Industrial Production Managers,1.B.1.h,Second Interest High-Point,IH,Occupational Interest High-Point,6.00,02/2026,Machine Learning/Expert
11-3051.00,Industrial Production Managers,1.B.1.i,Third Interest High-Point,IH,Occupational Interest High-Point,1.00,02/2026,Machine Learning/Expert
11-3051.01,Quality Control Systems Managers,1.B.1.a,Realistic,OI,Occupational Interests,3.58,02/2026,Machine Learning/Expert
11-3051.01,Quality Control Systems Managers,1.B.1.b,Investigative,OI,Occupational Interests,4.12,02/2026,Machine Learning/Expert
11-3051.01,Quality Control Systems Managers,1.B.1.c,Artistic,OI,Occupational Interests,1.28,02/2026,Machine Learning/Expert
11-3051.01,Quality Control Systems Managers,1.B.1.d,Social,OI,Occupational Interests,2.07,02/2026,Machine Learning/Expert
11-3051.01,Quality Control Systems Managers,1.B.1.e,Enterprising,OI,Occupational Interests,5.09,02/2026,Machine Learning/Expert
11-3051.01,Quality Control Systems Managers,1.B.1.f,Conventional,OI,Occupational Interests,5.42,02/2026,Machine Learning/Expert
11-3051.01,Quality Control Systems Managers,1.B.1.g,First Interest High-Point,IH,Occupational Interest High-Point,6.00,02/2026,Machine Learning/Expert
11-3051.01,Quality Control Systems Managers,1.B.1.h,Second Interest High-Point,IH,Occupational Interest High-Point,5.00,02/2026,Machine Learning/Expert
11-3051.01,Quality Control Systems Managers,1.B.1.i,Third Interest High-Point,IH,Occupational Interest High-Point,2.00,02/2026,Machine Learning/Expert
11-3051.02,Geothermal Production Managers,1.B.1.a,Realistic,OI,Occupational Interests,5.35,11/2023,Machine Learning
11-3051.02,Geothermal Production Managers,1.B.1.b,Investigative,OI,Occupational Interests,3.35,11/2023,Machine Learning
11-3051.02,Geothermal Production Managers,1.B.1.c,Artistic,OI,Occupational Interests,1.00,11/2023,Machine Learning
11-3051.02,Geothermal Production Managers,1.B.1.d,Social,OI,Occupational Interests,2.07,11/2023,Machine Learning
11-3051.02,Geothermal Production Managers,1.B.1.e,Enterprising,OI,Occupational Interests,4.58,11/2023,Machine Learning
11-3051.02,Geothermal Production Managers,1.B.1.f,Conventional,OI,Occupational Interests,4.82,11/2023,Machine Learning
11-3051.02,Geothermal Production Managers,1.B.1.g,First Interest High-Point,IH,Occupational Interest High-Point,1.00,11/2023,Machine Learning
11-3051.02,Geothermal Production Managers,1.B.1.h,Second Interest High-Point,IH,Occupational Interest High-Point,6.00,11/2023,Machine Learning
11-3051.02,Geothermal Production Managers,1.B.1.i,Third Interest High-Point,IH,Occupational Interest High-Point,5.00,11/2023,Machine Learning
11-3051.03,Biofuels Production Managers,1.B.1.a,Realistic,OI,Occupational Interests,4.59,11/2023,Machine Learning
11-3051.03,Biofuels Production Managers,1.B.1.b,Investigative,OI,Occupational Interests,3.74,11/2023,Machine Learning
11-3051.03,Biofuels Production Managers,1.B.1.c,Artistic,OI,Occupational Interests,1.00,11/2023,Machine Learning
11-3051.03,Biofuels Production Managers,1.B.1.d,Social,OI,Occupational Interests,1.83,11/2023,Machine Learning
11-3051.03,Biofuels Production Managers,1.B.1.e,Enterprising,OI,Occupational Interests,5.41,11/2023,Machine Learning
11-3051.03,Biofuels Production Managers,1.B.1.f,Conventional,OI,Occupational Interests,5.06,11/2023,Machine Learning
11-3051.03,Biofuels Production Managers,1.B.1.g,First Interest High-Point,IH,Occupational Interest High-Point,5.00,11/2023,Machine Learning
11-3051.03,Biofuels Production Managers,1.B.1.h,Second Interest High-Point,IH,Occupational Interest High-Point,6.00,11/2023,Machine Learning
11-3051.03,Biofuels Production Managers,1.B.1.i,Third Interest High-Point,IH,Occupational Interest High-Point,1.00,11/2023,Machine Learning
11-3051.04,Biomass Power Plant Managers,1.B.1.a,Realistic,OI,Occupational Interests,5.12,11/2023,Machine Learning
11-3051.04,Biomass Power Plant Managers,1.B.1.b,Investigative,OI,Occupational Interests,3.19,11/2023,Machine Learning
11-3051.04,Biomass Power Plant Managers,1.B.1.c,Artistic,OI,Occupational Interests,1.00,11/2023,Machine Learning
11-3051.04,Biomass Power Plant Managers,1.B.1.d,Social,OI,Occupational Interests,1.72,11/2023,Machine Learning
11-3051.04,Biomass Power Plant Managers,1.B.1.e,Enterprising,OI,Occupational Interests,4.86,11/2023,Machine Learning
11-3051.04,Biomass Power Plant Managers,1.B.1.f,Conventional,OI,Occupational Interests,5.34,11/2023,Machine Learning
11-3051.04,Biomass Power Plant Managers,1.B.1.g,First Interest High-Point,IH,Occupational Interest High-Point,6.00,11/2023,Machine Learning
11-3051.04,Biomass Power Plant Managers,1.B.1.h,Second Interest High-Point,IH,Occupational Interest High-Point,1.00,11/2023,Machine Learning
11-3051.04,Biomass Power Plant Managers,1.B.1.i,Third Interest High-Point,IH,Occupational Interest High-Point,5.00,11/2023,Machine Learning
11-3051.06,Hydroelectric Production Managers,1.B.1.a,Realistic,OI,Occupational Interests,5.37,11/2023,Machine Learning
11-3051.06,Hydroelectric Production Managers,1.B.1.b,Investigative,OI,Occupational Interests,3.64,11/2023,Machine Learning
11-3051.06,Hydroelectric Production Managers,1.B.1.c,Artistic,OI,Occupational Interests,1.00,11/2023,Machine Learning
11-3051.06,Hydroelectric Production Managers,1.B.1.d,Social,OI,Occupational Interests,1.83,11/2023,Machine Learning
11-3051.06,Hydroelectric Production Managers,1.B.1.e,Enterprising,OI,Occupational Interests,4.57,11/2023,Machine Learning
11-3051.06,Hydroelectric Production Managers,1.B.1.f,Conventional,OI,Occupational Interests,5.02,11/2023,Machine Learning
11-3051.06,Hydroelectric Production Managers,1.B.1.g,First Interest High-Point,IH,Occupational Interest High-Point,1.00,11/2023,Machine Learning
11-3051.06,Hydroelectric Production Managers,1.B.1.h,Second Interest High-Point,IH,Occupational Interest High-Point,6.00,11/2023,Machine Learning
11-3051.06,Hydroelectric Production Managers,1.B.1.i,Third Interest High-Point,IH,Occupational Interest High-Point,5.00,11/2023,Machine Learning
11-3061.00,Purchasing Managers,1.B.1.a,Realistic,OI,Occupational Interests,2.49,02/2026,Machine Learning/Expert
11-3061.00,Purchasing Managers,1.B.1.b,Investigative,OI,Occupational Interests,1.77,02/2026,Machine Learning/Expert
11-3061.00,Purchasing Managers,1.B.1.c,Artistic,OI,Occupational Interests,1.20,02/2026,Machine Learning/Expert
11-3061.00,Purchasing Managers,1.B.1.d,Social,OI,Occupational Interests,2.70,02/2026,Machine Learning/Expert
11-3061.00,Purchasing Managers,1.B.1.e,Enterprising,OI,Occupational Interests,7.00,02/2026,Machine Learning/Expert
11-3061.00,Purchasing Managers,1.B.1.f,Conventional,OI,Occupational Interests,5.98,02/2026,Machine Learning/Expert
11-3061.00,Purchasing Managers,1.B.1.g,First Interest High-Point,IH,Occupational Interest High-Point,5.00,02/2026,Machine Learning/Expert
11-3061.00,Purchasing Managers,1.B.1.h,Second Interest High-Point,IH,Occupational Interest High-Point,6.00,02/2026,Machine Learning/Expert
11-3061.00,Purchasing Managers,1.B.1.i,Third Interest High-Point,IH,Occupational Interest High-Point,0.00,02/2026,Machine Learning/Expert
11-3071.00,"Transportation, Storage, and Distribution Managers",1.B.1.a,Realistic,OI,Occupational Interests,3.60,02/2026,Machine Learning/Expert
11-3071.00,"Transportation, Storage, and Distribution Managers",1.B.1.b,Investigative,OI,Occupational Interests,2.64,02/2026,Machine Learning/Expert
11-3071.00,"Transportation, Storage, and Distribution Managers",1.B.1.c,Artistic,OI,Occupational Interests,1.00,02/2026,Machine Learning/Expert
11-3071.00,"Transportation, Storage, and Distribution Managers",1.B.1.d,Social,OI,Occupational Interests,2.39,02/2026,Machine Learning/Expert
11-3071.00,"Transportation, Storage, and Distribution Managers",1.B.1.e,Enterprising,OI,Occupational Interests,5.99,02/2026,Machine Learning/Expert
11-3071.00,"Transportation, Storage, and Distribution Managers",1.B.1.f,Conventional,OI,Occupational Interests,5.74,02/2026,Machine Learning/Expert
11-3071.00,"Transportation, Storage, and Distribution Managers",1.B.1.g,First Interest High-Point,IH,Occupational Interest High-Point,5.00,02/2026,Machine Learning/Expert
11-3071.00,"Transportation, Storage, and Distribution Managers",1.B.1.h,Second Interest High-Point,IH,Occupational Interest High-Point,6.00,02/2026,Machine Learning/Expert
11-3071.00,"Transportation, Storage, and Distribution Managers",1.B.1.i,Third Interest High-Point,IH,Occupational Interest High-Point,0.00,02/2026,Machine Learning/Expert
11-3071.04,Supply Chain Managers,1.B.1.a,Realistic,OI,Occupational Interests,3.39,02/2026,Machine Learning/Expert
11-3071.04,Supply Chain Managers,1.B.1.b,Investigative,OI,Occupational Interests,2.46,02/2026,Machine Learning/Expert
11-3071.04,Supply Chain Managers,1.B.1.c,Artistic,OI,Occupational Interests,1.00,02/2026,Machine Learning/Expert
11-3071.04,Supply Chain Managers,1.B.1.d,Social,OI,Occupational Interests,2.04,02/2026,Machine Learning/Expert
11-3071.04,Supply Chain Managers,1.B.1.e,Enterprising,OI,Occupational Interests,6.24,02/2026,Machine Learning/Expert
11-3071.04,Supply Chain Managers,1.B.1.f,Conventional,OI,Occupational Interests,5.25,02/2026,Machine Learning/Expert
11-3071.04,Supply Chain Managers,1.B.1.g,First Interest High-Point,IH,Occupational Interest High-Point,5.00,02/2026,Machine Learning/Expert
11-3071.04,Supply Chain Managers,1.B.1.h,Second Interest High-Point,IH,Occupational Interest High-Point,6.00,02/2026,Machine Learning/Expert
11-3071.04,Supply Chain Managers,1.B.1.i,Third Interest High-Point,IH,Occupational Interest High-Point,0.00,02/2026,Machine Learning/Expert
11-3111.00,Compensation and Benefits Managers,1.B.1.a,Realistic,OI,Occupational Interests,1.00,02/2026,Machine Learning/Expert
11-3111.00,Compensation and Benefits Managers,1.B.1.b,Investigative,OI,Occupational Interests,2.18,02/2026,Machine Learning/Expert
11-3111.00,Compensation and Benefits Managers,1.B.1.c,Artistic,OI,Occupational Interests,1.41,02/2026,Machine Learning/Expert
11-3111.00,Compensation and Benefits Managers,1.B.1.d,Social,OI,Occupational Interests,3.81,02/2026,Machine Learning/Expert
11-3111.00,Compensation and Benefits Managers,1.B.1.e,Enterprising,OI,Occupational Interests,7.00,02/2026,Machine Learning/Expert
11-3111.00,Compensation and Benefits Managers,1.B.1.f,Conventional,OI,Occupational Interests,5.66,02/2026,Machine Learning/Expert
11-3111.00,Compensation and Benefits Managers,1.B.1.g,First Interest High-Point,IH,Occupational Interest High-Point,5.00,02/2026,Machine Learning/Expert
11-3111.00,Compensation and Benefits Managers,1.B.1.h,Second Interest High-Point,IH,Occupational Interest High-Point,6.00,02/2026,Machine Learning/Expert
11-3111.00,Compensation and Benefits Managers,1.B.1.i,Third Interest High-Point,IH,Occupational Interest High-Point,4.00,02/2026,Machine Learning/Expert
11-3121.00,Human Resources Managers,1.B.1.a,Realistic,OI,Occupational Interests,1.26,02/2026,Machine Learning/Expert
11-3121.00,Human Resources Managers,1.B.1.b,Investigative,OI,Occupational Interests,2.31,02/2026,Machine Learning/Expert
11-3121.00,Human Resources Managers,1.B.1.c,Artistic,OI,Occupational Interests,1.50,02/2026,Machine Learning/Expert
11-3121.00,Human Resources Managers,1.B.1.d,Social,OI,Occupational Interests,3.88,02/2026,Machine Learning/Expert
11-3121.00,Human Resources Managers,1.B.1.e,Enterprising,OI,Occupational Interests,7.00,02/2026,Machine Learning/Expert
11-3121.00,Human Resources Managers,1.B.1.f,Conventional,OI,Occupational Interests,5.54,02/2026,Machine Learning/Expert
11-3121.00,Human Resources Managers,1.B.1.g,First Interest High-Point,IH,Occupational Interest High-Point,5.00,02/2026,Machine Learning/Expert
11-3121.00,Human Resources Managers,1.B.1.h,Second Interest High-Point,IH,Occupational Interest High-Point,6.00,02/2026,Machine Learning/Expert
11-3121.00,Human Resources Managers,1.B.1.i,Third Interest High-Point,IH,Occupational Interest High-Point,4.00,02/2026,Machine Learning/Expert
11-3131.00,Training and Development Managers,1.B.1.a,Realistic,OI,Occupational Interests,1.90,02/2026,Machine Learning/Expert
11-3131.00,Training and Development Managers,1.B.1.b,Investigative,OI,Occupational Interests,3.04,02/2026,Machine Learning/Expert
11-3131.00,Training and Development Managers,1.B.1.c,Artistic,OI,Occupational Interests,2.57,02/2026,Machine Learning/Expert
11-3131.00,Training and Development Managers,1.B.1.d,Social,OI,Occupational Interests,5.54,02/2026,Machine Learning/Expert
11-3131.00,Training and Development Managers,1.B.1.e,Enterprising,OI,Occupational Interests,6.35,02/2026,Machine Learning/Expert
11-3131.00,Training and Development Managers,1.B.1.f,Conventional,OI,Occupational Interests,4.04,02/2026,Machine Learning/Expert
11-3131.00,Training and Development Managers,1.B.1.g,First Interest High-Point,IH,Occupational Interest High-Point,5.00,02/2026,Machine Learning/Expert
11-3131.00,Training and Development Managers,1.B.1.h,Second Interest High-Point,IH,Occupational Interest High-Point,4.00,02/2026,Machine Learning/Expert
11-3131.00,Training and Development Managers,1.B.1.i,Third Interest High-Point,IH,Occupational Interest High-Point,6.00,02/2026,Machine Learning/Expert
11-9013.00,"Farmers, Ranchers, and Other Agricultural Managers",1.B.1.a,Realistic,OI,Occupational Interests,5.16,02/2026,Machine Learning/Expert
11-9013.00,"Farmers, Ranchers, and Other Agricultural Managers",1.B.1.b,Investigative,OI,Occupational Interests,2.74,02/2026,Machine Learning/Expert
11-9013.00,"Farmers, Ranchers, and Other Agricultural Managers",1.B.1.c,Artistic,OI,Occupational Interests,1.06,02/2026,Machine Learning/Expert
11-9013.00,"Farmers, Ranchers, and Other Agricultural Managers",1.B.1.d,Social,OI,Occupational Interests,2.63,02/2026,Machine Learning/Expert
11-9013.00,"Farmers, Ranchers, and Other Agricultural Managers",1.B.1.e,Enterprising,OI,Occupational Interests,5.52,02/2026,Machine Learning/Expert
11-9013.00,"Farmers, Ranchers, and Other Agricultural Managers",1.B.1.f,Conventional,OI,Occupational Interests,4.53,02/2026,Machine Learning/Expert
11-9013.00,"Farmers, Ranchers, and Other Agricultural Managers",1.B.1.g,First Interest High-Point,IH,Occupational Interest High-Point,5.00,02/2026,Machine Learning/Expert
11-9013.00,"Farmers, Ranchers, and Other Agricultural Managers",1.B.1.h,Second Interest High-Point,IH,Occupational Interest High-Point,1.00,02/2026,Machine Learning/Expert
11-9013.00,"Farmers, Ranchers, and Other Agricultural Managers",1.B.1.i,Third Interest High-Point,IH,Occupational Interest High-Point,6.00,02/2026,Machine Learning/Expert
11-9021.00,Construction Managers,1.B.1.a,Realistic,OI,Occupational Interests,4.68,02/2026,Machine Learning/Expert
11-9021.00,Construction Managers,1.B.1.b,Investigative,OI,Occupational Interests,3.18,02/2026,Machine Learning/Expert
11-9021.00,Construction Managers,1.B.1.c,Artistic,OI,Occupational Interests,1.70,02/2026,Machine Learning/Expert
11-9021.00,Construction Managers,1.B.1.d,Social,OI,Occupational Interests,2.35,02/2026,Machine Learning/Expert
11-9021.00,Construction Managers,1.B.1.e,Enterprising,OI,Occupational Interests,5.73,02/2026,Machine Learning/Expert
11-9021.00,Construction Managers,1.B.1.f,Conventional,OI,Occupational Interests,4.80,02/2026,Machine Learning/Expert
11-9021.00,Construction Managers,1.B.1.g,First Interest High-Point,IH,Occupational Interest High-Point,5.00,02/2026,Machine Learning/Expert
11-9021.00,Construction Managers,1.B.1.h,Second Interest High-Point,IH,Occupational Interest High-Point,6.00,02/2026,Machine Learning/Expert
11-9021.00,Construction Managers,1.B.1.i,Third Interest High-Point,IH,Occupational Interest High-Point,1.00,02/2026,Machine Learning/Expert
11-9031.00,"Education and Childcare Administrators, Preschool and Daycare",1.B.1.a,Realistic,OI,Occupational Interests,1.20,02/2026,Machine Learning/Expert
11-9031.00,"Education and Childcare Administrators, Preschool and Daycare",1.B.1.b,Investigative,OI,Occupational Interests,2.90,02/2026,Machine Learning/Expert
11-9031.00,"Education and Childcare Administrators, Preschool and Daycare",1.B.1.c,Artistic,OI,Occupational Interests,2.78,02/2026,Machine Learning/Expert
11-9031.00,"Education and Childcare Administrators, Preschool and Daycare",1.B.1.d,Social,OI,Occupational Interests,6.46,02/2026,Machine Learning/Expert
11-9031.00,"Education and Childcare Administrators, Preschool and Daycare",1.B.1.e,Enterprising,OI,Occupational Interests,4.85,02/2026,Machine Learning/Expert
11-9031.00,"Education and Childcare Administrators, Preschool and Daycare",1.B.1.f,Conventional,OI,Occupational Interests,4.53,02/2026,Machine Learning/Expert
11-9031.00,"Education and Childcare Administrators, Preschool and Daycare",1.B.1.g,First Interest High-Point,IH,Occupational Interest High-Point,4.00,02/2026,Machine Learning/Expert
11-9031.00,"Education and Childcare Administrators, Preschool and Daycare",1.B.1.h,Second Interest High-Point,IH,Occupational Interest High-Point,5.00,02/2026,Machine Learning/Expert
11-9031.00,"Education and Childcare Administrators, Preschool and Daycare",1.B.1.i,Third Interest High-Point,IH,Occupational Interest High-Point,6.00,02/2026,Machine Learning/Expert
11-9032.00,"Education Administrators, Kindergarten through Secondary",1.B.1.a,Realistic,OI,Occupational Interests,1.31,02/2026,Machine Learning/Expert
11-9032.00,"Education Administrators, Kindergarten through Secondary",1.B.1.b,Investigative,OI,Occupational Interests,3.06,02/2026,Machine Learning/Expert
11-9032.00,"Education Administrators, Kindergarten through Secondary",1.B.1.c,Artistic,OI,Occupational Interests,2.84,02/2026,Machine Learning/Expert
11-9032.00,"Education Administrators, Kindergarten through Secondary",1.B.1.d,Social,OI,Occupational Interests,5.72,02/2026,Machine Learning/Expert
11-9032.00,"Education Administrators, Kindergarten through Secondary",1.B.1.e,Enterprising,OI,Occupational Interests,5.34,02/2026,Machine Learning/Expert
11-9032.00,"Education Administrators, Kindergarten through Secondary",1.B.1.f,Conventional,OI,Occupational Interests,4.68,02/2026,Machine Learning/Expert
11-9032.00,"Education Administrators, Kindergarten through Secondary",1.B.1.g,First Interest High-Point,IH,Occupational Interest High-Point,4.00,02/2026,Machine Learning/Expert
11-9032.00,"Education Administrators, Kindergarten through Secondary",1.B.1.h,Second Interest High-Point,IH,Occupational Interest High-Point,5.00,02/2026,Machine Learning/Expert
11-9032.00,"Education Administrators, Kindergarten through Secondary",1.B.1.i,Third Interest High-Point,IH,Occupational Interest High-Point,6.00,02/2026,Machine Learning/Expert
11-9033.00,"Education Administrators, Postsecondary",1.B.1.a,Realistic,OI,Occupational Interests,1.00,02/2026,Machine Learning/Expert
11-9033.00,"Education Administrators, Postsecondary",1.B.1.b,Investigative,OI,Occupational Interests,3.83,02/2026,Machine Learning/Expert
11-9033.00,"Education Administrators, Postsecondary",1.B.1.c,Artistic,OI,Occupational Interests,2.81,02/2026,Machine Learning/Expert
11-9033.00,"Education Administrators, Postsecondary",1.B.1.d,Social,OI,Occupational Interests,5.64,02/2026,Machine Learning/Expert
11-9033.00,"Education Administrators, Postsecondary",1.B.1.e,Enterprising,OI,Occupational Interests,5.30,02/2026,Machine Learning/Expert
11-9033.00,"Education Administrators, Postsecondary",1.B.1.f,Conventional,OI,Occupational Interests,4.91,02/2026,Machine Learning/Expert
11-9033.00,"Education Administrators, Postsecondary",1.B.1.g,First Interest High-Point,IH,Occupational Interest High-Point,4.00,02/2026,Machine Learning/Expert
11-9033.00,"Education Administrators, Postsecondary",1.B.1.h,Second Interest High-Point,IH,Occupational Interest High-Point,5.00,02/2026,Machine Learning/Expert
11-9033.00,"Education Administrators, Postsecondary",1.B.1.i,Third Interest High-Point,IH,Occupational Interest High-Point,6.00,02/2026,Machine Learning/Expert
11-9041.00,Architectural and Engineering Managers,1.B.1.a,Realistic,OI,Occupational Interests,2.99,02/2026,Machine Learning/Expert
11-9041.00,Architectural and Engineering Managers,1.B.1.b,Investigative,OI,Occupational Interests,4.56,02/2026,Machine Learning/Expert
11-9041.00,Architectural and Engineering Managers,1.B.1.c,Artistic,OI,Occupational Interests,2.64,02/2026,Machine Learning/Expert
11-9041.00,Architectural and Engineering Managers,1.B.1.d,Social,OI,Occupational Interests,2.95,02/2026,Machine Learning/Expert
11-9041.00,Architectural and Engineering Managers,1.B.1.e,Enterprising,OI,Occupational Interests,6.40,02/2026,Machine Learning/Expert
11-9041.00,Architectural and Engineering Managers,1.B.1.f,Conventional,OI,Occupational Interests,4.43,02/2026,Machine Learning/Expert
11-9041.00,Architectural and Engineering Managers,1.B.1.g,First Interest High-Point,IH,Occupational Interest High-Point,5.00,02/2026,Machine Learning/Expert
11-9041.00,Architectural and Engineering Managers,1.B.1.h,Second Interest High-Point,IH,Occupational Interest High-Point,2.00,02/2026,Machine Learning/Expert
11-9041.00,Architectural and Engineering Managers,1.B.1.i,Third Interest High-Point,IH,Occupational Interest High-Point,6.00,02/2026,Machine Learning/Expert
11-9041.01,Biofuels/Biodiesel Technology and Product Development Managers,1.B.1.a,Realistic,OI,Occupational Interests,4.16,11/2023,Machine Learning
11-9041.01,Biofuels/Biodiesel Technology and Product Development Managers,1.B.1.b,Investigative,OI,Occupational Interests,5.84,11/2023,Machine Learning
11-9041.01,Biofuels/Biodiesel Technology and Product Development Managers,1.B.1.c,Artistic,OI,Occupational Interests,2.11,11/2023,Machine Learning
11-9041.01,Biofuels/Biodiesel Technology and Product Development Managers,1.B.1.d,Social,OI,Occupational Interests,2.10,11/2023,Machine Learning
11-9041.01,Biofuels/Biodiesel Technology and Product Development Managers,1.B.1.e,Enterprising,OI,Occupational Interests,4.70,11/2023,Machine Learning
11-9041.01,Biofuels/Biodiesel Technology and Product Development Managers,1.B.1.f,Conventional,OI,Occupational Interests,3.51,11/2023,Machine Learning
11-9041.01,Biofuels/Biodiesel Technology and Product Development Managers,1.B.1.g,First Interest High-Point,IH,Occupational Interest High-Point,2.00,11/2023,Machine Learning
11-9041.01,Biofuels/Biodiesel Technology and Product Development Managers,1.B.1.h,Second Interest High-Point,IH,Occupational Interest High-Point,5.00,11/2023,Machine Learning
11-9041.01,Biofuels/Biodiesel Technology and Product Development Managers,1.B.1.i,Third Interest High-Point,IH,Occupational Interest High-Point,1.00,11/2023,Machine Learning
11-9051.00,Food Service Managers,1.B.1.a,Realistic,OI,Occupational Interests,4.16,02/2026,Machine Learning/Expert
11-9051.00,Food Service Managers,1.B.1.b,Investigative,OI,Occupational Interests,1.96,02/2026,Machine Learning/Expert
11-9051.00,Food Service Managers,1.B.1.c,Artistic,OI,Occupational Interests,1.63,02/2026,Machine Learning/Expert
11-9051.00,Food Service Managers,1.B.1.d,Social,OI,Occupational Interests,3.53,02/2026,Machine Learning/Expert
11-9051.00,Food Service Managers,1.B.1.e,Enterprising,OI,Occupational Interests,5.97,02/2026,Machine Learning/Expert
11-9051.00,Food Service Managers,1.B.1.f,Conventional,OI,Occupational Interests,5.06,02/2026,Machine Learning/Expert
11-9051.00,Food Service Managers,1.B.1.g,First Interest High-Point,IH,Occupational Interest High-Point,5.00,02/2026,Machine Learning/Expert
11-9051.00,Food Service Managers,1.B.1.h,Second Interest High-Point,IH,Occupational Interest High-Point,6.00,02/2026,Machine Learning/Expert
11-9051.00,Food Service Managers,1.B.1.i,Third Interest High-Point,IH,Occupational Interest High-Point,1.00,02/2026,Machine Learning/Expert
11-9071.00,Gambling Managers,1.B.1.a,Realistic,OI,Occupational Interests,2.80,02/2026,Machine Learning/Expert
11-9071.00,Gambling Managers,1.B.1.b,Investigative,OI,Occupational Interests,1.35,02/2026,Machine Learning/Expert
11-9071.00,Gambling Managers,1.B.1.c,Artistic,OI,Occupational Interests,1.09,02/2026,Machine Learning/Expert
11-9071.00,Gambling Managers,1.B.1.d,Social,OI,Occupational Interests,2.86,02/2026,Machine Learning/Expert
11-9071.00,Gambling Managers,1.B.1.e,Enterprising,OI,Occupational Interests,6.74,02/2026,Machine Learning/Expert
11-9071.00,Gambling Managers,1.B.1.f,Conventional,OI,Occupational Interests,5.46,02/2026,Machine Learning/Expert
11-9071.00,Gambling Managers,1.B.1.g,First Interest High-Point,IH,Occupational Interest High-Point,5.00,02/2026,Machine Learning/Expert
11-9071.00,Gambling Managers,1.B.1.h,Second Interest High-Point,IH,Occupational Interest High-Point,6.00,02/2026,Machine Learning/Expert
11-9071.00,Gambling Managers,1.B.1.i,Third Interest High-Point,IH,Occupational Interest High-Point,0.00,02/2026,Machine Learning/Expert
11-9072.00,"Entertainment and Recreation Managers, Except Gambling",1.B.1.a,Realistic,OI,Occupational Interests,3.35,02/2026,Machine Learning/Expert
11-9072.00,"Entertainment and Recreation Managers, Except Gambling",1.B.1.b,Investigative,OI,Occupational Interests,1.96,02/2026,Machine Learning/Expert
11-9072.00,"Entertainment and Recreation Managers, Except Gambling",1.B.1.c,Artistic,OI,Occupational Interests,1.98,02/2026,Machine Learning/Expert
11-9072.00,"Entertainment and Recreation Managers, Except Gambling",1.B.1.d,Social,OI,Occupational Interests,3.93,02/2026,Machine Learning/Expert
11-9072.00,"Entertainment and Recreation Managers, Except Gambling",1.B.1.e,Enterprising,OI,Occupational Interests,6.25,02/2026,Machine Learning/Expert
11-9072.00,"Entertainment and Recreation Managers, Except Gambling",1.B.1.f,Conventional,OI,Occupational Interests,5.04,02/2026,Machine Learning/Expert
11-9072.00,"Entertainment and Recreation Managers, Except Gambling",1.B.1.g,First Interest High-Point,IH,Occupational Interest High-Point,5.00,02/2026,Machine Learning/Expert
11-9072.00,"Entertainment and Recreation Managers, Except Gambling",1.B.1.h,Second Interest High-Point,IH,Occupational Interest High-Point,6.00,02/2026,Machine Learning/Expert
11-9072.00,"Entertainment and Recreation Managers, Except Gambling",1.B.1.i,Third Interest High-Point,IH,Occupational Interest High-Point,4.00,02/2026,Machine Learning/Expert
11-9081.00,Lodging Managers,1.B.1.a,Realistic,OI,Occupational Interests,2.69,02/2026,Machine Learning/Expert
11-9081.00,Lodging Managers,1.B.1.b,Investigative,OI,Occupational Interests,1.10,02/2026,Machine Learning/Expert
11-9081.00,Lodging Managers,1.B.1.c,Artistic,OI,Occupational Interests,1.43,02/2026,Machine Learning/Expert
11-9081.00,Lodging Managers,1.B.1.d,Social,OI,Occupational Interests,4.31,02/2026,Machine Learning/Expert
11-9081.00,Lodging Managers,1.B.1.e,Enterprising,OI,Occupational Interests,6.21,02/2026,Machine Learning/Expert
11-9081.00,Lodging Managers,1.B.1.f,Conventional,OI,Occupational Interests,5.22,02/2026,Machine Learning/Expert
11-9081.00,Lodging Managers,1.B.1.g,First Interest High-Point,IH,Occupational Interest High-Point,5.00,02/2026,Machine Learning/Expert
11-9081.00,Lodging Managers,1.B.1.h,Second Interest High-Point,IH,Occupational Interest High-Point,6.00,02/2026,Machine Learning/Expert
11-9081.00,Lodging Managers,1.B.1.i,Third Interest High-Point,IH,Occupational Interest High-Point,4.00,02/2026,Machine Learning/Expert
11-9111.00,Medical and Health Services Managers,1.B.1.a,Realistic,OI,Occupational Interests,2.05,02/2026,Machine Learning/Expert
11-9111.00,Medical and Health Services Managers,1.B.1.b,Investigative,OI,Occupational Interests,3.75,02/2026,Machine Learning/Expert
11-9111.00,Medical and Health Services Managers,1.B.1.c,Artistic,OI,Occupational Interests,1.45,02/2026,Machine Learning/Expert
11-9111.00,Medical and Health Services Managers,1.B.1.d,Social,OI,Occupational Interests,4.40,02/2026,Machine Learning/Expert
11-9111.00,Medical and Health Services Managers,1.B.1.e,Enterprising,OI,Occupational Interests,5.95,02/2026,Machine Learning/Expert
11-9111.00,Medical and Health Services Managers,1.B.1.f,Conventional,OI,Occupational Interests,5.17,02/2026,Machine Learning/Expert
11-9111.00,Medical and Health Services Managers,1.B.1.g,First Interest High-Point,IH,Occupational Interest High-Point,5.00,02/2026,Machine Learning/Expert
11-9111.00,Medical and Health Services Managers,1.B.1.h,Second Interest High-Point,IH,Occupational Interest High-Point,6.00,02/2026,Machine Learning/Expert
11-9111.00,Medical and Health Services Managers,1.B.1.i,Third Interest High-Point,IH,Occupational Interest High-Point,4.00,02/2026,Machine Learning/Expert
11-9121.00,Natural Sciences Managers,1.B.1.a,Realistic,OI,Occupational Interests,2.74,02/2026,Machine Learning/Expert
11-9121.00,Natural Sciences Managers,1.B.1.b,Investigative,OI,Occupational Interests,5.87,02/2026,Machine Learning/Expert
11-9121.00,Natural Sciences Managers,1.B.1.c,Artistic,OI,Occupational Interests,2.44,02/2026,Machine Learning/Expert
11-9121.00,Natural Sciences Managers,1.B.1.d,Social,OI,Occupational Interests,3.09,02/2026,Machine Learning/Expert
11-9121.00,Natural Sciences Managers,1.B.1.e,Enterprising,OI,Occupational Interests,5.60,02/2026,Machine Learning/Expert
11-9121.00,Natural Sciences Managers,1.B.1.f,Conventional,OI,Occupational Interests,4.22,02/2026,Machine Learning/Expert
11-9121.00,Natural Sciences Managers,1.B.1.g,First Interest High-Point,IH,Occupational Interest High-Point,2.00,02/2026,Machine Learning/Expert
11-9121.00,Natural Sciences Managers,1.B.1.h,Second Interest High-Point,IH,Occupational Interest High-Point,5.00,02/2026,Machine Learning/Expert
11-9121.00,Natural Sciences Managers,1.B.1.i,Third Interest High-Point,IH,Occupational Interest High-Point,6.00,02/2026,Machine Learning/Expert
11-9121.01,Clinical Research Coordinators,1.B.1.a,Realistic,OI,Occupational Interests,1.58,02/2026,Machine Learning/Expert
11-9121.01,Clinical Research Coordinators,1.B.1.b,Investigative,OI,Occupational Interests,5.90,02/2026,Machine Learning/Expert
11-9121.01,Clinical Research Coordinators,1.B.1.c,Artistic,OI,Occupational Interests,1.76,02/2026,Machine Learning/Expert
11-9121.01,Clinical Research Coordinators,1.B.1.d,Social,OI,Occupational Interests,3.58,02/2026,Machine Learning/Expert
11-9121.01,Clinical Research Coordinators,1.B.1.e,Enterprising,OI,Occupational Interests,4.31,02/2026,Machine Learning/Expert
11-9121.01,Clinical Research Coordinators,1.B.1.f,Conventional,OI,Occupational Interests,4.81,02/2026,Machine Learning/Expert
11-9121.01,Clinical Research Coordinators,1.B.1.g,First Interest High-Point,IH,Occupational Interest High-Point,2.00,02/2026,Machine Learning/Expert
11-9121.01,Clinical Research Coordinators,1.B.1.h,Second Interest High-Point,IH,Occupational Interest High-Point,6.00,02/2026,Machine Learning/Expert
11-9121.01,Clinical Research Coordinators,1.B.1.i,Third Interest High-Point,IH,Occupational Interest High-Point,5.00,02/2026,Machine Learning/Expert
11-9121.02,Water Resource Specialists,1.B.1.a,Realistic,OI,Occupational Interests,4.45,11/2023,Machine Learning
11-9121.02,Water Resource Specialists,1.B.1.b,Investigative,OI,Occupational Interests,5.80,11/2023,Machine Learning
11-9121.02,Water Resource Specialists,1.B.1.c,Artistic,OI,Occupational Interests,1.78,11/2023,Machine Learning
11-9121.02,Water Resource Specialists,1.B.1.d,Social,OI,Occupational Interests,2.58,11/2023,Machine Learning
11-9121.02,Water Resource Specialists,1.B.1.e,Enterprising,OI,Occupational Interests,3.53,11/2023,Machine Learning
11-9121.02,Water Resource Specialists,1.B.1.f,Conventional,OI,Occupational Interests,4.17,11/2023,Machine Learning
11-9121.02,Water Resource Specialists,1.B.1.g,First Interest High-Point,IH,Occupational Interest High-Point,2.00,11/2023,Machine Learning
11-9121.02,Water Resource Specialists,1.B.1.h,Second Interest High-Point,IH,Occupational Interest High-Point,1.00,11/2023,Machine Learning
11-9121.02,Water Resource Specialists,1.B.1.i,Third Interest High-Point,IH,Occupational Interest High-Point,6.00,11/2023,Machine Learning
11-9131.00,Postmasters and Mail Superintendents,1.B.1.a,Realistic,OI,Occupational Interests,2.14,02/2026,Machine Learning/Expert
11-9131.00,Postmasters and Mail Superintendents,1.B.1.b,Investigative,OI,Occupational Interests,1.30,02/2026,Machine Learning/Expert
11-9131.00,Postmasters and Mail Superintendents,1.B.1.c,Artistic,OI,Occupational Interests,1.17,02/2026,Machine Learning/Expert
11-9131.00,Postmasters and Mail Superintendents,1.B.1.d,Social,OI,Occupational Interests,3.35,02/2026,Machine Learning/Expert
11-9131.00,Postmasters and Mail Superintendents,1.B.1.e,Enterprising,OI,Occupational Interests,6.00,02/2026,Machine Learning/Expert
11-9131.00,Postmasters and Mail Superintendents,1.B.1.f,Conventional,OI,Occupational Interests,5.69,02/2026,Machine Learning/Expert
11-9131.00,Postmasters and Mail Superintendents,1.B.1.g,First Interest High-Point,IH,Occupational Interest High-Point,5.00,02/2026,Machine Learning/Expert
11-9131.00,Postmasters and Mail Superintendents,1.B.1.h,Second Interest High-Point,IH,Occupational Interest High-Point,6.00,02/2026,Machine Learning/Expert
11-9131.00,Postmasters and Mail Superintendents,1.B.1.i,Third Interest High-Point,IH,Occupational Interest High-Point,4.00,02/2026,Machine Learning/Expert
11-9141.00,"Property, Real Estate, and Community Association Managers",1.B.1.a,Realistic,OI,Occupational Interests,3.28,02/2026,Machine Learning/Expert
11-9141.00,"Property, Real Estate, and Community Association Managers",1.B.1.b,Investigative,OI,Occupational Interests,2.11,02/2026,Machine Learning/Expert
11-9141.00,"Property, Real Estate, and Community Association Managers",1.B.1.c,Artistic,OI,Occupational Interests,1.69,02/2026,Machine Learning/Expert
11-9141.00,"Property, Real Estate, and Community Association Managers",1.B.1.d,Social,OI,Occupational Interests,3.53,02/2026,Machine Learning/Expert
11-9141.00,"Property, Real Estate, and Community Association Managers",1.B.1.e,Enterprising,OI,Occupational Interests,6.67,02/2026,Machine Learning/Expert
11-9141.00,"Property, Real Estate, and Community Association Managers",1.B.1.f,Conventional,OI,Occupational Interests,5.26,02/2026,Machine Learning/Expert
11-9141.00,"Property, Real Estate, and Community Association Managers",1.B.1.g,First Interest High-Point,IH,Occupational Interest High-Point,5.00,02/2026,Machine Learning/Expert
11-9141.00,"Property, Real Estate, and Community Association Managers",1.B.1.h,Second Interest High-Point,IH,Occupational Interest High-Point,6.00,02/2026,Machine Learning/Expert
11-9141.00,"Property, Real Estate, and Community Association Managers",1.B.1.i,Third Interest High-Point,IH,Occupational Interest High-Point,0.00,02/2026,Machine Learning/Expert
11-9151.00,Social and Community Service Managers,1.B.1.a,Realistic,OI,Occupational Interests,1.00,02/2026,Machine Learning/Expert
11-9151.00,Social and Community Service Managers,1.B.1.b,Investigative,OI,Occupational Interests,2.17,02/2026,Machine Learning/Expert
11-9151.00,Social and Community Service Managers,1.B.1.c,Artistic,OI,Occupational Interests,2.43,02/2026,Machine Learning/Expert
11-9151.00,Social and Community Service Managers,1.B.1.d,Social,OI,Occupational Interests,5.43,02/2026,Machine Learning/Expert
11-9151.00,Social and Community Service Managers,1.B.1.e,Enterprising,OI,Occupational Interests,6.97,02/2026,Machine Learning/Expert
11-9151.00,Social and Community Service Managers,1.B.1.f,Conventional,OI,Occupational Interests,4.21,02/2026,Machine Learning/Expert
11-9151.00,Social and Community Service Managers,1.B.1.g,First Interest High-Point,IH,Occupational Interest High-Point,5.00,02/2026,Machine Learning/Expert
11-9151.00,Social and Community Service Managers,1.B.1.h,Second Interest High-Point,IH,Occupational Interest High-Point,4.00,02/2026,Machine Learning/Expert
11-9151.00,Social and Community Service Managers,1.B.1.i,Third Interest High-Point,IH,Occupational Interest High-Point,6.00,02/2026,Machine Learning/Expert
11-9161.00,Emergency Management Directors,1.B.1.a,Realistic,OI,Occupational Interests,3.53,02/2026,Machine Learning/Expert
11-9161.00,Emergency Management Directors,1.B.1.b,Investigative,OI,Occupational Interests,4.49,02/2026,Machine Learning/Expert
11-9161.00,Emergency Management Directors,1.B.1.c,Artistic,OI,Occupational Interests,1.82,02/2026,Machine Learning/Expert
11-9161.00,Emergency Management Directors,1.B.1.d,Social,OI,Occupational Interests,4.01,02/2026,Machine Learning/Expert
11-9161.00,Emergency Management Directors,1.B.1.e,Enterprising,OI,Occupational Interests,5.07,02/2026,Machine Learning/Expert
11-9161.00,Emergency Management Directors,1.B.1.f,Conventional,OI,Occupational Interests,4.69,02/2026,Machine Learning/Expert
11-9161.00,Emergency Management Directors,1.B.1.g,First Interest High-Point,IH,Occupational Interest High-Point,5.00,02/2026,Machine Learning/Expert
11-9161.00,Emergency Management Directors,1.B.1.h,Second Interest High-Point,IH,Occupational Interest High-Point,6.00,02/2026,Machine Learning/Expert
11-9161.00,Emergency Management Directors,1.B.1.i,Third Interest High-Point,IH,Occupational Interest High-Point,2.00,02/2026,Machine Learning/Expert
11-9171.00,Funeral Home Managers,1.B.1.a,Realistic,OI,Occupational Interests,2.81,02/2026,Machine Learning/Expert
11-9171.00,Funeral Home Managers,1.B.1.b,Investigative,OI,Occupational Interests,2.32,02/2026,Machine Learning/Expert
11-9171.00,Funeral Home Managers,1.B.1.c,Artistic,OI,Occupational Interests,1.89,02/2026,Machine Learning/Expert
11-9171.00,Funeral Home Managers,1.B.1.d,Social,OI,Occupational Interests,4.35,02/2026,Machine Learning/Expert
11-9171.00,Funeral Home Managers,1.B.1.e,Enterprising,OI,Occupational Interests,6.38,02/2026,Machine Learning/Expert
11-9171.00,Funeral Home Managers,1.B.1.f,Conventional,OI,Occupational Interests,4.56,02/2026,Machine Learning/Expert
11-9171.00,Funeral Home Managers,1.B.1.g,First Interest High-Point,IH,Occupational Interest High-Point,5.00,02/2026,Machine Learning/Expert
11-9171.00,Funeral Home Managers,1.B.1.h,Second Interest High-Point,IH,Occupational Interest High-Point,6.00,02/2026,Machine Learning/Expert
11-9171.00,Funeral Home Managers,1.B.1.i,Third Interest High-Point,IH,Occupational Interest High-Point,4.00,02/2026,Machine Learning/Expert
11-9179.01,Fitness and Wellness Coordinators,1.B.1.a,Realistic,OI,Occupational Interests,3.21,02/2026,Machine Learning/Expert
11-9179.01,Fitness and Wellness Coordinators,1.B.1.b,Investigative,OI,Occupational Interests,2.69,02/2026,Machine Learning/Expert
11-9179.01,Fitness and Wellness Coordinators,1.B.1.c,Artistic,OI,Occupational Interests,2.14,02/2026,Machine Learning/Expert
11-9179.01,Fitness and Wellness Coordinators,1.B.1.d,Social,OI,Occupational Interests,5.58,02/2026,Machine Learning/Expert
11-9179.01,Fitness and Wellness Coordinators,1.B.1.e,Enterprising,OI,Occupational Interests,5.42,02/2026,Machine Learning/Expert
11-9179.01,Fitness and Wellness Coordinators,1.B.1.f,Conventional,OI,Occupational Interests,3.65,02/2026,Machine Learning/Expert
11-9179.01,Fitness and Wellness Coordinators,1.B.1.g,First Interest High-Point,IH,Occupational Interest High-Point,4.00,02/2026,Machine Learning/Expert
11-9179.01,Fitness and Wellness Coordinators,1.B.1.h,Second Interest High-Point,IH,Occupational Interest High-Point,5.00,02/2026,Machine Learning/Expert
11-9179.01,Fitness and Wellness Coordinators,1.B.1.i,Third Interest High-Point,IH,Occupational Interest High-Point,0.00,02/2026,Machine Learning/Expert
11-9179.02,Spa Managers,1.B.1.a,Realistic,OI,Occupational Interests,2.50,02/2026,Machine Learning/Expert
11-9179.02,Spa Managers,1.B.1.b,Investigative,OI,Occupational Interests,1.31,02/2026,Machine Learning/Expert
11-9179.02,Spa Managers,1.B.1.c,Artistic,OI,Occupational Interests,1.84,02/2026,Machine Learning/Expert
11-9179.02,Spa Managers,1.B.1.d,Social,OI,Occupational Interests,4.19,02/2026,Machine Learning/Expert
11-9179.02,Spa Managers,1.B.1.e,Enterprising,OI,Occupational Interests,7.00,02/2026,Machine Learning/Expert
11-9179.02,Spa Managers,1.B.1.f,Conventional,OI,Occupational Interests,4.91,02/2026,Machine Learning/Expert
11-9179.02,Spa Managers,1.B.1.g,First Interest High-Point,IH,Occupational Interest High-Point,5.00,02/2026,Machine Learning/Expert
11-9179.02,Spa Managers,1.B.1.h,Second Interest High-Point,IH,Occupational Interest High-Point,6.00,02/2026,Machine Learning/Expert
11-9179.02,Spa Managers,1.B.1.i,Third Interest High-Point,IH,Occupational Interest High-Point,4.00,02/2026,Machine Learning/Expert
11-9199.01,Regulatory Affairs Managers,1.B.1.a,Realistic,OI,Occupational Interests,1.93,02/2026,Machine Learning/Expert
11-9199.01,Regulatory Affairs Managers,1.B.1.b,Investigative,OI,Occupational Interests,2.99,02/2026,Machine Learning/Expert
11-9199.01,Regulatory Affairs Managers,1.B.1.c,Artistic,OI,Occupational Interests,1.34,02/2026,Machine Learning/Expert
11-9199.01,Regulatory Affairs Managers,1.B.1.d,Social,OI,Occupational Interests,2.65,02/2026,Machine Learning/Expert
11-9199.01,Regulatory Affairs Managers,1.B.1.e,Enterprising,OI,Occupational Interests,6.55,02/2026,Machine Learning/Expert
11-9199.01,Regulatory Affairs Managers,1.B.1.f,Conventional,OI,Occupational Interests,5.67,02/2026,Machine Learning/Expert
11-9199.01,Regulatory Affairs Managers,1.B.1.g,First Interest High-Point,IH,Occupational Interest High-Point,5.00,02/2026,Machine Learning/Expert
11-9199.01,Regulatory Affairs Managers,1.B.1.h,Second Interest High-Point,IH,Occupational Interest High-Point,6.00,02/2026,Machine Learning/Expert
11-9199.01,Regulatory Affairs Managers,1.B.1.i,Third Interest High-Point,IH,Occupational Interest High-Point,0.00,02/2026,Machine Learning/Expert
11-9199.02,Compliance Managers,1.B.1.a,Realistic,OI,Occupational Interests,1.92,11/2023,Machine Learning
11-9199.02,Compliance Managers,1.B.1.b,Investigative,OI,Occupational Interests,2.98,11/2023,Machine Learning
11-9199.02,Compliance Managers,1.B.1.c,Artistic,OI,Occupational Interests,1.00,11/2023,Machine Learning
11-9199.02,Compliance Managers,1.B.1.d,Social,OI,Occupational Interests,3.10,11/2023,Machine Learning
11-9199.02,Compliance Managers,1.B.1.e,Enterprising,OI,Occupational Interests,5.93,11/2023,Machine Learning
11-9199.02,Compliance Managers,1.B.1.f,Conventional,OI,Occupational Interests,6.30,11/2023,Machine Learning
11-9199.02,Compliance Managers,1.B.1.g,First Interest High-Point,IH,Occupational Interest High-Point,6.00,11/2023,Machine Learning
11-9199.02,Compliance Managers,1.B.1.h,Second Interest High-Point,IH,Occupational Interest High-Point,5.00,11/2023,Machine Learning
11-9199.02,Compliance Managers,1.B.1.i,Third Interest High-Point,IH,Occupational Interest High-Point,0.00,11/2023,Machine Learning
11-9199.08,Loss Prevention Managers,1.B.1.a,Realistic,OI,Occupational Interests,3.43,02/2026,Machine Learning/Expert
11-9199.08,Loss Prevention Managers,1.B.1.b,Investigative,OI,Occupational Interests,3.62,02/2026,Machine Learning/Expert
11-9199.08,Loss Prevention Managers,1.B.1.c,Artistic,OI,Occupational Interests,1.00,02/2026,Machine Learning/Expert
11-9199.08,Loss Prevention Managers,1.B.1.d,Social,OI,Occupational Interests,2.85,02/2026,Machine Learning/Expert
11-9199.08,Loss Prevention Managers,1.B.1.e,Enterprising,OI,Occupational Interests,5.62,02/2026,Machine Learning/Expert
11-9199.08,Loss Prevention Managers,1.B.1.f,Conventional,OI,Occupational Interests,5.85,02/2026,Machine Learning/Expert
11-9199.08,Loss Prevention Managers,1.B.1.g,First Interest High-Point,IH,Occupational Interest High-Point,6.00,02/2026,Machine Learning/Expert
11-9199.08,Loss Prevention Managers,1.B.1.h,Second Interest High-Point,IH,Occupational Interest High-Point,5.00,02/2026,Machine Learning/Expert
11-9199.08,Loss Prevention Managers,1.B.1.i,Third Interest High-Point,IH,Occupational Interest High-Point,0.00,02/2026,Machine Learning/Expert
11-9199.09,Wind Energy Operations Managers,1.B.1.a,Realistic,OI,Occupational Interests,4.16,11/2023,Machine Learning
11-9199.09,Wind Energy Operations Managers,1.B.1.b,Investigative,OI,Occupational Interests,3.04,11/2023,Machine Learning
11-9199.09,Wind Energy Operations Managers,1.B.1.c,Artistic,OI,Occupational Interests,1.00,11/2023,Machine Learning
11-9199.09,Wind Energy Operations Managers,1.B.1.d,Social,OI,Occupational Interests,2.34,11/2023,Machine Learning
11-9199.09,Wind Energy Operations Managers,1.B.1.e,Enterprising,OI,Occupational Interests,6.47,11/2023,Machine Learning
11-9199.09,Wind Energy Operations Managers,1.B.1.f,Conventional,OI,Occupational Interests,5.24,11/2023,Machine Learning
11-9199.09,Wind Energy Operations Managers,1.B.1.g,First Interest High-Point,IH,Occupational Interest High-Point,5.00,11/2023,Machine Learning
11-9199.09,Wind Energy Operations Managers,1.B.1.h,Second Interest High-Point,IH,Occupational Interest High-Point,6.00,11/2023,Machine Learning
11-9199.09,Wind Energy Operations Managers,1.B.1.i,Third Interest High-Point,IH,Occupational Interest High-Point,1.00,11/2023,Machine Learning
11-9199.10,Wind Energy Development Managers,1.B.1.a,Realistic,OI,Occupational Interests,3.44,11/2023,Machine Learning
11-9199.10,Wind Energy Development Managers,1.B.1.b,Investigative,OI,Occupational Interests,3.86,11/2023,Machine Learning
11-9199.10,Wind Energy Development Managers,1.B.1.c,Artistic,OI,Occupational Interests,1.66,11/2023,Machine Learning
11-9199.10,Wind Energy Development Managers,1.B.1.d,Social,OI,Occupational Interests,2.38,11/2023,Machine Learning
11-9199.10,Wind Energy Development Managers,1.B.1.e,Enterprising,OI,Occupational Interests,6.71,11/2023,Machine Learning
11-9199.10,Wind Energy Development Managers,1.B.1.f,Conventional,OI,Occupational Interests,4.82,11/2023,Machine Learning
11-9199.10,Wind Energy Development Managers,1.B.1.g,First Interest High-Point,IH,Occupational Interest High-Point,5.00,11/2023,Machine Learning
11-9199.10,Wind Energy Development Managers,1.B.1.h,Second Interest High-Point,IH,Occupational Interest High-Point,6.00,11/2023,Machine Learning
11-9199.10,Wind Energy Development Managers,1.B.1.i,Third Interest High-Point,IH,Occupational Interest High-Point,0.00,11/2023,Machine Learning
11-9199.11,Brownfield Redevelopment Specialists and Site Managers,1.B.1.a,Realistic,OI,Occupational Interests,4.49,11/2023,Machine Learning
11-9199.11,Brownfield Redevelopment Specialists and Site Managers,1.B.1.b,Investigative,OI,Occupational Interests,4.31,11/2023,Machine Learning
11-9199.11,Brownfield Redevelopment Specialists and Site Managers,1.B.1.c,Artistic,OI,Occupational Interests,1.46,11/2023,Machine Learning
11-9199.11,Brownfield Redevelopment Specialists and Site Managers,1.B.1.d,Social,OI,Occupational Interests,2.03,11/2023,Machine Learning
11-9199.11,Brownfield Redevelopment Specialists and Site Managers,1.B.1.e,Enterprising,OI,Occupational Interests,4.54,11/2023,Machine Learning
11-9199.11,Brownfield Redevelopment Specialists and Site Managers,1.B.1.f,Conventional,OI,Occupational Interests,4.69,11/2023,Machine Learning
11-9199.11,Brownfield Redevelopment Specialists and Site Managers,1.B.1.g,First Interest High-Point,IH,Occupational Interest High-Point,6.00,11/2023,Machine Learning
11-9199.11,Brownfield Redevelopment Specialists and Site Managers,1.B.1.h,Second Interest High-Point,IH,Occupational Interest High-Point,5.00,11/2023,Machine Learning
11-9199.11,Brownfield Redevelopment Specialists and Site Managers,1.B.1.i,Third Interest High-Point,IH,Occupational Interest High-Point,1.00,11/2023,Machine Learning
13-1011.00,"Agents and Business Managers of Artists, Performers, and Athletes",1.B.1.a,Realistic,OI,Occupational Interests,1.00,02/2026,Machine Learning/Expert
13-1011.00,"Agents and Business Managers of Artists, Performers, and Athletes",1.B.1.b,Investigative,OI,Occupational Interests,1.76,02/2026,Machine Learning/Expert
13-1011.00,"Agents and Business Managers of Artists, Performers, and Athletes",1.B.1.c,Artistic,OI,Occupational Interests,3.55,02/2026,Machine Learning/Expert
13-1011.00,"Agents and Business Managers of Artists, Performers, and Athletes",1.B.1.d,Social,OI,Occupational Interests,4.14,02/2026,Machine Learning/Expert
13-1011.00,"Agents and Business Managers of Artists, Performers, and Athletes",1.B.1.e,Enterprising,OI,Occupational Interests,6.48,02/2026,Machine Learning/Expert
13-1011.00,"Agents and Business Managers of Artists, Performers, and Athletes",1.B.1.f,Conventional,OI,Occupational Interests,3.73,02/2026,Machine Learning/Expert
13-1011.00,"Agents and Business Managers of Artists, Performers, and Athletes",1.B.1.g,First Interest High-Point,IH,Occupational Interest High-Point,5.00,02/2026,Machine Learning/Expert
13-1011.00,"Agents and Business Managers of Artists, Performers, and Athletes",1.B.1.h,Second Interest High-Point,IH,Occupational Interest High-Point,4.00,02/2026,Machine Learning/Expert
13-1011.00,"Agents and Business Managers of Artists, Performers, and Athletes",1.B.1.i,Third Interest High-Point,IH,Occupational Interest High-Point,6.00,02/2026,Machine Learning/Expert
13-1021.00,"Buyers and Purchasing Agents, Farm Products",1.B.1.a,Realistic,OI,Occupational Interests,4.56,02/2026,Machine Learning/Expert
13-1021.00,"Buyers and Purchasing Agents, Farm Products",1.B.1.b,Investigative,OI,Occupational Interests,1.85,02/2026,Machine Learning/Expert
13-1021.00,"Buyers and Purchasing Agents, Farm Products",1.B.1.c,Artistic,OI,Occupational Interests,1.08,02/2026,Machine Learning/Expert
13-1021.00,"Buyers and Purchasing Agents, Farm Products",1.B.1.d,Social,OI,Occupational Interests,1.74,02/2026,Machine Learning/Expert
13-1021.00,"Buyers and Purchasing Agents, Farm Products",1.B.1.e,Enterprising,OI,Occupational Interests,4.91,02/2026,Machine Learning/Expert
13-1021.00,"Buyers and Purchasing Agents, Farm Products",1.B.1.f,Conventional,OI,Occupational Interests,4.80,02/2026,Machine Learning/Expert
13-1021.00,"Buyers and Purchasing Agents, Farm Products",1.B.1.g,First Interest High-Point,IH,Occupational Interest High-Point,5.00,02/2026,Machine Learning/Expert
13-1021.00,"Buyers and Purchasing Agents, Farm Products",1.B.1.h,Second Interest High-Point,IH,Occupational Interest High-Point,6.00,02/2026,Machine Learning/Expert
13-1021.00,"Buyers and Purchasing Agents, Farm Products",1.B.1.i,Third Interest High-Point,IH,Occupational Interest High-Point,1.00,02/2026,Machine Learning/Expert
13-1022.00,"Wholesale and Retail Buyers, Except Farm Products",1.B.1.a,Realistic,OI,Occupational Interests,3.37,02/2026,Machine Learning/Expert
13-1022.00,"Wholesale and Retail Buyers, Except Farm Products",1.B.1.b,Investigative,OI,Occupational Interests,1.92,02/2026,Machine Learning/Expert
13-1022.00,"Wholesale and Retail Buyers, Except Farm Products",1.B.1.c,Artistic,OI,Occupational Interests,1.56,02/2026,Machine Learning/Expert
13-1022.00,"Wholesale and Retail Buyers, Except Farm Products",1.B.1.d,Social,OI,Occupational Interests,2.45,02/2026,Machine Learning/Expert
13-1022.00,"Wholesale and Retail Buyers, Except Farm Products",1.B.1.e,Enterprising,OI,Occupational Interests,5.23,02/2026,Machine Learning/Expert
13-1022.00,"Wholesale and Retail Buyers, Except Farm Products",1.B.1.f,Conventional,OI,Occupational Interests,5.17,02/2026,Machine Learning/Expert
13-1022.00,"Wholesale and Retail Buyers, Except Farm Products",1.B.1.g,First Interest High-Point,IH,Occupational Interest High-Point,5.00,02/2026,Machine Learning/Expert
13-1022.00,"Wholesale and Retail Buyers, Except Farm Products",1.B.1.h,Second Interest High-Point,IH,Occupational Interest High-Point,6.00,02/2026,Machine Learning/Expert
13-1022.00,"Wholesale and Retail Buyers, Except Farm Products",1.B.1.i,Third Interest High-Point,IH,Occupational Interest High-Point,1.00,02/2026,Machine Learning/Expert
13-1023.00,"Purchasing Agents, Except Wholesale, Retail, and Farm Products",1.B.1.a,Realistic,OI,Occupational Interests,3.50,02/2026,Machine Learning/Expert
13-1023.00,"Purchasing Agents, Except Wholesale, Retail, and Farm Products",1.B.1.b,Investigative,OI,Occupational Interests,1.82,02/2026,Machine Learning/Expert
13-1023.00,"Purchasing Agents, Except Wholesale, Retail, and Farm Products",1.B.1.c,Artistic,OI,Occupational Interests,1.19,02/2026,Machine Learning/Expert
13-1023.00,"Purchasing Agents, Except Wholesale, Retail, and Farm Products",1.B.1.d,Social,OI,Occupational Interests,1.93,02/2026,Machine Learning/Expert
13-1023.00,"Purchasing Agents, Except Wholesale, Retail, and Farm Products",1.B.1.e,Enterprising,OI,Occupational Interests,5.09,02/2026,Machine Learning/Expert
13-1023.00,"Purchasing Agents, Except Wholesale, Retail, and Farm Products",1.B.1.f,Conventional,OI,Occupational Interests,5.65,02/2026,Machine Learning/Expert
13-1023.00,"Purchasing Agents, Except Wholesale, Retail, and Farm Products",1.B.1.g,First Interest High-Point,IH,Occupational Interest High-Point,6.00,02/2026,Machine Learning/Expert
13-1023.00,"Purchasing Agents, Except Wholesale, Retail, and Farm Products",1.B.1.h,Second Interest High-Point,IH,Occupational Interest High-Point,5.00,02/2026,Machine Learning/Expert
13-1023.00,"Purchasing Agents, Except Wholesale, Retail, and Farm Products",1.B.1.i,Third Interest High-Point,IH,Occupational Interest High-Point,1.00,02/2026,Machine Learning/Expert
13-1031.00,"Claims Adjusters, Examiners, and Investigators",1.B.1.a,Realistic,OI,Occupational Interests,1.23,02/2026,Machine Learning/Expert
13-1031.00,"Claims Adjusters, Examiners, and Investigators",1.B.1.b,Investigative,OI,Occupational Interests,3.53,02/2026,Machine Learning/Expert
13-1031.00,"Claims Adjusters, Examiners, and Investigators",1.B.1.c,Artistic,OI,Occupational Interests,1.00,02/2026,Machine Learning/Expert
13-1031.00,"Claims Adjusters, Examiners, and Investigators",1.B.1.d,Social,OI,Occupational Interests,2.61,02/2026,Machine Learning/Expert
13-1031.00,"Claims Adjusters, Examiners, and Investigators",1.B.1.e,Enterprising,OI,Occupational Interests,4.77,02/2026,Machine Learning/Expert
13-1031.00,"Claims Adjusters, Examiners, and Investigators",1.B.1.f,Conventional,OI,Occupational Interests,6.23,02/2026,Machine Learning/Expert
13-1031.00,"Claims Adjusters, Examiners, and Investigators",1.B.1.g,First Interest High-Point,IH,Occupational Interest High-Point,6.00,02/2026,Machine Learning/Expert
13-1031.00,"Claims Adjusters, Examiners, and Investigators",1.B.1.h,Second Interest High-Point,IH,Occupational Interest High-Point,5.00,02/2026,Machine Learning/Expert
13-1031.00,"Claims Adjusters, Examiners, and Investigators",1.B.1.i,Third Interest High-Point,IH,Occupational Interest High-Point,2.00,02/2026,Machine Learning/Expert
13-1032.00,"Insurance Appraisers, Auto Damage",1.B.1.a,Realistic,OI,Occupational Interests,5.17,02/2026,Machine Learning/Expert
13-1032.00,"Insurance Appraisers, Auto Damage",1.B.1.b,Investigative,OI,Occupational Interests,3.04,02/2026,Machine Learning/Expert
13-1032.00,"Insurance Appraisers, Auto Damage",1.B.1.c,Artistic,OI,Occupational Interests,1.16,02/2026,Machine Learning/Expert
13-1032.00,"Insurance Appraisers, Auto Damage",1.B.1.d,Social,OI,Occupational Interests,1.64,02/2026,Machine Learning/Expert
13-1032.00,"Insurance Appraisers, Auto Damage",1.B.1.e,Enterprising,OI,Occupational Interests,3.54,02/2026,Machine Learning/Expert
13-1032.00,"Insurance Appraisers, Auto Damage",1.B.1.f,Conventional,OI,Occupational Interests,5.44,02/2026,Machine Learning/Expert
13-1032.00,"Insurance Appraisers, Auto Damage",1.B.1.g,First Interest High-Point,IH,Occupational Interest High-Point,6.00,02/2026,Machine Learning/Expert
13-1032.00,"Insurance Appraisers, Auto Damage",1.B.1.h,Second Interest High-Point,IH,Occupational Interest High-Point,1.00,02/2026,Machine Learning/Expert
13-1032.00,"Insurance Appraisers, Auto Damage",1.B.1.i,Third Interest High-Point,IH,Occupational Interest High-Point,5.00,02/2026,Machine Learning/Expert
13-1041.00,Compliance Officers,1.B.1.a,Realistic,OI,Occupational Interests,2.51,02/2026,Machine Learning/Expert
13-1041.00,Compliance Officers,1.B.1.b,Investigative,OI,Occupational Interests,3.07,02/2026,Machine Learning/Expert
13-1041.00,Compliance Officers,1.B.1.c,Artistic,OI,Occupational Interests,1.00,02/2026,Machine Learning/Expert
13-1041.00,Compliance Officers,1.B.1.d,Social,OI,Occupational Interests,2.97,02/2026,Machine Learning/Expert
13-1041.00,Compliance Officers,1.B.1.e,Enterprising,OI,Occupational Interests,4.08,02/2026,Machine Learning/Expert
13-1041.00,Compliance Officers,1.B.1.f,Conventional,OI,Occupational Interests,6.33,02/2026,Machine Learning/Expert
13-1041.00,Compliance Officers,1.B.1.g,First Interest High-Point,IH,Occupational Interest High-Point,6.00,02/2026,Machine Learning/Expert
13-1041.00,Compliance Officers,1.B.1.h,Second Interest High-Point,IH,Occupational Interest High-Point,5.00,02/2026,Machine Learning/Expert
13-1041.00,Compliance Officers,1.B.1.i,Third Interest High-Point,IH,Occupational Interest High-Point,0.00,02/2026,Machine Learning/Expert
13-1041.01,Environmental Compliance Inspectors,1.B.1.a,Realistic,OI,Occupational Interests,4.57,11/2023,Machine Learning
13-1041.01,Environmental Compliance Inspectors,1.B.1.b,Investigative,OI,Occupational Interests,4.77,11/2023,Machine Learning
13-1041.01,Environmental Compliance Inspectors,1.B.1.c,Artistic,OI,Occupational Interests,1.05,11/2023,Machine Learning
13-1041.01,Environmental Compliance Inspectors,1.B.1.d,Social,OI,Occupational Interests,2.35,11/2023,Machine Learning
13-1041.01,Environmental Compliance Inspectors,1.B.1.e,Enterprising,OI,Occupational Interests,3.21,11/2023,Machine Learning
13-1041.01,Environmental Compliance Inspectors,1.B.1.f,Conventional,OI,Occupational Interests,5.84,11/2023,Machine Learning
13-1041.01,Environmental Compliance Inspectors,1.B.1.g,First Interest High-Point,IH,Occupational Interest High-Point,6.00,11/2023,Machine Learning
13-1041.01,Environmental Compliance Inspectors,1.B.1.h,Second Interest High-Point,IH,Occupational Interest High-Point,2.00,11/2023,Machine Learning
13-1041.01,Environmental Compliance Inspectors,1.B.1.i,Third Interest High-Point,IH,Occupational Interest High-Point,1.00,11/2023,Machine Learning
13-1041.03,Equal Opportunity Representatives and Officers,1.B.1.a,Realistic,OI,Occupational Interests,1.23,11/2023,Machine Learning
13-1041.03,Equal Opportunity Representatives and Officers,1.B.1.b,Investigative,OI,Occupational Interests,3.01,11/2023,Machine Learning
13-1041.03,Equal Opportunity Representatives and Officers,1.B.1.c,Artistic,OI,Occupational Interests,1.73,11/2023,Machine Learning
13-1041.03,Equal Opportunity Representatives and Officers,1.B.1.d,Social,OI,Occupational Interests,4.24,11/2023,Machine Learning
13-1041.03,Equal Opportunity Representatives and Officers,1.B.1.e,Enterprising,OI,Occupational Interests,5.37,11/2023,Machine Learning
13-1041.03,Equal Opportunity Representatives and Officers,1.B.1.f,Conventional,OI,Occupational Interests,5.21,11/2023,Machine Learning
13-1041.03,Equal Opportunity Representatives and Officers,1.B.1.g,First Interest High-Point,IH,Occupational Interest High-Point,5.00,11/2023,Machine Learning
13-1041.03,Equal Opportunity Representatives and Officers,1.B.1.h,Second Interest High-Point,IH,Occupational Interest High-Point,6.00,11/2023,Machine Learning
13-1041.03,Equal Opportunity Representatives and Officers,1.B.1.i,Third Interest High-Point,IH,Occupational Interest High-Point,4.00,11/2023,Machine Learning
13-1041.04,Government Property Inspectors and Investigators,1.B.1.a,Realistic,OI,Occupational Interests,3.09,11/2023,Machine Learning
13-1041.04,Government Property Inspectors and Investigators,1.B.1.b,Investigative,OI,Occupational Interests,3.32,11/2023,Machine Learning
13-1041.04,Government Property Inspectors and Investigators,1.B.1.c,Artistic,OI,Occupational Interests,1.00,11/2023,Machine Learning
13-1041.04,Government Property Inspectors and Investigators,1.B.1.d,Social,OI,Occupational Interests,2.41,11/2023,Machine Learning
13-1041.04,Government Property Inspectors and Investigators,1.B.1.e,Enterprising,OI,Occupational Interests,4.20,11/2023,Machine Learning
13-1041.04,Government Property Inspectors and Investigators,1.B.1.f,Conventional,OI,Occupational Interests,6.26,11/2023,Machine Learning
13-1041.04,Government Property Inspectors and Investigators,1.B.1.g,First Interest High-Point,IH,Occupational Interest High-Point,6.00,11/2023,Machine Learning
13-1041.04,Government Property Inspectors and Investigators,1.B.1.h,Second Interest High-Point,IH,Occupational Interest High-Point,5.00,11/2023,Machine Learning
13-1041.04,Government Property Inspectors and Investigators,1.B.1.i,Third Interest High-Point,IH,Occupational Interest High-Point,0.00,11/2023,Machine Learning
13-1041.06,Coroners,1.B.1.a,Realistic,OI,Occupational Interests,4.04,02/2026,Machine Learning/Expert
13-1041.06,Coroners,1.B.1.b,Investigative,OI,Occupational Interests,4.94,02/2026,Machine Learning/Expert
13-1041.06,Coroners,1.B.1.c,Artistic,OI,Occupational Interests,1.50,02/2026,Machine Learning/Expert
13-1041.06,Coroners,1.B.1.d,Social,OI,Occupational Interests,3.10,02/2026,Machine Learning/Expert
13-1041.06,Coroners,1.B.1.e,Enterprising,OI,Occupational Interests,4.09,02/2026,Machine Learning/Expert
13-1041.06,Coroners,1.B.1.f,Conventional,OI,Occupational Interests,4.86,02/2026,Machine Learning/Expert
13-1041.06,Coroners,1.B.1.g,First Interest High-Point,IH,Occupational Interest High-Point,2.00,02/2026,Machine Learning/Expert
13-1041.06,Coroners,1.B.1.h,Second Interest High-Point,IH,Occupational Interest High-Point,6.00,02/2026,Machine Learning/Expert
13-1041.06,Coroners,1.B.1.i,Third Interest High-Point,IH,Occupational Interest High-Point,5.00,02/2026,Machine Learning/Expert
13-1041.07,Regulatory Affairs Specialists,1.B.1.a,Realistic,OI,Occupational Interests,1.40,02/2026,Machine Learning/Expert
13-1041.07,Regulatory Affairs Specialists,1.B.1.b,Investigative,OI,Occupational Interests,3.32,02/2026,Machine Learning/Expert
13-1041.07,Regulatory Affairs Specialists,1.B.1.c,Artistic,OI,Occupational Interests,1.00,02/2026,Machine Learning/Expert
13-1041.07,Regulatory Affairs Specialists,1.B.1.d,Social,OI,Occupational Interests,2.50,02/2026,Machine Learning/Expert
13-1041.07,Regulatory Affairs Specialists,1.B.1.e,Enterprising,OI,Occupational Interests,4.46,02/2026,Machine Learning/Expert
13-1041.07,Regulatory Affairs Specialists,1.B.1.f,Conventional,OI,Occupational Interests,6.32,02/2026,Machine Learning/Expert
13-1041.07,Regulatory Affairs Specialists,1.B.1.g,First Interest High-Point,IH,Occupational Interest High-Point,6.00,02/2026,Machine Learning/Expert
13-1041.07,Regulatory Affairs Specialists,1.B.1.h,Second Interest High-Point,IH,Occupational Interest High-Point,5.00,02/2026,Machine Learning/Expert
13-1041.07,Regulatory Affairs Specialists,1.B.1.i,Third Interest High-Point,IH,Occupational Interest High-Point,2.00,02/2026,Machine Learning/Expert
13-1041.08,Customs Brokers,1.B.1.a,Realistic,OI,Occupational Interests,2.37,02/2026,Machine Learning/Expert
13-1041.08,Customs Brokers,1.B.1.b,Investigative,OI,Occupational Interests,1.53,02/2026,Machine Learning/Expert
13-1041.08,Customs Brokers,1.B.1.c,Artistic,OI,Occupational Interests,1.00,02/2026,Machine Learning/Expert
13-1041.08,Customs Brokers,1.B.1.d,Social,OI,Occupational Interests,2.17,02/2026,Machine Learning/Expert
13-1041.08,Customs Brokers,1.B.1.e,Enterprising,OI,Occupational Interests,5.02,02/2026,Machine Learning/Expert
13-1041.08,Customs Brokers,1.B.1.f,Conventional,OI,Occupational Interests,6.13,02/2026,Machine Learning/Expert
13-1041.08,Customs Brokers,1.B.1.g,First Interest High-Point,IH,Occupational Interest High-Point,6.00,02/2026,Machine Learning/Expert
13-1041.08,Customs Brokers,1.B.1.h,Second Interest High-Point,IH,Occupational Interest High-Point,5.00,02/2026,Machine Learning/Expert
13-1041.08,Customs Brokers,1.B.1.i,Third Interest High-Point,IH,Occupational Interest High-Point,0.00,02/2026,Machine Learning/Expert
13-1051.00,Cost Estimators,1.B.1.a,Realistic,OI,Occupational Interests,3.01,02/2026,Machine Learning/Expert
13-1051.00,Cost Estimators,1.B.1.b,Investigative,OI,Occupational Interests,3.18,02/2026,Machine Learning/Expert
13-1051.00,Cost Estimators,1.B.1.c,Artistic,OI,Occupational Interests,1.12,02/2026,Machine Learning/Expert
13-1051.00,Cost Estimators,1.B.1.d,Social,OI,Occupational Interests,1.66,02/2026,Machine Learning/Expert
13-1051.00,Cost Estimators,1.B.1.e,Enterprising,OI,Occupational Interests,4.65,02/2026,Machine Learning/Expert
13-1051.00,Cost Estimators,1.B.1.f,Conventional,OI,Occupational Interests,6.44,02/2026,Machine Learning/Expert
13-1051.00,Cost Estimators,1.B.1.g,First Interest High-Point,IH,Occupational Interest High-Point,6.00,02/2026,Machine Learning/Expert
13-1051.00,Cost Estimators,1.B.1.h,Second Interest High-Point,IH,Occupational Interest High-Point,5.00,02/2026,Machine Learning/Expert
13-1051.00,Cost Estimators,1.B.1.i,Third Interest High-Point,IH,Occupational Interest High-Point,0.00,02/2026,Machine Learning/Expert
13-1071.00,Human Resources Specialists,1.B.1.a,Realistic,OI,Occupational Interests,1.03,02/2026,Machine Learning/Expert
13-1071.00,Human Resources Specialists,1.B.1.b,Investigative,OI,Occupational Interests,2.52,02/2026,Machine Learning/Expert
13-1071.00,Human Resources Specialists,1.B.1.c,Artistic,OI,Occupational Interests,1.35,02/2026,Machine Learning/Expert
13-1071.00,Human Resources Specialists,1.B.1.d,Social,OI,Occupational Interests,3.78,02/2026,Machine Learning/Expert
13-1071.00,Human Resources Specialists,1.B.1.e,Enterprising,OI,Occupational Interests,5.67,02/2026,Machine Learning/Expert
13-1071.00,Human Resources Specialists,1.B.1.f,Conventional,OI,Occupational Interests,5.52,02/2026,Machine Learning/Expert
13-1071.00,Human Resources Specialists,1.B.1.g,First Interest High-Point,IH,Occupational Interest High-Point,5.00,02/2026,Machine Learning/Expert
13-1071.00,Human Resources Specialists,1.B.1.h,Second Interest High-Point,IH,Occupational Interest High-Point,6.00,02/2026,Machine Learning/Expert
13-1071.00,Human Resources Specialists,1.B.1.i,Third Interest High-Point,IH,Occupational Interest High-Point,4.00,02/2026,Machine Learning/Expert
13-1074.00,Farm Labor Contractors,1.B.1.a,Realistic,OI,Occupational Interests,4.85,11/2023,Machine Learning
13-1074.00,Farm Labor Contractors,1.B.1.b,Investigative,OI,Occupational Interests,1.54,11/2023,Machine Learning
13-1074.00,Farm Labor Contractors,1.B.1.c,Artistic,OI,Occupational Interests,1.00,11/2023,Machine Learning
13-1074.00,Farm Labor Contractors,1.B.1.d,Social,OI,Occupational Interests,3.24,11/2023,Machine Learning
13-1074.00,Farm Labor Contractors,1.B.1.e,Enterprising,OI,Occupational Interests,4.99,11/2023,Machine Learning
13-1074.00,Farm Labor Contractors,1.B.1.f,Conventional,OI,Occupational Interests,4.39,11/2023,Machine Learning
13-1074.00,Farm Labor Contractors,1.B.1.g,First Interest High-Point,IH,Occupational Interest High-Point,5.00,11/2023,Machine Learning
13-1074.00,Farm Labor Contractors,1.B.1.h,Second Interest High-Point,IH,Occupational Interest High-Point,1.00,11/2023,Machine Learning
13-1074.00,Farm Labor Contractors,1.B.1.i,Third Interest High-Point,IH,Occupational Interest High-Point,6.00,11/2023,Machine Learning
13-1075.00,Labor Relations Specialists,1.B.1.a,Realistic,OI,Occupational Interests,1.31,02/2026,Machine Learning/Expert
13-1075.00,Labor Relations Specialists,1.B.1.b,Investigative,OI,Occupational Interests,3.10,02/2026,Machine Learning/Expert
13-1075.00,Labor Relations Specialists,1.B.1.c,Artistic,OI,Occupational Interests,1.71,02/2026,Machine Learning/Expert
13-1075.00,Labor Relations Specialists,1.B.1.d,Social,OI,Occupational Interests,3.72,02/2026,Machine Learning/Expert
13-1075.00,Labor Relations Specialists,1.B.1.e,Enterprising,OI,Occupational Interests,5.65,02/2026,Machine Learning/Expert
13-1075.00,Labor Relations Specialists,1.B.1.f,Conventional,OI,Occupational Interests,4.61,02/2026,Machine Learning/Expert
13-1075.00,Labor Relations Specialists,1.B.1.g,First Interest High-Point,IH,Occupational Interest High-Point,5.00,02/2026,Machine Learning/Expert
13-1075.00,Labor Relations Specialists,1.B.1.h,Second Interest High-Point,IH,Occupational Interest High-Point,6.00,02/2026,Machine Learning/Expert
13-1075.00,Labor Relations Specialists,1.B.1.i,Third Interest High-Point,IH,Occupational Interest High-Point,4.00,02/2026,Machine Learning/Expert
13-1081.00,Logisticians,1.B.1.a,Realistic,OI,Occupational Interests,2.35,02/2026,Machine Learning/Expert
13-1081.00,Logisticians,1.B.1.b,Investigative,OI,Occupational Interests,3.81,02/2026,Machine Learning/Expert
13-1081.00,Logisticians,1.B.1.c,Artistic,OI,Occupational Interests,1.10,02/2026,Machine Learning/Expert
13-1081.00,Logisticians,1.B.1.d,Social,OI,Occupational Interests,2.33,02/2026,Machine Learning/Expert
13-1081.00,Logisticians,1.B.1.e,Enterprising,OI,Occupational Interests,5.02,02/2026,Machine Learning/Expert
13-1081.00,Logisticians,1.B.1.f,Conventional,OI,Occupational Interests,5.44,02/2026,Machine Learning/Expert
13-1081.00,Logisticians,1.B.1.g,First Interest High-Point,IH,Occupational Interest High-Point,6.00,02/2026,Machine Learning/Expert
13-1081.00,Logisticians,1.B.1.h,Second Interest High-Point,IH,Occupational Interest High-Point,5.00,02/2026,Machine Learning/Expert
13-1081.00,Logisticians,1.B.1.i,Third Interest High-Point,IH,Occupational Interest High-Point,2.00,02/2026,Machine Learning/Expert
13-1081.01,Logistics Engineers,1.B.1.a,Realistic,OI,Occupational Interests,4.02,02/2026,Machine Learning/Expert
13-1081.01,Logistics Engineers,1.B.1.b,Investigative,OI,Occupational Interests,5.22,02/2026,Machine Learning/Expert
13-1081.01,Logistics Engineers,1.B.1.c,Artistic,OI,Occupational Interests,1.07,02/2026,Machine Learning/Expert
13-1081.01,Logistics Engineers,1.B.1.d,Social,OI,Occupational Interests,1.31,02/2026,Machine Learning/Expert
13-1081.01,Logistics Engineers,1.B.1.e,Enterprising,OI,Occupational Interests,3.76,02/2026,Machine Learning/Expert
13-1081.01,Logistics Engineers,1.B.1.f,Conventional,OI,Occupational Interests,5.67,02/2026,Machine Learning/Expert
13-1081.01,Logistics Engineers,1.B.1.g,First Interest High-Point,IH,Occupational Interest High-Point,6.00,02/2026,Machine Learning/Expert
13-1081.01,Logistics Engineers,1.B.1.h,Second Interest High-Point,IH,Occupational Interest High-Point,2.00,02/2026,Machine Learning/Expert
13-1081.01,Logistics Engineers,1.B.1.i,Third Interest High-Point,IH,Occupational Interest High-Point,1.00,02/2026,Machine Learning/Expert
13-1081.02,Logistics Analysts,1.B.1.a,Realistic,OI,Occupational Interests,2.88,02/2026,Machine Learning/Expert
13-1081.02,Logistics Analysts,1.B.1.b,Investigative,OI,Occupational Interests,4.04,02/2026,Machine Learning/Expert
13-1081.02,Logistics Analysts,1.B.1.c,Artistic,OI,Occupational Interests,1.00,02/2026,Machine Learning/Expert
13-1081.02,Logistics Analysts,1.B.1.d,Social,OI,Occupational Interests,1.52,02/2026,Machine Learning/Expert
13-1081.02,Logistics Analysts,1.B.1.e,Enterprising,OI,Occupational Interests,4.47,02/2026,Machine Learning/Expert
13-1081.02,Logistics Analysts,1.B.1.f,Conventional,OI,Occupational Interests,6.79,02/2026,Machine Learning/Expert
13-1081.02,Logistics Analysts,1.B.1.g,First Interest High-Point,IH,Occupational Interest High-Point,6.00,02/2026,Machine Learning/Expert
13-1081.02,Logistics Analysts,1.B.1.h,Second Interest High-Point,IH,Occupational Interest High-Point,5.00,02/2026,Machine Learning/Expert
13-1081.02,Logistics Analysts,1.B.1.i,Third Interest High-Point,IH,Occupational Interest High-Point,2.00,02/2026,Machine Learning/Expert
13-1082.00,Project Management Specialists,1.B.1.a,Realistic,OI,Occupational Interests,1.48,02/2026,Machine Learning/Expert
13-1082.00,Project Management Specialists,1.B.1.b,Investigative,OI,Occupational Interests,2.75,02/2026,Machine Learning/Expert
13-1082.00,Project Management Specialists,1.B.1.c,Artistic,OI,Occupational Interests,1.57,02/2026,Machine Learning/Expert
13-1082.00,Project Management Specialists,1.B.1.d,Social,OI,Occupational Interests,3.32,02/2026,Machine Learning/Expert
13-1082.00,Project Management Specialists,1.B.1.e,Enterprising,OI,Occupational Interests,6.30,02/2026,Machine Learning/Expert
13-1082.00,Project Management Specialists,1.B.1.f,Conventional,OI,Occupational Interests,5.55,02/2026,Machine Learning/Expert
13-1082.00,Project Management Specialists,1.B.1.g,First Interest High-Point,IH,Occupational Interest High-Point,5.00,02/2026,Machine Learning/Expert
13-1082.00,Project Management Specialists,1.B.1.h,Second Interest High-Point,IH,Occupational Interest High-Point,6.00,02/2026,Machine Learning/Expert
13-1082.00,Project Management Specialists,1.B.1.i,Third Interest High-Point,IH,Occupational Interest High-Point,0.00,02/2026,Machine Learning/Expert
13-1111.00,Management Analysts,1.B.1.a,Realistic,OI,Occupational Interests,1.37,02/2026,Machine Learning/Expert
13-1111.00,Management Analysts,1.B.1.b,Investigative,OI,Occupational Interests,5.44,02/2026,Machine Learning/Expert
13-1111.00,Management Analysts,1.B.1.c,Artistic,OI,Occupational Interests,1.63,02/2026,Machine Learning/Expert
13-1111.00,Management Analysts,1.B.1.d,Social,OI,Occupational Interests,2.82,02/2026,Machine Learning/Expert
13-1111.00,Management Analysts,1.B.1.e,Enterprising,OI,Occupational Interests,4.81,02/2026,Machine Learning/Expert
13-1111.00,Management Analysts,1.B.1.f,Conventional,OI,Occupational Interests,6.05,02/2026,Machine Learning/Expert
13-1111.00,Management Analysts,1.B.1.g,First Interest High-Point,IH,Occupational Interest High-Point,6.00,02/2026,Machine Learning/Expert
13-1111.00,Management Analysts,1.B.1.h,Second Interest High-Point,IH,Occupational Interest High-Point,2.00,02/2026,Machine Learning/Expert
13-1111.00,Management Analysts,1.B.1.i,Third Interest High-Point,IH,Occupational Interest High-Point,5.00,02/2026,Machine Learning/Expert
13-1121.00,"Meeting, Convention, and Event Planners",1.B.1.a,Realistic,OI,Occupational Interests,1.00,02/2026,Machine Learning/Expert
13-1121.00,"Meeting, Convention, and Event Planners",1.B.1.b,Investigative,OI,Occupational Interests,1.56,02/2026,Machine Learning/Expert
13-1121.00,"Meeting, Convention, and Event Planners",1.B.1.c,Artistic,OI,Occupational Interests,2.49,02/2026,Machine Learning/Expert
13-1121.00,"Meeting, Convention, and Event Planners",1.B.1.d,Social,OI,Occupational Interests,4.56,02/2026,Machine Learning/Expert
13-1121.00,"Meeting, Convention, and Event Planners",1.B.1.e,Enterprising,OI,Occupational Interests,7.00,02/2026,Machine Learning/Expert
13-1121.00,"Meeting, Convention, and Event Planners",1.B.1.f,Conventional,OI,Occupational Interests,4.96,02/2026,Machine Learning/Expert
13-1121.00,"Meeting, Convention, and Event Planners",1.B.1.g,First Interest High-Point,IH,Occupational Interest High-Point,5.00,02/2026,Machine Learning/Expert
13-1121.00,"Meeting, Convention, and Event Planners",1.B.1.h,Second Interest High-Point,IH,Occupational Interest High-Point,6.00,02/2026,Machine Learning/Expert
13-1121.00,"Meeting, Convention, and Event Planners",1.B.1.i,Third Interest High-Point,IH,Occupational Interest High-Point,4.00,02/2026,Machine Learning/Expert
13-1131.00,Fundraisers,1.B.1.a,Realistic,OI,Occupational Interests,1.00,02/2026,Machine Learning/Expert
13-1131.00,Fundraisers,1.B.1.b,Investigative,OI,Occupational Interests,2.02,02/2026,Machine Learning/Expert
13-1131.00,Fundraisers,1.B.1.c,Artistic,OI,Occupational Interests,3.22,02/2026,Machine Learning/Expert
13-1131.00,Fundraisers,1.B.1.d,Social,OI,Occupational Interests,4.23,02/2026,Machine Learning/Expert
13-1131.00,Fundraisers,1.B.1.e,Enterprising,OI,Occupational Interests,6.03,02/2026,Machine Learning/Expert
13-1131.00,Fundraisers,1.B.1.f,Conventional,OI,Occupational Interests,4.07,02/2026,Machine Learning/Expert
13-1131.00,Fundraisers,1.B.1.g,First Interest High-Point,IH,Occupational Interest High-Point,5.00,02/2026,Machine Learning/Expert
13-1131.00,Fundraisers,1.B.1.h,Second Interest High-Point,IH,Occupational Interest High-Point,4.00,02/2026,Machine Learning/Expert
13-1131.00,Fundraisers,1.B.1.i,Third Interest High-Point,IH,Occupational Interest High-Point,6.00,02/2026,Machine Learning/Expert
13-1141.00,"Compensation, Benefits, and Job Analysis Specialists",1.B.1.a,Realistic,OI,Occupational Interests,1.29,02/2026,Machine Learning/Expert
13-1141.00,"Compensation, Benefits, and Job Analysis Specialists",1.B.1.b,Investigative,OI,Occupational Interests,3.42,02/2026,Machine Learning/Expert
13-1141.00,"Compensation, Benefits, and Job Analysis Specialists",1.B.1.c,Artistic,OI,Occupational Interests,1.41,02/2026,Machine Learning/Expert
13-1141.00,"Compensation, Benefits, and Job Analysis Specialists",1.B.1.d,Social,OI,Occupational Interests,3.64,02/2026,Machine Learning/Expert
13-1141.00,"Compensation, Benefits, and Job Analysis Specialists",1.B.1.e,Enterprising,OI,Occupational Interests,5.38,02/2026,Machine Learning/Expert
13-1141.00,"Compensation, Benefits, and Job Analysis Specialists",1.B.1.f,Conventional,OI,Occupational Interests,5.80,02/2026,Machine Learning/Expert
13-1141.00,"Compensation, Benefits, and Job Analysis Specialists",1.B.1.g,First Interest High-Point,IH,Occupational Interest High-Point,6.00,02/2026,Machine Learning/Expert
13-1141.00,"Compensation, Benefits, and Job Analysis Specialists",1.B.1.h,Second Interest High-Point,IH,Occupational Interest High-Point,5.00,02/2026,Machine Learning/Expert
13-1141.00,"Compensation, Benefits, and Job Analysis Specialists",1.B.1.i,Third Interest High-Point,IH,Occupational Interest High-Point,4.00,02/2026,Machine Learning/Expert
13-1151.00,Training and Development Specialists,1.B.1.a,Realistic,OI,Occupational Interests,2.03,02/2026,Machine Learning/Expert
13-1151.00,Training and Development Specialists,1.B.1.b,Investigative,OI,Occupational Interests,4.03,02/2026,Machine Learning/Expert
13-1151.00,Training and Development Specialists,1.B.1.c,Artistic,OI,Occupational Interests,3.19,02/2026,Machine Learning/Expert
13-1151.00,Training and Development Specialists,1.B.1.d,Social,OI,Occupational Interests,5.64,02/2026,Machine Learning/Expert
13-1151.00,Training and Development Specialists,1.B.1.e,Enterprising,OI,Occupational Interests,3.68,02/2026,Machine Learning/Expert
13-1151.00,Training and Development Specialists,1.B.1.f,Conventional,OI,Occupational Interests,3.76,02/2026,Machine Learning/Expert
13-1151.00,Training and Development Specialists,1.B.1.g,First Interest High-Point,IH,Occupational Interest High-Point,4.00,02/2026,Machine Learning/Expert
13-1151.00,Training and Development Specialists,1.B.1.h,Second Interest High-Point,IH,Occupational Interest High-Point,2.00,02/2026,Machine Learning/Expert
13-1151.00,Training and Development Specialists,1.B.1.i,Third Interest High-Point,IH,Occupational Interest High-Point,0.00,02/2026,Machine Learning/Expert
13-1161.00,Market Research Analysts and Marketing Specialists,1.B.1.a,Realistic,OI,Occupational Interests,1.08,02/2026,Machine Learning/Expert
13-1161.00,Market Research Analysts and Marketing Specialists,1.B.1.b,Investigative,OI,Occupational Interests,4.60,02/2026,Machine Learning/Expert
13-1161.00,Market Research Analysts and Marketing Specialists,1.B.1.c,Artistic,OI,Occupational Interests,2.56,02/2026,Machine Learning/Expert
13-1161.00,Market Research Analysts and Marketing Specialists,1.B.1.d,Social,OI,Occupational Interests,2.47,02/2026,Machine Learning/Expert
13-1161.00,Market Research Analysts and Marketing Specialists,1.B.1.e,Enterprising,OI,Occupational Interests,5.52,02/2026,Machine Learning/Expert
13-1161.00,Market Research Analysts and Marketing Specialists,1.B.1.f,Conventional,OI,Occupational Interests,4.62,02/2026,Machine Learning/Expert
13-1161.00,Market Research Analysts and Marketing Specialists,1.B.1.g,First Interest High-Point,IH,Occupational Interest High-Point,5.00,02/2026,Machine Learning/Expert
13-1161.00,Market Research Analysts and Marketing Specialists,1.B.1.h,Second Interest High-Point,IH,Occupational Interest High-Point,6.00,02/2026,Machine Learning/Expert
13-1161.00,Market Research Analysts and Marketing Specialists,1.B.1.i,Third Interest High-Point,IH,Occupational Interest High-Point,2.00,02/2026,Machine Learning/Expert
13-1161.01,Search Marketing Strategists,1.B.1.a,Realistic,OI,Occupational Interests,1.00,02/2026,Machine Learning/Expert
13-1161.01,Search Marketing Strategists,1.B.1.b,Investigative,OI,Occupational Interests,3.78,02/2026,Machine Learning/Expert
13-1161.01,Search Marketing Strategists,1.B.1.c,Artistic,OI,Occupational Interests,3.23,02/2026,Machine Learning/Expert
13-1161.01,Search Marketing Strategists,1.B.1.d,Social,OI,Occupational Interests,2.76,02/2026,Machine Learning/Expert
13-1161.01,Search Marketing Strategists,1.B.1.e,Enterprising,OI,Occupational Interests,5.54,02/2026,Machine Learning/Expert
13-1161.01,Search Marketing Strategists,1.B.1.f,Conventional,OI,Occupational Interests,4.68,02/2026,Machine Learning/Expert
13-1161.01,Search Marketing Strategists,1.B.1.g,First Interest High-Point,IH,Occupational Interest High-Point,5.00,02/2026,Machine Learning/Expert
13-1161.01,Search Marketing Strategists,1.B.1.h,Second Interest High-Point,IH,Occupational Interest High-Point,6.00,02/2026,Machine Learning/Expert
13-1161.01,Search Marketing Strategists,1.B.1.i,Third Interest High-Point,IH,Occupational Interest High-Point,2.00,02/2026,Machine Learning/Expert
13-1199.04,Business Continuity Planners,1.B.1.a,Realistic,OI,Occupational Interests,2.00,02/2026,Machine Learning/Expert
13-1199.04,Business Continuity Planners,1.B.1.b,Investigative,OI,Occupational Interests,4.39,02/2026,Machine Learning/Expert
13-1199.04,Business Continuity Planners,1.B.1.c,Artistic,OI,Occupational Interests,1.66,02/2026,Machine Learning/Expert
13-1199.04,Business Continuity Planners,1.B.1.d,Social,OI,Occupational Interests,3.06,02/2026,Machine Learning/Expert
13-1199.04,Business Continuity Planners,1.B.1.e,Enterprising,OI,Occupational Interests,5.23,02/2026,Machine Learning/Expert
13-1199.04,Business Continuity Planners,1.B.1.f,Conventional,OI,Occupational Interests,5.06,02/2026,Machine Learning/Expert
13-1199.04,Business Continuity Planners,1.B.1.g,First Interest High-Point,IH,Occupational Interest High-Point,5.00,02/2026,Machine Learning/Expert
13-1199.04,Business Continuity Planners,1.B.1.h,Second Interest High-Point,IH,Occupational Interest High-Point,6.00,02/2026,Machine Learning/Expert
13-1199.04,Business Continuity Planners,1.B.1.i,Third Interest High-Point,IH,Occupational Interest High-Point,2.00,02/2026,Machine Learning/Expert
13-1199.05,Sustainability Specialists,1.B.1.a,Realistic,OI,Occupational Interests,2.06,11/2023,Machine Learning
13-1199.05,Sustainability Specialists,1.B.1.b,Investigative,OI,Occupational Interests,5.20,11/2023,Machine Learning
13-1199.05,Sustainability Specialists,1.B.1.c,Artistic,OI,Occupational Interests,2.50,11/2023,Machine Learning
13-1199.05,Sustainability Specialists,1.B.1.d,Social,OI,Occupational Interests,2.95,11/2023,Machine Learning
13-1199.05,Sustainability Specialists,1.B.1.e,Enterprising,OI,Occupational Interests,5.09,11/2023,Machine Learning
13-1199.05,Sustainability Specialists,1.B.1.f,Conventional,OI,Occupational Interests,4.41,11/2023,Machine Learning
13-1199.05,Sustainability Specialists,1.B.1.g,First Interest High-Point,IH,Occupational Interest High-Point,2.00,11/2023,Machine Learning
13-1199.05,Sustainability Specialists,1.B.1.h,Second Interest High-Point,IH,Occupational Interest High-Point,5.00,11/2023,Machine Learning
13-1199.05,Sustainability Specialists,1.B.1.i,Third Interest High-Point,IH,Occupational Interest High-Point,6.00,11/2023,Machine Learning
13-1199.06,Online Merchants,1.B.1.a,Realistic,OI,Occupational Interests,2.42,02/2026,Machine Learning/Expert
13-1199.06,Online Merchants,1.B.1.b,Investigative,OI,Occupational Interests,1.61,02/2026,Machine Learning/Expert
13-1199.06,Online Merchants,1.B.1.c,Artistic,OI,Occupational Interests,1.88,02/2026,Machine Learning/Expert
13-1199.06,Online Merchants,1.B.1.d,Social,OI,Occupational Interests,2.32,02/2026,Machine Learning/Expert
13-1199.06,Online Merchants,1.B.1.e,Enterprising,OI,Occupational Interests,5.78,02/2026,Machine Learning/Expert
13-1199.06,Online Merchants,1.B.1.f,Conventional,OI,Occupational Interests,5.97,02/2026,Machine Learning/Expert
13-1199.06,Online Merchants,1.B.1.g,First Interest High-Point,IH,Occupational Interest High-Point,6.00,02/2026,Machine Learning/Expert
13-1199.06,Online Merchants,1.B.1.h,Second Interest High-Point,IH,Occupational Interest High-Point,5.00,02/2026,Machine Learning/Expert
13-1199.06,Online Merchants,1.B.1.i,Third Interest High-Point,IH,Occupational Interest High-Point,0.00,02/2026,Machine Learning/Expert
13-1199.07,Security Management Specialists,1.B.1.a,Realistic,OI,Occupational Interests,3.86,02/2026,Machine Learning/Expert
13-1199.07,Security Management Specialists,1.B.1.b,Investigative,OI,Occupational Interests,5.09,02/2026,Machine Learning/Expert
13-1199.07,Security Management Specialists,1.B.1.c,Artistic,OI,Occupational Interests,1.68,02/2026,Machine Learning/Expert
13-1199.07,Security Management Specialists,1.B.1.d,Social,OI,Occupational Interests,1.96,02/2026,Machine Learning/Expert
13-1199.07,Security Management Specialists,1.B.1.e,Enterprising,OI,Occupational Interests,3.73,02/2026,Machine Learning/Expert
13-1199.07,Security Management Specialists,1.B.1.f,Conventional,OI,Occupational Interests,5.68,02/2026,Machine Learning/Expert
13-1199.07,Security Management Specialists,1.B.1.g,First Interest High-Point,IH,Occupational Interest High-Point,6.00,02/2026,Machine Learning/Expert
13-1199.07,Security Management Specialists,1.B.1.h,Second Interest High-Point,IH,Occupational Interest High-Point,2.00,02/2026,Machine Learning/Expert
13-1199.07,Security Management Specialists,1.B.1.i,Third Interest High-Point,IH,Occupational Interest High-Point,1.00,02/2026,Machine Learning/Expert
13-2011.00,Accountants and Auditors,1.B.1.a,Realistic,OI,Occupational Interests,1.14,02/2026,Machine Learning/Expert
13-2011.00,Accountants and Auditors,1.B.1.b,Investigative,OI,Occupational Interests,3.57,02/2026,Machine Learning/Expert
13-2011.00,Accountants and Auditors,1.B.1.c,Artistic,OI,Occupational Interests,1.08,02/2026,Machine Learning/Expert
13-2011.00,Accountants and Auditors,1.B.1.d,Social,OI,Occupational Interests,2.13,02/2026,Machine Learning/Expert
13-2011.00,Accountants and Auditors,1.B.1.e,Enterprising,OI,Occupational Interests,3.87,02/2026,Machine Learning/Expert
13-2011.00,Accountants and Auditors,1.B.1.f,Conventional,OI,Occupational Interests,7.00,02/2026,Machine Learning/Expert
13-2011.00,Accountants and Auditors,1.B.1.g,First Interest High-Point,IH,Occupational Interest High-Point,6.00,02/2026,Machine Learning/Expert
13-2011.00,Accountants and Auditors,1.B.1.h,Second Interest High-Point,IH,Occupational Interest High-Point,5.00,02/2026,Machine Learning/Expert
13-2011.00,Accountants and Auditors,1.B.1.i,Third Interest High-Point,IH,Occupational Interest High-Point,2.00,02/2026,Machine Learning/Expert
13-2022.00,Appraisers of Personal and Business Property,1.B.1.a,Realistic,OI,Occupational Interests,3.59,02/2026,Machine Learning/Expert
13-2022.00,Appraisers of Personal and Business Property,1.B.1.b,Investigative,OI,Occupational Interests,2.57,02/2026,Machine Learning/Expert
13-2022.00,Appraisers of Personal and Business Property,1.B.1.c,Artistic,OI,Occupational Interests,2.09,02/2026,Machine Learning/Expert
13-2022.00,Appraisers of Personal and Business Property,1.B.1.d,Social,OI,Occupational Interests,1.68,02/2026,Machine Learning/Expert
13-2022.00,Appraisers of Personal and Business Property,1.B.1.e,Enterprising,OI,Occupational Interests,4.65,02/2026,Machine Learning/Expert
13-2022.00,Appraisers of Personal and Business Property,1.B.1.f,Conventional,OI,Occupational Interests,6.00,02/2026,Machine Learning/Expert
13-2022.00,Appraisers of Personal and Business Property,1.B.1.g,First Interest High-Point,IH,Occupational Interest High-Point,6.00,02/2026,Machine Learning/Expert
13-2022.00,Appraisers of Personal and Business Property,1.B.1.h,Second Interest High-Point,IH,Occupational Interest High-Point,5.00,02/2026,Machine Learning/Expert
13-2022.00,Appraisers of Personal and Business Property,1.B.1.i,Third Interest High-Point,IH,Occupational Interest High-Point,1.00,02/2026,Machine Learning/Expert
13-2023.00,Appraisers and Assessors of Real Estate,1.B.1.a,Realistic,OI,Occupational Interests,2.70,02/2026,Machine Learning/Expert
13-2023.00,Appraisers and Assessors of Real Estate,1.B.1.b,Investigative,OI,Occupational Interests,2.85,02/2026,Machine Learning/Expert
13-2023.00,Appraisers and Assessors of Real Estate,1.B.1.c,Artistic,OI,Occupational Interests,1.61,02/2026,Machine Learning/Expert
13-2023.00,Appraisers and Assessors of Real Estate,1.B.1.d,Social,OI,Occupational Interests,2.63,02/2026,Machine Learning/Expert
13-2023.00,Appraisers and Assessors of Real Estate,1.B.1.e,Enterprising,OI,Occupational Interests,4.87,02/2026,Machine Learning/Expert
13-2023.00,Appraisers and Assessors of Real Estate,1.B.1.f,Conventional,OI,Occupational Interests,5.81,02/2026,Machine Learning/Expert
13-2023.00,Appraisers and Assessors of Real Estate,1.B.1.g,First Interest High-Point,IH,Occupational Interest High-Point,6.00,02/2026,Machine Learning/Expert
13-2023.00,Appraisers and Assessors of Real Estate,1.B.1.h,Second Interest High-Point,IH,Occupational Interest High-Point,5.00,02/2026,Machine Learning/Expert
13-2023.00,Appraisers and Assessors of Real Estate,1.B.1.i,Third Interest High-Point,IH,Occupational Interest High-Point,0.00,02/2026,Machine Learning/Expert
13-2031.00,Budget Analysts,1.B.1.a,Realistic,OI,Occupational Interests,1.00,02/2026,Machine Learning/Expert
13-2031.00,Budget Analysts,1.B.1.b,Investigative,OI,Occupational Interests,3.72,02/2026,Machine Learning/Expert
13-2031.00,Budget Analysts,1.B.1.c,Artistic,OI,Occupational Interests,1.58,02/2026,Machine Learning/Expert
13-2031.00,Budget Analysts,1.B.1.d,Social,OI,Occupational Interests,2.25,02/2026,Machine Learning/Expert
13-2031.00,Budget Analysts,1.B.1.e,Enterprising,OI,Occupational Interests,4.91,02/2026,Machine Learning/Expert
13-2031.00,Budget Analysts,1.B.1.f,Conventional,OI,Occupational Interests,7.00,02/2026,Machine Learning/Expert
13-2031.00,Budget Analysts,1.B.1.g,First Interest High-Point,IH,Occupational Interest High-Point,6.00,02/2026,Machine Learning/Expert
13-2031.00,Budget Analysts,1.B.1.h,Second Interest High-Point,IH,Occupational Interest High-Point,5.00,02/2026,Machine Learning/Expert
13-2031.00,Budget Analysts,1.B.1.i,Third Interest High-Point,IH,Occupational Interest High-Point,2.00,02/2026,Machine Learning/Expert
13-2041.00,Credit Analysts,1.B.1.a,Realistic,OI,Occupational Interests,1.00,02/2026,Machine Learning/Expert
13-2041.00,Credit Analysts,1.B.1.b,Investigative,OI,Occupational Interests,3.79,02/2026,Machine Learning/Expert
13-2041.00,Credit Analysts,1.B.1.c,Artistic,OI,Occupational Interests,1.00,02/2026,Machine Learning/Expert
13-2041.00,Credit Analysts,1.B.1.d,Social,OI,Occupational Interests,2.41,02/2026,Machine Learning/Expert
13-2041.00,Credit Analysts,1.B.1.e,Enterprising,OI,Occupational Interests,4.55,02/2026,Machine Learning/Expert
13-2041.00,Credit Analysts,1.B.1.f,Conventional,OI,Occupational Interests,6.85,02/2026,Machine Learning/Expert
13-2041.00,Credit Analysts,1.B.1.g,First Interest High-Point,IH,Occupational Interest High-Point,6.00,02/2026,Machine Learning/Expert
13-2041.00,Credit Analysts,1.B.1.h,Second Interest High-Point,IH,Occupational Interest High-Point,5.00,02/2026,Machine Learning/Expert
13-2041.00,Credit Analysts,1.B.1.i,Third Interest High-Point,IH,Occupational Interest High-Point,2.00,02/2026,Machine Learning/Expert
13-2051.00,Financial and Investment Analysts,1.B.1.a,Realistic,OI,Occupational Interests,1.00,11/2023,Machine Learning
13-2051.00,Financial and Investment Analysts,1.B.1.b,Investigative,OI,Occupational Interests,5.06,11/2023,Machine Learning
13-2051.00,Financial and Investment Analysts,1.B.1.c,Artistic,OI,Occupational Interests,1.78,11/2023,Machine Learning
13-2051.00,Financial and Investment Analysts,1.B.1.d,Social,OI,Occupational Interests,2.25,11/2023,Machine Learning
13-2051.00,Financial and Investment Analysts,1.B.1.e,Enterprising,OI,Occupational Interests,5.09,11/2023,Machine Learning
13-2051.00,Financial and Investment Analysts,1.B.1.f,Conventional,OI,Occupational Interests,5.54,11/2023,Machine Learning
13-2051.00,Financial and Investment Analysts,1.B.1.g,First Interest High-Point,IH,Occupational Interest High-Point,6.00,11/2023,Machine Learning
13-2051.00,Financial and Investment Analysts,1.B.1.h,Second Interest High-Point,IH,Occupational Interest High-Point,5.00,11/2023,Machine Learning
13-2051.00,Financial and Investment Analysts,1.B.1.i,Third Interest High-Point,IH,Occupational Interest High-Point,2.00,11/2023,Machine Learning
13-2052.00,Personal Financial Advisors,1.B.1.a,Realistic,OI,Occupational Interests,1.00,02/2026,Machine Learning/Expert
13-2052.00,Personal Financial Advisors,1.B.1.b,Investigative,OI,Occupational Interests,3.27,02/2026,Machine Learning/Expert
13-2052.00,Personal Financial Advisors,1.B.1.c,Artistic,OI,Occupational Interests,1.69,02/2026,Machine Learning/Expert
13-2052.00,Personal Financial Advisors,1.B.1.d,Social,OI,Occupational Interests,4.07,02/2026,Machine Learning/Expert
13-2052.00,Personal Financial Advisors,1.B.1.e,Enterprising,OI,Occupational Interests,5.85,02/2026,Machine Learning/Expert
13-2052.00,Personal Financial Advisors,1.B.1.f,Conventional,OI,Occupational Interests,5.61,02/2026,Machine Learning/Expert
13-2052.00,Personal Financial Advisors,1.B.1.g,First Interest High-Point,IH,Occupational Interest High-Point,5.00,02/2026,Machine Learning/Expert
13-2052.00,Personal Financial Advisors,1.B.1.h,Second Interest High-Point,IH,Occupational Interest High-Point,6.00,02/2026,Machine Learning/Expert
13-2052.00,Personal Financial Advisors,1.B.1.i,Third Interest High-Point,IH,Occupational Interest High-Point,4.00,02/2026,Machine Learning/Expert
13-2053.00,Insurance Underwriters,1.B.1.a,Realistic,OI,Occupational Interests,1.72,02/2026,Machine Learning/Expert
13-2053.00,Insurance Underwriters,1.B.1.b,Investigative,OI,Occupational Interests,3.64,02/2026,Machine Learning/Expert
13-2053.00,Insurance Underwriters,1.B.1.c,Artistic,OI,Occupational Interests,1.00,02/2026,Machine Learning/Expert
13-2053.00,Insurance Underwriters,1.B.1.d,Social,OI,Occupational Interests,2.84,02/2026,Machine Learning/Expert
13-2053.00,Insurance Underwriters,1.B.1.e,Enterprising,OI,Occupational Interests,4.50,02/2026,Machine Learning/Expert
13-2053.00,Insurance Underwriters,1.B.1.f,Conventional,OI,Occupational Interests,6.16,02/2026,Machine Learning/Expert
13-2053.00,Insurance Underwriters,1.B.1.g,First Interest High-Point,IH,Occupational Interest High-Point,6.00,02/2026,Machine Learning/Expert
13-2053.00,Insurance Underwriters,1.B.1.h,Second Interest High-Point,IH,Occupational Interest High-Point,5.00,02/2026,Machine Learning/Expert
13-2053.00,Insurance Underwriters,1.B.1.i,Third Interest High-Point,IH,Occupational Interest High-Point,2.00,02/2026,Machine Learning/Expert
13-2054.00,Financial Risk Specialists,1.B.1.a,Realistic,OI,Occupational Interests,1.67,02/2026,Machine Learning/Expert
13-2054.00,Financial Risk Specialists,1.B.1.b,Investigative,OI,Occupational Interests,4.96,02/2026,Machine Learning/Expert
13-2054.00,Financial Risk Specialists,1.B.1.c,Artistic,OI,Occupational Interests,1.31,02/2026,Machine Learning/Expert
13-2054.00,Financial Risk Specialists,1.B.1.d,Social,OI,Occupational Interests,2.48,02/2026,Machine Learning/Expert
13-2054.00,Financial Risk Specialists,1.B.1.e,Enterprising,OI,Occupational Interests,4.92,02/2026,Machine Learning/Expert
13-2054.00,Financial Risk Specialists,1.B.1.f,Conventional,OI,Occupational Interests,5.36,02/2026,Machine Learning/Expert
13-2054.00,Financial Risk Specialists,1.B.1.g,First Interest High-Point,IH,Occupational Interest High-Point,6.00,02/2026,Machine Learning/Expert
13-2054.00,Financial Risk Specialists,1.B.1.h,Second Interest High-Point,IH,Occupational Interest High-Point,2.00,02/2026,Machine Learning/Expert
13-2054.00,Financial Risk Specialists,1.B.1.i,Third Interest High-Point,IH,Occupational Interest High-Point,5.00,02/2026,Machine Learning/Expert
13-2061.00,Financial Examiners,1.B.1.a,Realistic,OI,Occupational Interests,1.34,02/2026,Machine Learning/Expert
13-2061.00,Financial Examiners,1.B.1.b,Investigative,OI,Occupational Interests,3.60,02/2026,Machine Learning/Expert
13-2061.00,Financial Examiners,1.B.1.c,Artistic,OI,Occupational Interests,1.00,02/2026,Machine Learning/Expert
13-2061.00,Financial Examiners,1.B.1.d,Social,OI,Occupational Interests,2.50,02/2026,Machine Learning/Expert
13-2061.00,Financial Examiners,1.B.1.e,Enterprising,OI,Occupational Interests,4.63,02/2026,Machine Learning/Expert
13-2061.00,Financial Examiners,1.B.1.f,Conventional,OI,Occupational Interests,6.40,02/2026,Machine Learning/Expert
13-2061.00,Financial Examiners,1.B.1.g,First Interest High-Point,IH,Occupational Interest High-Point,6.00,02/2026,Machine Learning/Expert
13-2061.00,Financial Examiners,1.B.1.h,Second Interest High-Point,IH,Occupational Interest High-Point,5.00,02/2026,Machine Learning/Expert
13-2061.00,Financial Examiners,1.B.1.i,Third Interest High-Point,IH,Occupational Interest High-Point,2.00,02/2026,Machine Learning/Expert
13-2071.00,Credit Counselors,1.B.1.a,Realistic,OI,Occupational Interests,1.00,02/2026,Machine Learning/Expert
13-2071.00,Credit Counselors,1.B.1.b,Investigative,OI,Occupational Interests,2.65,02/2026,Machine Learning/Expert
13-2071.00,Credit Counselors,1.B.1.c,Artistic,OI,Occupational Interests,1.80,02/2026,Machine Learning/Expert
13-2071.00,Credit Counselors,1.B.1.d,Social,OI,Occupational Interests,4.89,02/2026,Machine Learning/Expert
13-2071.00,Credit Counselors,1.B.1.e,Enterprising,OI,Occupational Interests,4.73,02/2026,Machine Learning/Expert
13-2071.00,Credit Counselors,1.B.1.f,Conventional,OI,Occupational Interests,5.35,02/2026,Machine Learning/Expert
13-2071.00,Credit Counselors,1.B.1.g,First Interest High-Point,IH,Occupational Interest High-Point,6.00,02/2026,Machine Learning/Expert
13-2071.00,Credit Counselors,1.B.1.h,Second Interest High-Point,IH,Occupational Interest High-Point,4.00,02/2026,Machine Learning/Expert
13-2071.00,Credit Counselors,1.B.1.i,Third Interest High-Point,IH,Occupational Interest High-Point,5.00,02/2026,Machine Learning/Expert
13-2072.00,Loan Officers,1.B.1.a,Realistic,OI,Occupational Interests,1.43,02/2026,Machine Learning/Expert
13-2072.00,Loan Officers,1.B.1.b,Investigative,OI,Occupational Interests,2.32,02/2026,Machine Learning/Expert
13-2072.00,Loan Officers,1.B.1.c,Artistic,OI,Occupational Interests,1.00,02/2026,Machine Learning/Expert
13-2072.00,Loan Officers,1.B.1.d,Social,OI,Occupational Interests,3.65,02/2026,Machine Learning/Expert
13-2072.00,Loan Officers,1.B.1.e,Enterprising,OI,Occupational Interests,4.98,02/2026,Machine Learning/Expert
13-2072.00,Loan Officers,1.B.1.f,Conventional,OI,Occupational Interests,6.08,02/2026,Machine Learning/Expert
13-2072.00,Loan Officers,1.B.1.g,First Interest High-Point,IH,Occupational Interest High-Point,6.00,02/2026,Machine Learning/Expert
13-2072.00,Loan Officers,1.B.1.h,Second Interest High-Point,IH,Occupational Interest High-Point,5.00,02/2026,Machine Learning/Expert
13-2072.00,Loan Officers,1.B.1.i,Third Interest High-Point,IH,Occupational Interest High-Point,4.00,02/2026,Machine Learning/Expert
13-2081.00,"Tax Examiners and Collectors, and Revenue Agents",1.B.1.a,Realistic,OI,Occupational Interests,1.21,02/2026,Machine Learning/Expert
13-2081.00,"Tax Examiners and Collectors, and Revenue Agents",1.B.1.b,Investigative,OI,Occupational Interests,2.47,02/2026,Machine Learning/Expert
13-2081.00,"Tax Examiners and Collectors, and Revenue Agents",1.B.1.c,Artistic,OI,Occupational Interests,1.00,02/2026,Machine Learning/Expert
13-2081.00,"Tax Examiners and Collectors, and Revenue Agents",1.B.1.d,Social,OI,Occupational Interests,3.15,02/2026,Machine Learning/Expert
13-2081.00,"Tax Examiners and Collectors, and Revenue Agents",1.B.1.e,Enterprising,OI,Occupational Interests,4.38,02/2026,Machine Learning/Expert
13-2081.00,"Tax Examiners and Collectors, and Revenue Agents",1.B.1.f,Conventional,OI,Occupational Interests,6.85,02/2026,Machine Learning/Expert
13-2081.00,"Tax Examiners and Collectors, and Revenue Agents",1.B.1.g,First Interest High-Point,IH,Occupational Interest High-Point,6.00,02/2026,Machine Learning/Expert
13-2081.00,"Tax Examiners and Collectors, and Revenue Agents",1.B.1.h,Second Interest High-Point,IH,Occupational Interest High-Point,5.00,02/2026,Machine Learning/Expert
13-2081.00,"Tax Examiners and Collectors, and Revenue Agents",1.B.1.i,Third Interest High-Point,IH,Occupational Interest High-Point,0.00,02/2026,Machine Learning/Expert
13-2082.00,Tax Preparers,1.B.1.a,Realistic,OI,Occupational Interests,2.17,02/2026,Machine Learning/Expert
13-2082.00,Tax Preparers,1.B.1.b,Investigative,OI,Occupational Interests,2.38,02/2026,Machine Learning/Expert
13-2082.00,Tax Preparers,1.B.1.c,Artistic,OI,Occupational Interests,1.00,02/2026,Machine Learning/Expert
13-2082.00,Tax Preparers,1.B.1.d,Social,OI,Occupational Interests,2.26,02/2026,Machine Learning/Expert
13-2082.00,Tax Preparers,1.B.1.e,Enterprising,OI,Occupational Interests,3.38,02/2026,Machine Learning/Expert
13-2082.00,Tax Preparers,1.B.1.f,Conventional,OI,Occupational Interests,6.79,02/2026,Machine Learning/Expert
13-2082.00,Tax Preparers,1.B.1.g,First Interest High-Point,IH,Occupational Interest High-Point,6.00,02/2026,Machine Learning/Expert
13-2082.00,Tax Preparers,1.B.1.h,Second Interest High-Point,IH,Occupational Interest High-Point,5.00,02/2026,Machine Learning/Expert
13-2082.00,Tax Preparers,1.B.1.i,Third Interest High-Point,IH,Occupational Interest High-Point,0.00,02/2026,Machine Learning/Expert
13-2099.01,Financial Quantitative Analysts,1.B.1.a,Realistic,OI,Occupational Interests,1.63,02/2026,Machine Learning/Expert
13-2099.01,Financial Quantitative Analysts,1.B.1.b,Investigative,OI,Occupational Interests,6.67,02/2026,Machine Learning/Expert
13-2099.01,Financial Quantitative Analysts,1.B.1.c,Artistic,OI,Occupational Interests,1.85,02/2026,Machine Learning/Expert
13-2099.01,Financial Quantitative Analysts,1.B.1.d,Social,OI,Occupational Interests,1.58,02/2026,Machine Learning/Expert
13-2099.01,Financial Quantitative Analysts,1.B.1.e,Enterprising,OI,Occupational Interests,3.45,02/2026,Machine Learning/Expert
13-2099.01,Financial Quantitative Analysts,1.B.1.f,Conventional,OI,Occupational Interests,5.79,02/2026,Machine Learning/Expert
13-2099.01,Financial Quantitative Analysts,1.B.1.g,First Interest High-Point,IH,Occupational Interest High-Point,2.00,02/2026,Machine Learning/Expert
13-2099.01,Financial Quantitative Analysts,1.B.1.h,Second Interest High-Point,IH,Occupational Interest High-Point,6.00,02/2026,Machine Learning/Expert
13-2099.01,Financial Quantitative Analysts,1.B.1.i,Third Interest High-Point,IH,Occupational Interest High-Point,0.00,02/2026,Machine Learning/Expert
13-2099.04,"Fraud Examiners, Investigators and Analysts",1.B.1.a,Realistic,OI,Occupational Interests,2.01,02/2026,Machine Learning/Expert
13-2099.04,"Fraud Examiners, Investigators and Analysts",1.B.1.b,Investigative,OI,Occupational Interests,4.67,02/2026,Machine Learning/Expert
13-2099.04,"Fraud Examiners, Investigators and Analysts",1.B.1.c,Artistic,OI,Occupational Interests,1.22,02/2026,Machine Learning/Expert
13-2099.04,"Fraud Examiners, Investigators and Analysts",1.B.1.d,Social,OI,Occupational Interests,1.95,02/2026,Machine Learning/Expert
13-2099.04,"Fraud Examiners, Investigators and Analysts",1.B.1.e,Enterprising,OI,Occupational Interests,4.57,02/2026,Machine Learning/Expert
13-2099.04,"Fraud Examiners, Investigators and Analysts",1.B.1.f,Conventional,OI,Occupational Interests,5.62,02/2026,Machine Learning/Expert
13-2099.04,"Fraud Examiners, Investigators and Analysts",1.B.1.g,First Interest High-Point,IH,Occupational Interest High-Point,6.00,02/2026,Machine Learning/Expert
13-2099.04,"Fraud Examiners, Investigators and Analysts",1.B.1.h,Second Interest High-Point,IH,Occupational Interest High-Point,2.00,02/2026,Machine Learning/Expert
13-2099.04,"Fraud Examiners, Investigators and Analysts",1.B.1.i,Third Interest High-Point,IH,Occupational Interest High-Point,5.00,02/2026,Machine Learning/Expert
15-1211.00,Computer Systems Analysts,1.B.1.a,Realistic,OI,Occupational Interests,3.27,02/2026,Machine Learning/Expert
15-1211.00,Computer Systems Analysts,1.B.1.b,Investigative,OI,Occupational Interests,6.39,02/2026,Machine Learning/Expert
15-1211.00,Computer Systems Analysts,1.B.1.c,Artistic,OI,Occupational Interests,1.98,02/2026,Machine Learning/Expert
15-1211.00,Computer Systems Analysts,1.B.1.d,Social,OI,Occupational Interests,1.91,02/2026,Machine Learning/Expert
15-1211.00,Computer Systems Analysts,1.B.1.e,Enterprising,OI,Occupational Interests,2.23,02/2026,Machine Learning/Expert
15-1211.00,Computer Systems Analysts,1.B.1.f,Conventional,OI,Occupational Interests,5.93,02/2026,Machine Learning/Expert
15-1211.00,Computer Systems Analysts,1.B.1.g,First Interest High-Point,IH,Occupational Interest High-Point,2.00,02/2026,Machine Learning/Expert
15-1211.00,Computer Systems Analysts,1.B.1.h,Second Interest High-Point,IH,Occupational Interest High-Point,6.00,02/2026,Machine Learning/Expert
15-1211.00,Computer Systems Analysts,1.B.1.i,Third Interest High-Point,IH,Occupational Interest High-Point,0.00,02/2026,Machine Learning/Expert
15-1211.01,Health Informatics Specialists,1.B.1.a,Realistic,OI,Occupational Interests,2.84,02/2026,Machine Learning/Expert
15-1211.01,Health Informatics Specialists,1.B.1.b,Investigative,OI,Occupational Interests,6.29,02/2026,Machine Learning/Expert
15-1211.01,Health Informatics Specialists,1.B.1.c,Artistic,OI,Occupational Interests,1.99,02/2026,Machine Learning/Expert
15-1211.01,Health Informatics Specialists,1.B.1.d,Social,OI,Occupational Interests,4.52,02/2026,Machine Learning/Expert
15-1211.01,Health Informatics Specialists,1.B.1.e,Enterprising,OI,Occupational Interests,2.08,02/2026,Machine Learning/Expert
15-1211.01,Health Informatics Specialists,1.B.1.f,Conventional,OI,Occupational Interests,4.71,02/2026,Machine Learning/Expert
15-1211.01,Health Informatics Specialists,1.B.1.g,First Interest High-Point,IH,Occupational Interest High-Point,2.00,02/2026,Machine Learning/Expert
15-1211.01,Health Informatics Specialists,1.B.1.h,Second Interest High-Point,IH,Occupational Interest High-Point,6.00,02/2026,Machine Learning/Expert
15-1211.01,Health Informatics Specialists,1.B.1.i,Third Interest High-Point,IH,Occupational Interest High-Point,4.00,02/2026,Machine Learning/Expert
15-1212.00,Information Security Analysts,1.B.1.a,Realistic,OI,Occupational Interests,3.56,02/2026,Machine Learning/Expert
15-1212.00,Information Security Analysts,1.B.1.b,Investigative,OI,Occupational Interests,5.40,02/2026,Machine Learning/Expert
15-1212.00,Information Security Analysts,1.B.1.c,Artistic,OI,Occupational Interests,1.34,02/2026,Machine Learning/Expert
15-1212.00,Information Security Analysts,1.B.1.d,Social,OI,Occupational Interests,2.11,02/2026,Machine Learning/Expert
15-1212.00,Information Security Analysts,1.B.1.e,Enterprising,OI,Occupational Interests,2.85,02/2026,Machine Learning/Expert
15-1212.00,Information Security Analysts,1.B.1.f,Conventional,OI,Occupational Interests,6.08,02/2026,Machine Learning/Expert
15-1212.00,Information Security Analysts,1.B.1.g,First Interest High-Point,IH,Occupational Interest High-Point,6.00,02/2026,Machine Learning/Expert
15-1212.00,Information Security Analysts,1.B.1.h,Second Interest High-Point,IH,Occupational Interest High-Point,2.00,02/2026,Machine Learning/Expert
15-1212.00,Information Security Analysts,1.B.1.i,Third Interest High-Point,IH,Occupational Interest High-Point,0.00,02/2026,Machine Learning/Expert
15-1221.00,Computer and Information Research Scientists,1.B.1.a,Realistic,OI,Occupational Interests,3.74,02/2026,Machine Learning/Expert
15-1221.00,Computer and Information Research Scientists,1.B.1.b,Investigative,OI,Occupational Interests,7.00,02/2026,Machine Learning/Expert
15-1221.00,Computer and Information Research Scientists,1.B.1.c,Artistic,OI,Occupational Interests,2.95,02/2026,Machine Learning/Expert
15-1221.00,Computer and Information Research Scientists,1.B.1.d,Social,OI,Occupational Interests,2.00,02/2026,Machine Learning/Expert
15-1221.00,Computer and Information Research Scientists,1.B.1.e,Enterprising,OI,Occupational Interests,2.49,02/2026,Machine Learning/Expert
15-1221.00,Computer and Information Research Scientists,1.B.1.f,Conventional,OI,Occupational Interests,4.80,02/2026,Machine Learning/Expert
15-1221.00,Computer and Information Research Scientists,1.B.1.g,First Interest High-Point,IH,Occupational Interest High-Point,2.00,02/2026,Machine Learning/Expert
15-1221.00,Computer and Information Research Scientists,1.B.1.h,Second Interest High-Point,IH,Occupational Interest High-Point,6.00,02/2026,Machine Learning/Expert
15-1221.00,Computer and Information Research Scientists,1.B.1.i,Third Interest High-Point,IH,Occupational Interest High-Point,0.00,02/2026,Machine Learning/Expert
15-1231.00,Computer Network Support Specialists,1.B.1.a,Realistic,OI,Occupational Interests,4.38,02/2026,Machine Learning/Expert
15-1231.00,Computer Network Support Specialists,1.B.1.b,Investigative,OI,Occupational Interests,4.61,02/2026,Machine Learning/Expert
15-1231.00,Computer Network Support Specialists,1.B.1.c,Artistic,OI,Occupational Interests,1.00,02/2026,Machine Learning/Expert
15-1231.00,Computer Network Support Specialists,1.B.1.d,Social,OI,Occupational Interests,2.28,02/2026,Machine Learning/Expert
15-1231.00,Computer Network Support Specialists,1.B.1.e,Enterprising,OI,Occupational Interests,2.64,02/2026,Machine Learning/Expert
15-1231.00,Computer Network Support Specialists,1.B.1.f,Conventional,OI,Occupational Interests,5.45,02/2026,Machine Learning/Expert
15-1231.00,Computer Network Support Specialists,1.B.1.g,First Interest High-Point,IH,Occupational Interest High-Point,6.00,02/2026,Machine Learning/Expert
15-1231.00,Computer Network Support Specialists,1.B.1.h,Second Interest High-Point,IH,Occupational Interest High-Point,2.00,02/2026,Machine Learning/Expert
15-1231.00,Computer Network Support Specialists,1.B.1.i,Third Interest High-Point,IH,Occupational Interest High-Point,1.00,02/2026,Machine Learning/Expert
15-1232.00,Computer User Support Specialists,1.B.1.a,Realistic,OI,Occupational Interests,4.13,02/2026,Machine Learning/Expert
15-1232.00,Computer User Support Specialists,1.B.1.b,Investigative,OI,Occupational Interests,3.77,02/2026,Machine Learning/Expert
15-1232.00,Computer User Support Specialists,1.B.1.c,Artistic,OI,Occupational Interests,1.00,02/2026,Machine Learning/Expert
15-1232.00,Computer User Support Specialists,1.B.1.d,Social,OI,Occupational Interests,3.31,02/2026,Machine Learning/Expert
15-1232.00,Computer User Support Specialists,1.B.1.e,Enterprising,OI,Occupational Interests,2.36,02/2026,Machine Learning/Expert
15-1232.00,Computer User Support Specialists,1.B.1.f,Conventional,OI,Occupational Interests,6.02,02/2026,Machine Learning/Expert
15-1232.00,Computer User Support Specialists,1.B.1.g,First Interest High-Point,IH,Occupational Interest High-Point,6.00,02/2026,Machine Learning/Expert
15-1232.00,Computer User Support Specialists,1.B.1.h,Second Interest High-Point,IH,Occupational Interest High-Point,1.00,02/2026,Machine Learning/Expert
15-1232.00,Computer User Support Specialists,1.B.1.i,Third Interest High-Point,IH,Occupational Interest High-Point,2.00,02/2026,Machine Learning/Expert
15-1241.00,Computer Network Architects,1.B.1.a,Realistic,OI,Occupational Interests,4.04,02/2026,Machine Learning/Expert
15-1241.00,Computer Network Architects,1.B.1.b,Investigative,OI,Occupational Interests,5.28,02/2026,Machine Learning/Expert
15-1241.00,Computer Network Architects,1.B.1.c,Artistic,OI,Occupational Interests,2.25,02/2026,Machine Learning/Expert
15-1241.00,Computer Network Architects,1.B.1.d,Social,OI,Occupational Interests,2.17,02/2026,Machine Learning/Expert
15-1241.00,Computer Network Architects,1.B.1.e,Enterprising,OI,Occupational Interests,3.20,02/2026,Machine Learning/Expert
15-1241.00,Computer Network Architects,1.B.1.f,Conventional,OI,Occupational Interests,5.06,02/2026,Machine Learning/Expert
15-1241.00,Computer Network Architects,1.B.1.g,First Interest High-Point,IH,Occupational Interest High-Point,2.00,02/2026,Machine Learning/Expert
15-1241.00,Computer Network Architects,1.B.1.h,Second Interest High-Point,IH,Occupational Interest High-Point,6.00,02/2026,Machine Learning/Expert
15-1241.00,Computer Network Architects,1.B.1.i,Third Interest High-Point,IH,Occupational Interest High-Point,1.00,02/2026,Machine Learning/Expert
15-1241.01,Telecommunications Engineering Specialists,1.B.1.a,Realistic,OI,Occupational Interests,4.54,02/2026,Machine Learning/Expert
15-1241.01,Telecommunications Engineering Specialists,1.B.1.b,Investigative,OI,Occupational Interests,4.29,02/2026,Machine Learning/Expert
15-1241.01,Telecommunications Engineering Specialists,1.B.1.c,Artistic,OI,Occupational Interests,1.90,02/2026,Machine Learning/Expert
15-1241.01,Telecommunications Engineering Specialists,1.B.1.d,Social,OI,Occupational Interests,2.31,02/2026,Machine Learning/Expert
15-1241.01,Telecommunications Engineering Specialists,1.B.1.e,Enterprising,OI,Occupational Interests,3.07,02/2026,Machine Learning/Expert
15-1241.01,Telecommunications Engineering Specialists,1.B.1.f,Conventional,OI,Occupational Interests,4.95,02/2026,Machine Learning/Expert
15-1241.01,Telecommunications Engineering Specialists,1.B.1.g,First Interest High-Point,IH,Occupational Interest High-Point,6.00,02/2026,Machine Learning/Expert
15-1241.01,Telecommunications Engineering Specialists,1.B.1.h,Second Interest High-Point,IH,Occupational Interest High-Point,1.00,02/2026,Machine Learning/Expert
15-1241.01,Telecommunications Engineering Specialists,1.B.1.i,Third Interest High-Point,IH,Occupational Interest High-Point,2.00,02/2026,Machine Learning/Expert
15-1242.00,Database Administrators,1.B.1.a,Realistic,OI,Occupational Interests,2.83,02/2026,Machine Learning/Expert
15-1242.00,Database Administrators,1.B.1.b,Investigative,OI,Occupational Interests,4.83,02/2026,Machine Learning/Expert
15-1242.00,Database Administrators,1.B.1.c,Artistic,OI,Occupational Interests,1.20,02/2026,Machine Learning/Expert
15-1242.00,Database Administrators,1.B.1.d,Social,OI,Occupational Interests,2.29,02/2026,Machine Learning/Expert
15-1242.00,Database Administrators,1.B.1.e,Enterprising,OI,Occupational Interests,2.94,02/2026,Machine Learning/Expert
15-1242.00,Database Administrators,1.B.1.f,Conventional,OI,Occupational Interests,6.61,02/2026,Machine Learning/Expert
15-1242.00,Database Administrators,1.B.1.g,First Interest High-Point,IH,Occupational Interest High-Point,6.00,02/2026,Machine Learning/Expert
15-1242.00,Database Administrators,1.B.1.h,Second Interest High-Point,IH,Occupational Interest High-Point,2.00,02/2026,Machine Learning/Expert
15-1242.00,Database Administrators,1.B.1.i,Third Interest High-Point,IH,Occupational Interest High-Point,0.00,02/2026,Machine Learning/Expert
15-1243.00,Database Architects,1.B.1.a,Realistic,OI,Occupational Interests,2.63,02/2026,Machine Learning/Expert
15-1243.00,Database Architects,1.B.1.b,Investigative,OI,Occupational Interests,5.63,02/2026,Machine Learning/Expert
15-1243.00,Database Architects,1.B.1.c,Artistic,OI,Occupational Interests,2.16,02/2026,Machine Learning/Expert
15-1243.00,Database Architects,1.B.1.d,Social,OI,Occupational Interests,1.91,02/2026,Machine Learning/Expert
15-1243.00,Database Architects,1.B.1.e,Enterprising,OI,Occupational Interests,2.68,02/2026,Machine Learning/Expert
15-1243.00,Database Architects,1.B.1.f,Conventional,OI,Occupational Interests,6.12,02/2026,Machine Learning/Expert
15-1243.00,Database Architects,1.B.1.g,First Interest High-Point,IH,Occupational Interest High-Point,6.00,02/2026,Machine Learning/Expert
15-1243.00,Database Architects,1.B.1.h,Second Interest High-Point,IH,Occupational Interest High-Point,2.00,02/2026,Machine Learning/Expert
15-1243.00,Database Architects,1.B.1.i,Third Interest High-Point,IH,Occupational Interest High-Point,0.00,02/2026,Machine Learning/Expert
15-1243.01,Data Warehousing Specialists,1.B.1.a,Realistic,OI,Occupational Interests,2.93,02/2026,Machine Learning/Expert
15-1243.01,Data Warehousing Specialists,1.B.1.b,Investigative,OI,Occupational Interests,4.79,02/2026,Machine Learning/Expert
15-1243.01,Data Warehousing Specialists,1.B.1.c,Artistic,OI,Occupational Interests,1.62,02/2026,Machine Learning/Expert
15-1243.01,Data Warehousing Specialists,1.B.1.d,Social,OI,Occupational Interests,2.03,02/2026,Machine Learning/Expert
15-1243.01,Data Warehousing Specialists,1.B.1.e,Enterprising,OI,Occupational Interests,3.05,02/2026,Machine Learning/Expert
15-1243.01,Data Warehousing Specialists,1.B.1.f,Conventional,OI,Occupational Interests,6.38,02/2026,Machine Learning/Expert
15-1243.01,Data Warehousing Specialists,1.B.1.g,First Interest High-Point,IH,Occupational Interest High-Point,6.00,02/2026,Machine Learning/Expert
15-1243.01,Data Warehousing Specialists,1.B.1.h,Second Interest High-Point,IH,Occupational Interest High-Point,2.00,02/2026,Machine Learning/Expert
15-1243.01,Data Warehousing Specialists,1.B.1.i,Third Interest High-Point,IH,Occupational Interest High-Point,0.00,02/2026,Machine Learning/Expert
15-1244.00,Network and Computer Systems Administrators,1.B.1.a,Realistic,OI,Occupational Interests,4.19,02/2026,Machine Learning/Expert
15-1244.00,Network and Computer Systems Administrators,1.B.1.b,Investigative,OI,Occupational Interests,4.04,02/2026,Machine Learning/Expert
15-1244.00,Network and Computer Systems Administrators,1.B.1.c,Artistic,OI,Occupational Interests,1.00,02/2026,Machine Learning/Expert
15-1244.00,Network and Computer Systems Administrators,1.B.1.d,Social,OI,Occupational Interests,2.22,02/2026,Machine Learning/Expert
15-1244.00,Network and Computer Systems Administrators,1.B.1.e,Enterprising,OI,Occupational Interests,3.46,02/2026,Machine Learning/Expert
15-1244.00,Network and Computer Systems Administrators,1.B.1.f,Conventional,OI,Occupational Interests,6.18,02/2026,Machine Learning/Expert
15-1244.00,Network and Computer Systems Administrators,1.B.1.g,First Interest High-Point,IH,Occupational Interest High-Point,6.00,02/2026,Machine Learning/Expert
15-1244.00,Network and Computer Systems Administrators,1.B.1.h,Second Interest High-Point,IH,Occupational Interest High-Point,1.00,02/2026,Machine Learning/Expert
15-1244.00,Network and Computer Systems Administrators,1.B.1.i,Third Interest High-Point,IH,Occupational Interest High-Point,2.00,02/2026,Machine Learning/Expert
15-1251.00,Computer Programmers,1.B.1.a,Realistic,OI,Occupational Interests,3.37,02/2026,Machine Learning/Expert
15-1251.00,Computer Programmers,1.B.1.b,Investigative,OI,Occupational Interests,5.10,02/2026,Machine Learning/Expert
15-1251.00,Computer Programmers,1.B.1.c,Artistic,OI,Occupational Interests,2.51,02/2026,Machine Learning/Expert
15-1251.00,Computer Programmers,1.B.1.d,Social,OI,Occupational Interests,1.98,02/2026,Machine Learning/Expert
15-1251.00,Computer Programmers,1.B.1.e,Enterprising,OI,Occupational Interests,2.09,02/2026,Machine Learning/Expert
15-1251.00,Computer Programmers,1.B.1.f,Conventional,OI,Occupational Interests,5.92,02/2026,Machine Learning/Expert
15-1251.00,Computer Programmers,1.B.1.g,First Interest High-Point,IH,Occupational Interest High-Point,6.00,02/2026,Machine Learning/Expert
15-1251.00,Computer Programmers,1.B.1.h,Second Interest High-Point,IH,Occupational Interest High-Point,2.00,02/2026,Machine Learning/Expert
15-1251.00,Computer Programmers,1.B.1.i,Third Interest High-Point,IH,Occupational Interest High-Point,0.00,02/2026,Machine Learning/Expert
15-1252.00,Software Developers,1.B.1.a,Realistic,OI,Occupational Interests,3.61,02/2026,Machine Learning/Expert
15-1252.00,Software Developers,1.B.1.b,Investigative,OI,Occupational Interests,6.05,02/2026,Machine Learning/Expert
15-1252.00,Software Developers,1.B.1.c,Artistic,OI,Occupational Interests,2.37,02/2026,Machine Learning/Expert
15-1252.00,Software Developers,1.B.1.d,Social,OI,Occupational Interests,1.81,02/2026,Machine Learning/Expert
15-1252.00,Software Developers,1.B.1.e,Enterprising,OI,Occupational Interests,1.87,02/2026,Machine Learning/Expert
15-1252.00,Software Developers,1.B.1.f,Conventional,OI,Occupational Interests,5.62,02/2026,Machine Learning/Expert
15-1252.00,Software Developers,1.B.1.g,First Interest High-Point,IH,Occupational Interest High-Point,2.00,02/2026,Machine Learning/Expert
15-1252.00,Software Developers,1.B.1.h,Second Interest High-Point,IH,Occupational Interest High-Point,6.00,02/2026,Machine Learning/Expert
15-1252.00,Software Developers,1.B.1.i,Third Interest High-Point,IH,Occupational Interest High-Point,0.00,02/2026,Machine Learning/Expert
15-1253.00,Software Quality Assurance Analysts and Testers,1.B.1.a,Realistic,OI,Occupational Interests,3.80,02/2026,Machine Learning/Expert
15-1253.00,Software Quality Assurance Analysts and Testers,1.B.1.b,Investigative,OI,Occupational Interests,5.76,02/2026,Machine Learning/Expert
15-1253.00,Software Quality Assurance Analysts and Testers,1.B.1.c,Artistic,OI,Occupational Interests,1.69,02/2026,Machine Learning/Expert
15-1253.00,Software Quality Assurance Analysts and Testers,1.B.1.d,Social,OI,Occupational Interests,1.53,02/2026,Machine Learning/Expert
15-1253.00,Software Quality Assurance Analysts and Testers,1.B.1.e,Enterprising,OI,Occupational Interests,1.57,02/2026,Machine Learning/Expert
15-1253.00,Software Quality Assurance Analysts and Testers,1.B.1.f,Conventional,OI,Occupational Interests,5.67,02/2026,Machine Learning/Expert
15-1253.00,Software Quality Assurance Analysts and Testers,1.B.1.g,First Interest High-Point,IH,Occupational Interest High-Point,2.00,02/2026,Machine Learning/Expert
15-1253.00,Software Quality Assurance Analysts and Testers,1.B.1.h,Second Interest High-Point,IH,Occupational Interest High-Point,6.00,02/2026,Machine Learning/Expert
15-1253.00,Software Quality Assurance Analysts and Testers,1.B.1.i,Third Interest High-Point,IH,Occupational Interest High-Point,1.00,02/2026,Machine Learning/Expert
15-1254.00,Web Developers,1.B.1.a,Realistic,OI,Occupational Interests,2.98,02/2026,Machine Learning/Expert
15-1254.00,Web Developers,1.B.1.b,Investigative,OI,Occupational Interests,5.01,02/2026,Machine Learning/Expert
15-1254.00,Web Developers,1.B.1.c,Artistic,OI,Occupational Interests,3.13,02/2026,Machine Learning/Expert
15-1254.00,Web Developers,1.B.1.d,Social,OI,Occupational Interests,2.22,02/2026,Machine Learning/Expert
15-1254.00,Web Developers,1.B.1.e,Enterprising,OI,Occupational Interests,2.96,02/2026,Machine Learning/Expert
15-1254.00,Web Developers,1.B.1.f,Conventional,OI,Occupational Interests,5.03,02/2026,Machine Learning/Expert
15-1254.00,Web Developers,1.B.1.g,First Interest High-Point,IH,Occupational Interest High-Point,6.00,02/2026,Machine Learning/Expert
15-1254.00,Web Developers,1.B.1.h,Second Interest High-Point,IH,Occupational Interest High-Point,2.00,02/2026,Machine Learning/Expert
15-1254.00,Web Developers,1.B.1.i,Third Interest High-Point,IH,Occupational Interest High-Point,0.00,02/2026,Machine Learning/Expert
15-1255.00,Web and Digital Interface Designers,1.B.1.a,Realistic,OI,Occupational Interests,2.59,02/2026,Machine Learning/Expert
15-1255.00,Web and Digital Interface Designers,1.B.1.b,Investigative,OI,Occupational Interests,4.88,02/2026,Machine Learning/Expert
15-1255.00,Web and Digital Interface Designers,1.B.1.c,Artistic,OI,Occupational Interests,4.48,02/2026,Machine Learning/Expert
15-1255.00,Web and Digital Interface Designers,1.B.1.d,Social,OI,Occupational Interests,2.20,02/2026,Machine Learning/Expert
15-1255.00,Web and Digital Interface Designers,1.B.1.e,Enterprising,OI,Occupational Interests,3.13,02/2026,Machine Learning/Expert
15-1255.00,Web and Digital Interface Designers,1.B.1.f,Conventional,OI,Occupational Interests,4.40,02/2026,Machine Learning/Expert
15-1255.00,Web and Digital Interface Designers,1.B.1.g,First Interest High-Point,IH,Occupational Interest High-Point,2.00,02/2026,Machine Learning/Expert
15-1255.00,Web and Digital Interface Designers,1.B.1.h,Second Interest High-Point,IH,Occupational Interest High-Point,3.00,02/2026,Machine Learning/Expert
15-1255.00,Web and Digital Interface Designers,1.B.1.i,Third Interest High-Point,IH,Occupational Interest High-Point,6.00,02/2026,Machine Learning/Expert
15-1255.01,Video Game Designers,1.B.1.a,Realistic,OI,Occupational Interests,2.77,02/2026,Machine Learning/Expert
15-1255.01,Video Game Designers,1.B.1.b,Investigative,OI,Occupational Interests,4.15,02/2026,Machine Learning/Expert
15-1255.01,Video Game Designers,1.B.1.c,Artistic,OI,Occupational Interests,6.38,02/2026,Machine Learning/Expert
15-1255.01,Video Game Designers,1.B.1.d,Social,OI,Occupational Interests,2.30,02/2026,Machine Learning/Expert
15-1255.01,Video Game Designers,1.B.1.e,Enterprising,OI,Occupational Interests,3.92,02/2026,Machine Learning/Expert
15-1255.01,Video Game Designers,1.B.1.f,Conventional,OI,Occupational Interests,3.85,02/2026,Machine Learning/Expert
15-1255.01,Video Game Designers,1.B.1.g,First Interest High-Point,IH,Occupational Interest High-Point,3.00,02/2026,Machine Learning/Expert
15-1255.01,Video Game Designers,1.B.1.h,Second Interest High-Point,IH,Occupational Interest High-Point,2.00,02/2026,Machine Learning/Expert
15-1255.01,Video Game Designers,1.B.1.i,Third Interest High-Point,IH,Occupational Interest High-Point,0.00,02/2026,Machine Learning/Expert
15-1299.01,Web Administrators,1.B.1.a,Realistic,OI,Occupational Interests,2.45,02/2026,Machine Learning/Expert
15-1299.01,Web Administrators,1.B.1.b,Investigative,OI,Occupational Interests,4.41,02/2026,Machine Learning/Expert
15-1299.01,Web Administrators,1.B.1.c,Artistic,OI,Occupational Interests,2.42,02/2026,Machine Learning/Expert
15-1299.01,Web Administrators,1.B.1.d,Social,OI,Occupational Interests,2.27,02/2026,Machine Learning/Expert
15-1299.01,Web Administrators,1.B.1.e,Enterprising,OI,Occupational Interests,3.77,02/2026,Machine Learning/Expert
15-1299.01,Web Administrators,1.B.1.f,Conventional,OI,Occupational Interests,5.54,02/2026,Machine Learning/Expert
15-1299.01,Web Administrators,1.B.1.g,First Interest High-Point,IH,Occupational Interest High-Point,6.00,02/2026,Machine Learning/Expert
15-1299.01,Web Administrators,1.B.1.h,Second Interest High-Point,IH,Occupational Interest High-Point,2.00,02/2026,Machine Learning/Expert
15-1299.01,Web Administrators,1.B.1.i,Third Interest High-Point,IH,Occupational Interest High-Point,5.00,02/2026,Machine Learning/Expert
15-1299.02,Geographic Information Systems Technologists and Technicians,1.B.1.a,Realistic,OI,Occupational Interests,4.26,11/2023,Machine Learning
15-1299.02,Geographic Information Systems Technologists and Technicians,1.B.1.b,Investigative,OI,Occupational Interests,5.19,11/2023,Machine Learning
15-1299.02,Geographic Information Systems Technologists and Technicians,1.B.1.c,Artistic,OI,Occupational Interests,2.31,11/2023,Machine Learning
15-1299.02,Geographic Information Systems Technologists and Technicians,1.B.1.d,Social,OI,Occupational Interests,1.93,11/2023,Machine Learning
15-1299.02,Geographic Information Systems Technologists and Technicians,1.B.1.e,Enterprising,OI,Occupational Interests,1.93,11/2023,Machine Learning
15-1299.02,Geographic Information Systems Technologists and Technicians,1.B.1.f,Conventional,OI,Occupational Interests,5.88,11/2023,Machine Learning
15-1299.02,Geographic Information Systems Technologists and Technicians,1.B.1.g,First Interest High-Point,IH,Occupational Interest High-Point,6.00,11/2023,Machine Learning
15-1299.02,Geographic Information Systems Technologists and Technicians,1.B.1.h,Second Interest High-Point,IH,Occupational Interest High-Point,2.00,11/2023,Machine Learning
15-1299.02,Geographic Information Systems Technologists and Technicians,1.B.1.i,Third Interest High-Point,IH,Occupational Interest High-Point,1.00,11/2023,Machine Learning
15-1299.03,Document Management Specialists,1.B.1.a,Realistic,OI,Occupational Interests,1.75,02/2026,Machine Learning/Expert
15-1299.03,Document Management Specialists,1.B.1.b,Investigative,OI,Occupational Interests,3.89,02/2026,Machine Learning/Expert
15-1299.03,Document Management Specialists,1.B.1.c,Artistic,OI,Occupational Interests,1.81,02/2026,Machine Learning/Expert
15-1299.03,Document Management Specialists,1.B.1.d,Social,OI,Occupational Interests,2.29,02/2026,Machine Learning/Expert
15-1299.03,Document Management Specialists,1.B.1.e,Enterprising,OI,Occupational Interests,2.93,02/2026,Machine Learning/Expert
15-1299.03,Document Management Specialists,1.B.1.f,Conventional,OI,Occupational Interests,6.74,02/2026,Machine Learning/Expert
15-1299.03,Document Management Specialists,1.B.1.g,First Interest High-Point,IH,Occupational Interest High-Point,6.00,02/2026,Machine Learning/Expert
15-1299.03,Document Management Specialists,1.B.1.h,Second Interest High-Point,IH,Occupational Interest High-Point,2.00,02/2026,Machine Learning/Expert
15-1299.03,Document Management Specialists,1.B.1.i,Third Interest High-Point,IH,Occupational Interest High-Point,0.00,02/2026,Machine Learning/Expert
15-1299.04,Penetration Testers,1.B.1.a,Realistic,OI,Occupational Interests,3.91,02/2026,Machine Learning/Expert
15-1299.04,Penetration Testers,1.B.1.b,Investigative,OI,Occupational Interests,5.19,02/2026,Machine Learning/Expert
15-1299.04,Penetration Testers,1.B.1.c,Artistic,OI,Occupational Interests,1.31,02/2026,Machine Learning/Expert
15-1299.04,Penetration Testers,1.B.1.d,Social,OI,Occupational Interests,1.99,02/2026,Machine Learning/Expert
15-1299.04,Penetration Testers,1.B.1.e,Enterprising,OI,Occupational Interests,2.10,02/2026,Machine Learning/Expert
15-1299.04,Penetration Testers,1.B.1.f,Conventional,OI,Occupational Interests,5.18,02/2026,Machine Learning/Expert
15-1299.04,Penetration Testers,1.B.1.g,First Interest High-Point,IH,Occupational Interest High-Point,2.00,02/2026,Machine Learning/Expert
15-1299.04,Penetration Testers,1.B.1.h,Second Interest High-Point,IH,Occupational Interest High-Point,6.00,02/2026,Machine Learning/Expert
15-1299.04,Penetration Testers,1.B.1.i,Third Interest High-Point,IH,Occupational Interest High-Point,1.00,02/2026,Machine Learning/Expert
15-1299.05,Information Security Engineers,1.B.1.a,Realistic,OI,Occupational Interests,4.30,02/2026,Machine Learning/Expert
15-1299.05,Information Security Engineers,1.B.1.b,Investigative,OI,Occupational Interests,5.54,02/2026,Machine Learning/Expert
15-1299.05,Information Security Engineers,1.B.1.c,Artistic,OI,Occupational Interests,1.33,02/2026,Machine Learning/Expert
15-1299.05,Information Security Engineers,1.B.1.d,Social,OI,Occupational Interests,1.83,02/2026,Machine Learning/Expert
15-1299.05,Information Security Engineers,1.B.1.e,Enterprising,OI,Occupational Interests,2.66,02/2026,Machine Learning/Expert
15-1299.05,Information Security Engineers,1.B.1.f,Conventional,OI,Occupational Interests,6.06,02/2026,Machine Learning/Expert
15-1299.05,Information Security Engineers,1.B.1.g,First Interest High-Point,IH,Occupational Interest High-Point,6.00,02/2026,Machine Learning/Expert
15-1299.05,Information Security Engineers,1.B.1.h,Second Interest High-Point,IH,Occupational Interest High-Point,2.00,02/2026,Machine Learning/Expert
15-1299.05,Information Security Engineers,1.B.1.i,Third Interest High-Point,IH,Occupational Interest High-Point,1.00,02/2026,Machine Learning/Expert
15-1299.06,Digital Forensics Analysts,1.B.1.a,Realistic,OI,Occupational Interests,3.20,02/2026,Machine Learning/Expert
15-1299.06,Digital Forensics Analysts,1.B.1.b,Investigative,OI,Occupational Interests,6.11,02/2026,Machine Learning/Expert
15-1299.06,Digital Forensics Analysts,1.B.1.c,Artistic,OI,Occupational Interests,1.69,02/2026,Machine Learning/Expert
15-1299.06,Digital Forensics Analysts,1.B.1.d,Social,OI,Occupational Interests,1.65,02/2026,Machine Learning/Expert
15-1299.06,Digital Forensics Analysts,1.B.1.e,Enterprising,OI,Occupational Interests,2.71,02/2026,Machine Learning/Expert
15-1299.06,Digital Forensics Analysts,1.B.1.f,Conventional,OI,Occupational Interests,6.03,02/2026,Machine Learning/Expert
15-1299.06,Digital Forensics Analysts,1.B.1.g,First Interest High-Point,IH,Occupational Interest High-Point,2.00,02/2026,Machine Learning/Expert
15-1299.06,Digital Forensics Analysts,1.B.1.h,Second Interest High-Point,IH,Occupational Interest High-Point,6.00,02/2026,Machine Learning/Expert
15-1299.06,Digital Forensics Analysts,1.B.1.i,Third Interest High-Point,IH,Occupational Interest High-Point,0.00,02/2026,Machine Learning/Expert
15-1299.07,Blockchain Engineers,1.B.1.a,Realistic,OI,Occupational Interests,3.40,11/2023,Machine Learning
15-1299.07,Blockchain Engineers,1.B.1.b,Investigative,OI,Occupational Interests,5.28,11/2023,Machine Learning
15-1299.07,Blockchain Engineers,1.B.1.c,Artistic,OI,Occupational Interests,2.07,11/2023,Machine Learning
15-1299.07,Blockchain Engineers,1.B.1.d,Social,OI,Occupational Interests,1.57,11/2023,Machine Learning
15-1299.07,Blockchain Engineers,1.B.1.e,Enterprising,OI,Occupational Interests,3.39,11/2023,Machine Learning
15-1299.07,Blockchain Engineers,1.B.1.f,Conventional,OI,Occupational Interests,5.69,11/2023,Machine Learning
15-1299.07,Blockchain Engineers,1.B.1.g,First Interest High-Point,IH,Occupational Interest High-Point,6.00,11/2023,Machine Learning
15-1299.07,Blockchain Engineers,1.B.1.h,Second Interest High-Point,IH,Occupational Interest High-Point,2.00,11/2023,Machine Learning
15-1299.07,Blockchain Engineers,1.B.1.i,Third Interest High-Point,IH,Occupational Interest High-Point,0.00,11/2023,Machine Learning
15-1299.08,Computer Systems Engineers/Architects,1.B.1.a,Realistic,OI,Occupational Interests,4.10,02/2026,Machine Learning/Expert
15-1299.08,Computer Systems Engineers/Architects,1.B.1.b,Investigative,OI,Occupational Interests,5.46,02/2026,Machine Learning/Expert
15-1299.08,Computer Systems Engineers/Architects,1.B.1.c,Artistic,OI,Occupational Interests,1.88,02/2026,Machine Learning/Expert
15-1299.08,Computer Systems Engineers/Architects,1.B.1.d,Social,OI,Occupational Interests,2.10,02/2026,Machine Learning/Expert
15-1299.08,Computer Systems Engineers/Architects,1.B.1.e,Enterprising,OI,Occupational Interests,3.03,02/2026,Machine Learning/Expert
15-1299.08,Computer Systems Engineers/Architects,1.B.1.f,Conventional,OI,Occupational Interests,5.76,02/2026,Machine Learning/Expert
15-1299.08,Computer Systems Engineers/Architects,1.B.1.g,First Interest High-Point,IH,Occupational Interest High-Point,6.00,02/2026,Machine Learning/Expert
15-1299.08,Computer Systems Engineers/Architects,1.B.1.h,Second Interest High-Point,IH,Occupational Interest High-Point,2.00,02/2026,Machine Learning/Expert
15-1299.08,Computer Systems Engineers/Architects,1.B.1.i,Third Interest High-Point,IH,Occupational Interest High-Point,1.00,02/2026,Machine Learning/Expert
15-1299.09,Information Technology Project Managers,1.B.1.a,Realistic,OI,Occupational Interests,1.73,02/2026,Machine Learning/Expert
15-1299.09,Information Technology Project Managers,1.B.1.b,Investigative,OI,Occupational Interests,3.87,02/2026,Machine Learning/Expert
15-1299.09,Information Technology Project Managers,1.B.1.c,Artistic,OI,Occupational Interests,1.77,02/2026,Machine Learning/Expert
15-1299.09,Information Technology Project Managers,1.B.1.d,Social,OI,Occupational Interests,2.67,02/2026,Machine Learning/Expert
15-1299.09,Information Technology Project Managers,1.B.1.e,Enterprising,OI,Occupational Interests,5.91,02/2026,Machine Learning/Expert
15-1299.09,Information Technology Project Managers,1.B.1.f,Conventional,OI,Occupational Interests,5.31,02/2026,Machine Learning/Expert
15-1299.09,Information Technology Project Managers,1.B.1.g,First Interest High-Point,IH,Occupational Interest High-Point,5.00,02/2026,Machine Learning/Expert
15-1299.09,Information Technology Project Managers,1.B.1.h,Second Interest High-Point,IH,Occupational Interest High-Point,6.00,02/2026,Machine Learning/Expert
15-1299.09,Information Technology Project Managers,1.B.1.i,Third Interest High-Point,IH,Occupational Interest High-Point,2.00,02/2026,Machine Learning/Expert
15-2011.00,Actuaries,1.B.1.a,Realistic,OI,Occupational Interests,1.78,02/2026,Machine Learning/Expert
15-2011.00,Actuaries,1.B.1.b,Investigative,OI,Occupational Interests,4.45,02/2026,Machine Learning/Expert
15-2011.00,Actuaries,1.B.1.c,Artistic,OI,Occupational Interests,1.13,02/2026,Machine Learning/Expert
15-2011.00,Actuaries,1.B.1.d,Social,OI,Occupational Interests,2.49,02/2026,Machine Learning/Expert
15-2011.00,Actuaries,1.B.1.e,Enterprising,OI,Occupational Interests,3.33,02/2026,Machine Learning/Expert
15-2011.00,Actuaries,1.B.1.f,Conventional,OI,Occupational Interests,6.29,02/2026,Machine Learning/Expert
15-2011.00,Actuaries,1.B.1.g,First Interest High-Point,IH,Occupational Interest High-Point,6.00,02/2026,Machine Learning/Expert
15-2011.00,Actuaries,1.B.1.h,Second Interest High-Point,IH,Occupational Interest High-Point,2.00,02/2026,Machine Learning/Expert
15-2011.00,Actuaries,1.B.1.i,Third Interest High-Point,IH,Occupational Interest High-Point,5.00,02/2026,Machine Learning/Expert
15-2021.00,Mathematicians,1.B.1.a,Realistic,OI,Occupational Interests,3.22,02/2026,Machine Learning/Expert
15-2021.00,Mathematicians,1.B.1.b,Investigative,OI,Occupational Interests,7.00,02/2026,Machine Learning/Expert
15-2021.00,Mathematicians,1.B.1.c,Artistic,OI,Occupational Interests,3.23,02/2026,Machine Learning/Expert
15-2021.00,Mathematicians,1.B.1.d,Social,OI,Occupational Interests,1.95,02/2026,Machine Learning/Expert
15-2021.00,Mathematicians,1.B.1.e,Enterprising,OI,Occupational Interests,1.11,02/2026,Machine Learning/Expert
15-2021.00,Mathematicians,1.B.1.f,Conventional,OI,Occupational Interests,5.03,02/2026,Machine Learning/Expert
15-2021.00,Mathematicians,1.B.1.g,First Interest High-Point,IH,Occupational Interest High-Point,2.00,02/2026,Machine Learning/Expert
15-2021.00,Mathematicians,1.B.1.h,Second Interest High-Point,IH,Occupational Interest High-Point,6.00,02/2026,Machine Learning/Expert
15-2021.00,Mathematicians,1.B.1.i,Third Interest High-Point,IH,Occupational Interest High-Point,0.00,02/2026,Machine Learning/Expert
15-2031.00,Operations Research Analysts,1.B.1.a,Realistic,OI,Occupational Interests,1.90,02/2026,Machine Learning/Expert
15-2031.00,Operations Research Analysts,1.B.1.b,Investigative,OI,Occupational Interests,6.26,02/2026,Machine Learning/Expert
15-2031.00,Operations Research Analysts,1.B.1.c,Artistic,OI,Occupational Interests,2.18,02/2026,Machine Learning/Expert
15-2031.00,Operations Research Analysts,1.B.1.d,Social,OI,Occupational Interests,2.02,02/2026,Machine Learning/Expert
15-2031.00,Operations Research Analysts,1.B.1.e,Enterprising,OI,Occupational Interests,3.14,02/2026,Machine Learning/Expert
15-2031.00,Operations Research Analysts,1.B.1.f,Conventional,OI,Occupational Interests,5.76,02/2026,Machine Learning/Expert
15-2031.00,Operations Research Analysts,1.B.1.g,First Interest High-Point,IH,Occupational Interest High-Point,2.00,02/2026,Machine Learning/Expert
15-2031.00,Operations Research Analysts,1.B.1.h,Second Interest High-Point,IH,Occupational Interest High-Point,6.00,02/2026,Machine Learning/Expert
15-2031.00,Operations Research Analysts,1.B.1.i,Third Interest High-Point,IH,Occupational Interest High-Point,0.00,02/2026,Machine Learning/Expert
15-2041.00,Statisticians,1.B.1.a,Realistic,OI,Occupational Interests,2.14,02/2026,Machine Learning/Expert
15-2041.00,Statisticians,1.B.1.b,Investigative,OI,Occupational Interests,6.58,02/2026,Machine Learning/Expert
15-2041.00,Statisticians,1.B.1.c,Artistic,OI,Occupational Interests,1.77,02/2026,Machine Learning/Expert
15-2041.00,Statisticians,1.B.1.d,Social,OI,Occupational Interests,1.71,02/2026,Machine Learning/Expert
15-2041.00,Statisticians,1.B.1.e,Enterprising,OI,Occupational Interests,1.82,02/2026,Machine Learning/Expert
15-2041.00,Statisticians,1.B.1.f,Conventional,OI,Occupational Interests,6.03,02/2026,Machine Learning/Expert
15-2041.00,Statisticians,1.B.1.g,First Interest High-Point,IH,Occupational Interest High-Point,2.00,02/2026,Machine Learning/Expert
15-2041.00,Statisticians,1.B.1.h,Second Interest High-Point,IH,Occupational Interest High-Point,6.00,02/2026,Machine Learning/Expert
15-2041.00,Statisticians,1.B.1.i,Third Interest High-Point,IH,Occupational Interest High-Point,0.00,02/2026,Machine Learning/Expert
15-2041.01,Biostatisticians,1.B.1.a,Realistic,OI,Occupational Interests,2.43,02/2026,Machine Learning/Expert
15-2041.01,Biostatisticians,1.B.1.b,Investigative,OI,Occupational Interests,7.00,02/2026,Machine Learning/Expert
15-2041.01,Biostatisticians,1.B.1.c,Artistic,OI,Occupational Interests,2.80,02/2026,Machine Learning/Expert
15-2041.01,Biostatisticians,1.B.1.d,Social,OI,Occupational Interests,3.11,02/2026,Machine Learning/Expert
15-2041.01,Biostatisticians,1.B.1.e,Enterprising,OI,Occupational Interests,1.98,02/2026,Machine Learning/Expert
15-2041.01,Biostatisticians,1.B.1.f,Conventional,OI,Occupational Interests,4.40,02/2026,Machine Learning/Expert
15-2041.01,Biostatisticians,1.B.1.g,First Interest High-Point,IH,Occupational Interest High-Point,2.00,02/2026,Machine Learning/Expert
15-2041.01,Biostatisticians,1.B.1.h,Second Interest High-Point,IH,Occupational Interest High-Point,6.00,02/2026,Machine Learning/Expert
15-2041.01,Biostatisticians,1.B.1.i,Third Interest High-Point,IH,Occupational Interest High-Point,0.00,02/2026,Machine Learning/Expert
15-2051.00,Data Scientists,1.B.1.a,Realistic,OI,Occupational Interests,2.17,02/2026,Machine Learning/Expert
15-2051.00,Data Scientists,1.B.1.b,Investigative,OI,Occupational Interests,6.98,02/2026,Machine Learning/Expert
15-2051.00,Data Scientists,1.B.1.c,Artistic,OI,Occupational Interests,2.61,02/2026,Machine Learning/Expert
15-2051.00,Data Scientists,1.B.1.d,Social,OI,Occupational Interests,1.66,02/2026,Machine Learning/Expert
15-2051.00,Data Scientists,1.B.1.e,Enterprising,OI,Occupational Interests,1.71,02/2026,Machine Learning/Expert
15-2051.00,Data Scientists,1.B.1.f,Conventional,OI,Occupational Interests,5.39,02/2026,Machine Learning/Expert
15-2051.00,Data Scientists,1.B.1.g,First Interest High-Point,IH,Occupational Interest High-Point,2.00,02/2026,Machine Learning/Expert
15-2051.00,Data Scientists,1.B.1.h,Second Interest High-Point,IH,Occupational Interest High-Point,6.00,02/2026,Machine Learning/Expert
15-2051.00,Data Scientists,1.B.1.i,Third Interest High-Point,IH,Occupational Interest High-Point,0.00,02/2026,Machine Learning/Expert
15-2051.01,Business Intelligence Analysts,1.B.1.a,Realistic,OI,Occupational Interests,1.24,02/2026,Machine Learning/Expert
15-2051.01,Business Intelligence Analysts,1.B.1.b,Investigative,OI,Occupational Interests,5.41,02/2026,Machine Learning/Expert
15-2051.01,Business Intelligence Analysts,1.B.1.c,Artistic,OI,Occupational Interests,1.93,02/2026,Machine Learning/Expert
15-2051.01,Business Intelligence Analysts,1.B.1.d,Social,OI,Occupational Interests,1.85,02/2026,Machine Learning/Expert
15-2051.01,Business Intelligence Analysts,1.B.1.e,Enterprising,OI,Occupational Interests,4.42,02/2026,Machine Learning/Expert
15-2051.01,Business Intelligence Analysts,1.B.1.f,Conventional,OI,Occupational Interests,5.79,02/2026,Machine Learning/Expert
15-2051.01,Business Intelligence Analysts,1.B.1.g,First Interest High-Point,IH,Occupational Interest High-Point,6.00,02/2026,Machine Learning/Expert
15-2051.01,Business Intelligence Analysts,1.B.1.h,Second Interest High-Point,IH,Occupational Interest High-Point,2.00,02/2026,Machine Learning/Expert
15-2051.01,Business Intelligence Analysts,1.B.1.i,Third Interest High-Point,IH,Occupational Interest High-Point,5.00,02/2026,Machine Learning/Expert
15-2051.02,Clinical Data Managers,1.B.1.a,Realistic,OI,Occupational Interests,1.25,02/2026,Machine Learning/Expert
15-2051.02,Clinical Data Managers,1.B.1.b,Investigative,OI,Occupational Interests,5.66,02/2026,Machine Learning/Expert
15-2051.02,Clinical Data Managers,1.B.1.c,Artistic,OI,Occupational Interests,1.27,02/2026,Machine Learning/Expert
15-2051.02,Clinical Data Managers,1.B.1.d,Social,OI,Occupational Interests,2.82,02/2026,Machine Learning/Expert
15-2051.02,Clinical Data Managers,1.B.1.e,Enterprising,OI,Occupational Interests,3.30,02/2026,Machine Learning/Expert
15-2051.02,Clinical Data Managers,1.B.1.f,Conventional,OI,Occupational Interests,6.58,02/2026,Machine Learning/Expert
15-2051.02,Clinical Data Managers,1.B.1.g,First Interest High-Point,IH,Occupational Interest High-Point,6.00,02/2026,Machine Learning/Expert
15-2051.02,Clinical Data Managers,1.B.1.h,Second Interest High-Point,IH,Occupational Interest High-Point,2.00,02/2026,Machine Learning/Expert
15-2051.02,Clinical Data Managers,1.B.1.i,Third Interest High-Point,IH,Occupational Interest High-Point,0.00,02/2026,Machine Learning/Expert
15-2099.01,Bioinformatics Technicians,1.B.1.a,Realistic,OI,Occupational Interests,3.81,02/2026,Machine Learning/Expert
15-2099.01,Bioinformatics Technicians,1.B.1.b,Investigative,OI,Occupational Interests,6.42,02/2026,Machine Learning/Expert
15-2099.01,Bioinformatics Technicians,1.B.1.c,Artistic,OI,Occupational Interests,1.58,02/2026,Machine Learning/Expert
15-2099.01,Bioinformatics Technicians,1.B.1.d,Social,OI,Occupational Interests,1.69,02/2026,Machine Learning/Expert
15-2099.01,Bioinformatics Technicians,1.B.1.e,Enterprising,OI,Occupational Interests,1.00,02/2026,Machine Learning/Expert
15-2099.01,Bioinformatics Technicians,1.B.1.f,Conventional,OI,Occupational Interests,6.04,02/2026,Machine Learning/Expert
15-2099.01,Bioinformatics Technicians,1.B.1.g,First Interest High-Point,IH,Occupational Interest High-Point,2.00,02/2026,Machine Learning/Expert
15-2099.01,Bioinformatics Technicians,1.B.1.h,Second Interest High-Point,IH,Occupational Interest High-Point,6.00,02/2026,Machine Learning/Expert
15-2099.01,Bioinformatics Technicians,1.B.1.i,Third Interest High-Point,IH,Occupational Interest High-Point,1.00,02/2026,Machine Learning/Expert
17-1011.00,"Architects, Except Landscape and Naval",1.B.1.a,Realistic,OI,Occupational Interests,4.92,02/2026,Machine Learning/Expert
17-1011.00,"Architects, Except Landscape and Naval",1.B.1.b,Investigative,OI,Occupational Interests,3.88,02/2026,Machine Learning/Expert
17-1011.00,"Architects, Except Landscape and Naval",1.B.1.c,Artistic,OI,Occupational Interests,4.13,02/2026,Machine Learning/Expert
17-1011.00,"Architects, Except Landscape and Naval",1.B.1.d,Social,OI,Occupational Interests,2.53,02/2026,Machine Learning/Expert
17-1011.00,"Architects, Except Landscape and Naval",1.B.1.e,Enterprising,OI,Occupational Interests,3.65,02/2026,Machine Learning/Expert
17-1011.00,"Architects, Except Landscape and Naval",1.B.1.f,Conventional,OI,Occupational Interests,4.44,02/2026,Machine Learning/Expert
17-1011.00,"Architects, Except Landscape and Naval",1.B.1.g,First Interest High-Point,IH,Occupational Interest High-Point,1.00,02/2026,Machine Learning/Expert
17-1011.00,"Architects, Except Landscape and Naval",1.B.1.h,Second Interest High-Point,IH,Occupational Interest High-Point,6.00,02/2026,Machine Learning/Expert
17-1011.00,"Architects, Except Landscape and Naval",1.B.1.i,Third Interest High-Point,IH,Occupational Interest High-Point,3.00,02/2026,Machine Learning/Expert
17-1012.00,Landscape Architects,1.B.1.a,Realistic,OI,Occupational Interests,5.42,02/2026,Machine Learning/Expert
17-1012.00,Landscape Architects,1.B.1.b,Investigative,OI,Occupational Interests,4.73,02/2026,Machine Learning/Expert
17-1012.00,Landscape Architects,1.B.1.c,Artistic,OI,Occupational Interests,4.68,02/2026,Machine Learning/Expert
17-1012.00,Landscape Architects,1.B.1.d,Social,OI,Occupational Interests,2.67,02/2026,Machine Learning/Expert
17-1012.00,Landscape Architects,1.B.1.e,Enterprising,OI,Occupational Interests,3.65,02/2026,Machine Learning/Expert
17-1012.00,Landscape Architects,1.B.1.f,Conventional,OI,Occupational Interests,3.70,02/2026,Machine Learning/Expert
17-1012.00,Landscape Architects,1.B.1.g,First Interest High-Point,IH,Occupational Interest High-Point,1.00,02/2026,Machine Learning/Expert
17-1012.00,Landscape Architects,1.B.1.h,Second Interest High-Point,IH,Occupational Interest High-Point,2.00,02/2026,Machine Learning/Expert
17-1012.00,Landscape Architects,1.B.1.i,Third Interest High-Point,IH,Occupational Interest High-Point,3.00,02/2026,Machine Learning/Expert
17-1021.00,Cartographers and Photogrammetrists,1.B.1.a,Realistic,OI,Occupational Interests,4.62,02/2026,Machine Learning/Expert
17-1021.00,Cartographers and Photogrammetrists,1.B.1.b,Investigative,OI,Occupational Interests,5.18,02/2026,Machine Learning/Expert
17-1021.00,Cartographers and Photogrammetrists,1.B.1.c,Artistic,OI,Occupational Interests,3.55,02/2026,Machine Learning/Expert
17-1021.00,Cartographers and Photogrammetrists,1.B.1.d,Social,OI,Occupational Interests,1.78,02/2026,Machine Learning/Expert
17-1021.00,Cartographers and Photogrammetrists,1.B.1.e,Enterprising,OI,Occupational Interests,1.64,02/2026,Machine Learning/Expert
17-1021.00,Cartographers and Photogrammetrists,1.B.1.f,Conventional,OI,Occupational Interests,5.34,02/2026,Machine Learning/Expert
17-1021.00,Cartographers and Photogrammetrists,1.B.1.g,First Interest High-Point,IH,Occupational Interest High-Point,6.00,02/2026,Machine Learning/Expert
17-1021.00,Cartographers and Photogrammetrists,1.B.1.h,Second Interest High-Point,IH,Occupational Interest High-Point,2.00,02/2026,Machine Learning/Expert
17-1021.00,Cartographers and Photogrammetrists,1.B.1.i,Third Interest High-Point,IH,Occupational Interest High-Point,1.00,02/2026,Machine Learning/Expert
17-1022.00,Surveyors,1.B.1.a,Realistic,OI,Occupational Interests,5.25,02/2026,Machine Learning/Expert
17-1022.00,Surveyors,1.B.1.b,Investigative,OI,Occupational Interests,4.73,02/2026,Machine Learning/Expert
17-1022.00,Surveyors,1.B.1.c,Artistic,OI,Occupational Interests,2.12,02/2026,Machine Learning/Expert
17-1022.00,Surveyors,1.B.1.d,Social,OI,Occupational Interests,1.63,02/2026,Machine Learning/Expert
17-1022.00,Surveyors,1.B.1.e,Enterprising,OI,Occupational Interests,1.88,02/2026,Machine Learning/Expert
17-1022.00,Surveyors,1.B.1.f,Conventional,OI,Occupational Interests,5.29,02/2026,Machine Learning/Expert
17-1022.00,Surveyors,1.B.1.g,First Interest High-Point,IH,Occupational Interest High-Point,6.00,02/2026,Machine Learning/Expert
17-1022.00,Surveyors,1.B.1.h,Second Interest High-Point,IH,Occupational Interest High-Point,1.00,02/2026,Machine Learning/Expert
17-1022.00,Surveyors,1.B.1.i,Third Interest High-Point,IH,Occupational Interest High-Point,2.00,02/2026,Machine Learning/Expert
17-1022.01,Geodetic Surveyors,1.B.1.a,Realistic,OI,Occupational Interests,5.50,02/2026,Machine Learning/Expert
17-1022.01,Geodetic Surveyors,1.B.1.b,Investigative,OI,Occupational Interests,5.40,02/2026,Machine Learning/Expert
17-1022.01,Geodetic Surveyors,1.B.1.c,Artistic,OI,Occupational Interests,1.54,02/2026,Machine Learning/Expert
17-1022.01,Geodetic Surveyors,1.B.1.d,Social,OI,Occupational Interests,1.74,02/2026,Machine Learning/Expert
17-1022.01,Geodetic Surveyors,1.B.1.e,Enterprising,OI,Occupational Interests,1.61,02/2026,Machine Learning/Expert
17-1022.01,Geodetic Surveyors,1.B.1.f,Conventional,OI,Occupational Interests,5.29,02/2026,Machine Learning/Expert
17-1022.01,Geodetic Surveyors,1.B.1.g,First Interest High-Point,IH,Occupational Interest High-Point,1.00,02/2026,Machine Learning/Expert
17-1022.01,Geodetic Surveyors,1.B.1.h,Second Interest High-Point,IH,Occupational Interest High-Point,2.00,02/2026,Machine Learning/Expert
17-1022.01,Geodetic Surveyors,1.B.1.i,Third Interest High-Point,IH,Occupational Interest High-Point,6.00,02/2026,Machine Learning/Expert
17-2011.00,Aerospace Engineers,1.B.1.a,Realistic,OI,Occupational Interests,5.65,02/2026,Machine Learning/Expert
17-2011.00,Aerospace Engineers,1.B.1.b,Investigative,OI,Occupational Interests,6.05,02/2026,Machine Learning/Expert
17-2011.00,Aerospace Engineers,1.B.1.c,Artistic,OI,Occupational Interests,2.35,02/2026,Machine Learning/Expert
17-2011.00,Aerospace Engineers,1.B.1.d,Social,OI,Occupational Interests,1.25,02/2026,Machine Learning/Expert
17-2011.00,Aerospace Engineers,1.B.1.e,Enterprising,OI,Occupational Interests,2.52,02/2026,Machine Learning/Expert
17-2011.00,Aerospace Engineers,1.B.1.f,Conventional,OI,Occupational Interests,4.44,02/2026,Machine Learning/Expert
17-2011.00,Aerospace Engineers,1.B.1.g,First Interest High-Point,IH,Occupational Interest High-Point,2.00,02/2026,Machine Learning/Expert
17-2011.00,Aerospace Engineers,1.B.1.h,Second Interest High-Point,IH,Occupational Interest High-Point,1.00,02/2026,Machine Learning/Expert
17-2011.00,Aerospace Engineers,1.B.1.i,Third Interest High-Point,IH,Occupational Interest High-Point,6.00,02/2026,Machine Learning/Expert
17-2021.00,Agricultural Engineers,1.B.1.a,Realistic,OI,Occupational Interests,6.65,02/2026,Machine Learning/Expert
17-2021.00,Agricultural Engineers,1.B.1.b,Investigative,OI,Occupational Interests,6.29,02/2026,Machine Learning/Expert
17-2021.00,Agricultural Engineers,1.B.1.c,Artistic,OI,Occupational Interests,2.19,02/2026,Machine Learning/Expert
17-2021.00,Agricultural Engineers,1.B.1.d,Social,OI,Occupational Interests,1.73,02/2026,Machine Learning/Expert
17-2021.00,Agricultural Engineers,1.B.1.e,Enterprising,OI,Occupational Interests,2.31,02/2026,Machine Learning/Expert
17-2021.00,Agricultural Engineers,1.B.1.f,Conventional,OI,Occupational Interests,3.77,02/2026,Machine Learning/Expert
17-2021.00,Agricultural Engineers,1.B.1.g,First Interest High-Point,IH,Occupational Interest High-Point,1.00,02/2026,Machine Learning/Expert
17-2021.00,Agricultural Engineers,1.B.1.h,Second Interest High-Point,IH,Occupational Interest High-Point,2.00,02/2026,Machine Learning/Expert
17-2021.00,Agricultural Engineers,1.B.1.i,Third Interest High-Point,IH,Occupational Interest High-Point,0.00,02/2026,Machine Learning/Expert
17-2031.00,Bioengineers and Biomedical Engineers,1.B.1.a,Realistic,OI,Occupational Interests,5.44,02/2026,Machine Learning/Expert
17-2031.00,Bioengineers and Biomedical Engineers,1.B.1.b,Investigative,OI,Occupational Interests,6.75,02/2026,Machine Learning/Expert
17-2031.00,Bioengineers and Biomedical Engineers,1.B.1.c,Artistic,OI,Occupational Interests,2.11,02/2026,Machine Learning/Expert
17-2031.00,Bioengineers and Biomedical Engineers,1.B.1.d,Social,OI,Occupational Interests,2.45,02/2026,Machine Learning/Expert
17-2031.00,Bioengineers and Biomedical Engineers,1.B.1.e,Enterprising,OI,Occupational Interests,1.84,02/2026,Machine Learning/Expert
17-2031.00,Bioengineers and Biomedical Engineers,1.B.1.f,Conventional,OI,Occupational Interests,4.48,02/2026,Machine Learning/Expert
17-2031.00,Bioengineers and Biomedical Engineers,1.B.1.g,First Interest High-Point,IH,Occupational Interest High-Point,2.00,02/2026,Machine Learning/Expert
17-2031.00,Bioengineers and Biomedical Engineers,1.B.1.h,Second Interest High-Point,IH,Occupational Interest High-Point,1.00,02/2026,Machine Learning/Expert
17-2031.00,Bioengineers and Biomedical Engineers,1.B.1.i,Third Interest High-Point,IH,Occupational Interest High-Point,6.00,02/2026,Machine Learning/Expert
17-2041.00,Chemical Engineers,1.B.1.a,Realistic,OI,Occupational Interests,6.27,02/2026,Machine Learning/Expert
17-2041.00,Chemical Engineers,1.B.1.b,Investigative,OI,Occupational Interests,5.75,02/2026,Machine Learning/Expert
17-2041.00,Chemical Engineers,1.B.1.c,Artistic,OI,Occupational Interests,1.80,02/2026,Machine Learning/Expert
17-2041.00,Chemical Engineers,1.B.1.d,Social,OI,Occupational Interests,1.02,02/2026,Machine Learning/Expert
17-2041.00,Chemical Engineers,1.B.1.e,Enterprising,OI,Occupational Interests,1.85,02/2026,Machine Learning/Expert
17-2041.00,Chemical Engineers,1.B.1.f,Conventional,OI,Occupational Interests,4.54,02/2026,Machine Learning/Expert
17-2041.00,Chemical Engineers,1.B.1.g,First Interest High-Point,IH,Occupational Interest High-Point,1.00,02/2026,Machine Learning/Expert
17-2041.00,Chemical Engineers,1.B.1.h,Second Interest High-Point,IH,Occupational Interest High-Point,2.00,02/2026,Machine Learning/Expert
17-2041.00,Chemical Engineers,1.B.1.i,Third Interest High-Point,IH,Occupational Interest High-Point,6.00,02/2026,Machine Learning/Expert
17-2051.00,Civil Engineers,1.B.1.a,Realistic,OI,Occupational Interests,6.43,02/2026,Machine Learning/Expert
17-2051.00,Civil Engineers,1.B.1.b,Investigative,OI,Occupational Interests,5.15,02/2026,Machine Learning/Expert
17-2051.00,Civil Engineers,1.B.1.c,Artistic,OI,Occupational Interests,2.21,02/2026,Machine Learning/Expert
17-2051.00,Civil Engineers,1.B.1.d,Social,OI,Occupational Interests,1.69,02/2026,Machine Learning/Expert
17-2051.00,Civil Engineers,1.B.1.e,Enterprising,OI,Occupational Interests,2.66,02/2026,Machine Learning/Expert
17-2051.00,Civil Engineers,1.B.1.f,Conventional,OI,Occupational Interests,4.61,02/2026,Machine Learning/Expert
17-2051.00,Civil Engineers,1.B.1.g,First Interest High-Point,IH,Occupational Interest High-Point,1.00,02/2026,Machine Learning/Expert
17-2051.00,Civil Engineers,1.B.1.h,Second Interest High-Point,IH,Occupational Interest High-Point,2.00,02/2026,Machine Learning/Expert
17-2051.00,Civil Engineers,1.B.1.i,Third Interest High-Point,IH,Occupational Interest High-Point,6.00,02/2026,Machine Learning/Expert
17-2051.01,Transportation Engineers,1.B.1.a,Realistic,OI,Occupational Interests,5.37,02/2026,Machine Learning/Expert
17-2051.01,Transportation Engineers,1.B.1.b,Investigative,OI,Occupational Interests,5.08,02/2026,Machine Learning/Expert
17-2051.01,Transportation Engineers,1.B.1.c,Artistic,OI,Occupational Interests,2.13,02/2026,Machine Learning/Expert
17-2051.01,Transportation Engineers,1.B.1.d,Social,OI,Occupational Interests,1.97,02/2026,Machine Learning/Expert
17-2051.01,Transportation Engineers,1.B.1.e,Enterprising,OI,Occupational Interests,3.09,02/2026,Machine Learning/Expert
17-2051.01,Transportation Engineers,1.B.1.f,Conventional,OI,Occupational Interests,4.41,02/2026,Machine Learning/Expert
17-2051.01,Transportation Engineers,1.B.1.g,First Interest High-Point,IH,Occupational Interest High-Point,1.00,02/2026,Machine Learning/Expert
17-2051.01,Transportation Engineers,1.B.1.h,Second Interest High-Point,IH,Occupational Interest High-Point,2.00,02/2026,Machine Learning/Expert
17-2051.01,Transportation Engineers,1.B.1.i,Third Interest High-Point,IH,Occupational Interest High-Point,6.00,02/2026,Machine Learning/Expert
17-2051.02,Water/Wastewater Engineers,1.B.1.a,Realistic,OI,Occupational Interests,5.62,11/2023,Machine Learning
17-2051.02,Water/Wastewater Engineers,1.B.1.b,Investigative,OI,Occupational Interests,5.35,11/2023,Machine Learning
17-2051.02,Water/Wastewater Engineers,1.B.1.c,Artistic,OI,Occupational Interests,1.85,11/2023,Machine Learning
17-2051.02,Water/Wastewater Engineers,1.B.1.d,Social,OI,Occupational Interests,1.76,11/2023,Machine Learning
17-2051.02,Water/Wastewater Engineers,1.B.1.e,Enterprising,OI,Occupational Interests,2.90,11/2023,Machine Learning
17-2051.02,Water/Wastewater Engineers,1.B.1.f,Conventional,OI,Occupational Interests,4.53,11/2023,Machine Learning
17-2051.02,Water/Wastewater Engineers,1.B.1.g,First Interest High-Point,IH,Occupational Interest High-Point,1.00,11/2023,Machine Learning
17-2051.02,Water/Wastewater Engineers,1.B.1.h,Second Interest High-Point,IH,Occupational Interest High-Point,2.00,11/2023,Machine Learning
17-2051.02,Water/Wastewater Engineers,1.B.1.i,Third Interest High-Point,IH,Occupational Interest High-Point,6.00,11/2023,Machine Learning
17-2061.00,Computer Hardware Engineers,1.B.1.a,Realistic,OI,Occupational Interests,5.69,02/2026,Machine Learning/Expert
17-2061.00,Computer Hardware Engineers,1.B.1.b,Investigative,OI,Occupational Interests,5.56,02/2026,Machine Learning/Expert
17-2061.00,Computer Hardware Engineers,1.B.1.c,Artistic,OI,Occupational Interests,1.83,02/2026,Machine Learning/Expert
17-2061.00,Computer Hardware Engineers,1.B.1.d,Social,OI,Occupational Interests,1.82,02/2026,Machine Learning/Expert
17-2061.00,Computer Hardware Engineers,1.B.1.e,Enterprising,OI,Occupational Interests,1.98,02/2026,Machine Learning/Expert
17-2061.00,Computer Hardware Engineers,1.B.1.f,Conventional,OI,Occupational Interests,5.37,02/2026,Machine Learning/Expert
17-2061.00,Computer Hardware Engineers,1.B.1.g,First Interest High-Point,IH,Occupational Interest High-Point,1.00,02/2026,Machine Learning/Expert
17-2061.00,Computer Hardware Engineers,1.B.1.h,Second Interest High-Point,IH,Occupational Interest High-Point,2.00,02/2026,Machine Learning/Expert
17-2061.00,Computer Hardware Engineers,1.B.1.i,Third Interest High-Point,IH,Occupational Interest High-Point,6.00,02/2026,Machine Learning/Expert
17-2071.00,Electrical Engineers,1.B.1.a,Realistic,OI,Occupational Interests,6.02,02/2026,Machine Learning/Expert
17-2071.00,Electrical Engineers,1.B.1.b,Investigative,OI,Occupational Interests,5.45,02/2026,Machine Learning/Expert
17-2071.00,Electrical Engineers,1.B.1.c,Artistic,OI,Occupational Interests,2.12,02/2026,Machine Learning/Expert
17-2071.00,Electrical Engineers,1.B.1.d,Social,OI,Occupational Interests,1.72,02/2026,Machine Learning/Expert
17-2071.00,Electrical Engineers,1.B.1.e,Enterprising,OI,Occupational Interests,2.44,02/2026,Machine Learning/Expert
17-2071.00,Electrical Engineers,1.B.1.f,Conventional,OI,Occupational Interests,4.43,02/2026,Machine Learning/Expert
17-2071.00,Electrical Engineers,1.B.1.g,First Interest High-Point,IH,Occupational Interest High-Point,1.00,02/2026,Machine Learning/Expert
17-2071.00,Electrical Engineers,1.B.1.h,Second Interest High-Point,IH,Occupational Interest High-Point,2.00,02/2026,Machine Learning/Expert
17-2071.00,Electrical Engineers,1.B.1.i,Third Interest High-Point,IH,Occupational Interest High-Point,6.00,02/2026,Machine Learning/Expert
17-2072.00,"Electronics Engineers, Except Computer",1.B.1.a,Realistic,OI,Occupational Interests,6.24,02/2026,Machine Learning/Expert
17-2072.00,"Electronics Engineers, Except Computer",1.B.1.b,Investigative,OI,Occupational Interests,5.81,02/2026,Machine Learning/Expert
17-2072.00,"Electronics Engineers, Except Computer",1.B.1.c,Artistic,OI,Occupational Interests,2.03,02/2026,Machine Learning/Expert
17-2072.00,"Electronics Engineers, Except Computer",1.B.1.d,Social,OI,Occupational Interests,1.59,02/2026,Machine Learning/Expert
17-2072.00,"Electronics Engineers, Except Computer",1.B.1.e,Enterprising,OI,Occupational Interests,1.62,02/2026,Machine Learning/Expert
17-2072.00,"Electronics Engineers, Except Computer",1.B.1.f,Conventional,OI,Occupational Interests,4.68,02/2026,Machine Learning/Expert
17-2072.00,"Electronics Engineers, Except Computer",1.B.1.g,First Interest High-Point,IH,Occupational Interest High-Point,1.00,02/2026,Machine Learning/Expert
17-2072.00,"Electronics Engineers, Except Computer",1.B.1.h,Second Interest High-Point,IH,Occupational Interest High-Point,2.00,02/2026,Machine Learning/Expert
17-2072.00,"Electronics Engineers, Except Computer",1.B.1.i,Third Interest High-Point,IH,Occupational Interest High-Point,6.00,02/2026,Machine Learning/Expert
17-2072.01,Radio Frequency Identification Device Specialists,1.B.1.a,Realistic,OI,Occupational Interests,5.08,02/2026,Machine Learning/Expert
17-2072.01,Radio Frequency Identification Device Specialists,1.B.1.b,Investigative,OI,Occupational Interests,4.85,02/2026,Machine Learning/Expert
17-2072.01,Radio Frequency Identification Device Specialists,1.B.1.c,Artistic,OI,Occupational Interests,1.41,02/2026,Machine Learning/Expert
17-2072.01,Radio Frequency Identification Device Specialists,1.B.1.d,Social,OI,Occupational Interests,1.54,02/2026,Machine Learning/Expert
17-2072.01,Radio Frequency Identification Device Specialists,1.B.1.e,Enterprising,OI,Occupational Interests,1.56,02/2026,Machine Learning/Expert
17-2072.01,Radio Frequency Identification Device Specialists,1.B.1.f,Conventional,OI,Occupational Interests,5.31,02/2026,Machine Learning/Expert
17-2072.01,Radio Frequency Identification Device Specialists,1.B.1.g,First Interest High-Point,IH,Occupational Interest High-Point,6.00,02/2026,Machine Learning/Expert
17-2072.01,Radio Frequency Identification Device Specialists,1.B.1.h,Second Interest High-Point,IH,Occupational Interest High-Point,1.00,02/2026,Machine Learning/Expert
17-2072.01,Radio Frequency Identification Device Specialists,1.B.1.i,Third Interest High-Point,IH,Occupational Interest High-Point,2.00,02/2026,Machine Learning/Expert
17-2081.00,Environmental Engineers,1.B.1.a,Realistic,OI,Occupational Interests,5.17,02/2026,Machine Learning/Expert
17-2081.00,Environmental Engineers,1.B.1.b,Investigative,OI,Occupational Interests,6.10,02/2026,Machine Learning/Expert
17-2081.00,Environmental Engineers,1.B.1.c,Artistic,OI,Occupational Interests,1.96,02/2026,Machine Learning/Expert
17-2081.00,Environmental Engineers,1.B.1.d,Social,OI,Occupational Interests,2.22,02/2026,Machine Learning/Expert
17-2081.00,Environmental Engineers,1.B.1.e,Enterprising,OI,Occupational Interests,3.17,02/2026,Machine Learning/Expert
17-2081.00,Environmental Engineers,1.B.1.f,Conventional,OI,Occupational Interests,4.59,02/2026,Machine Learning/Expert
17-2081.00,Environmental Engineers,1.B.1.g,First Interest High-Point,IH,Occupational Interest High-Point,2.00,02/2026,Machine Learning/Expert
17-2081.00,Environmental Engineers,1.B.1.h,Second Interest High-Point,IH,Occupational Interest High-Point,1.00,02/2026,Machine Learning/Expert
17-2081.00,Environmental Engineers,1.B.1.i,Third Interest High-Point,IH,Occupational Interest High-Point,6.00,02/2026,Machine Learning/Expert
17-2111.00,"Health and Safety Engineers, Except Mining Safety Engineers and Inspectors",1.B.1.a,Realistic,OI,Occupational Interests,5.36,02/2026,Machine Learning/Expert
17-2111.00,"Health and Safety Engineers, Except Mining Safety Engineers and Inspectors",1.B.1.b,Investigative,OI,Occupational Interests,5.63,02/2026,Machine Learning/Expert
17-2111.00,"Health and Safety Engineers, Except Mining Safety Engineers and Inspectors",1.B.1.c,Artistic,OI,Occupational Interests,1.04,02/2026,Machine Learning/Expert
17-2111.00,"Health and Safety Engineers, Except Mining Safety Engineers and Inspectors",1.B.1.d,Social,OI,Occupational Interests,2.17,02/2026,Machine Learning/Expert
17-2111.00,"Health and Safety Engineers, Except Mining Safety Engineers and Inspectors",1.B.1.e,Enterprising,OI,Occupational Interests,2.27,02/2026,Machine Learning/Expert
17-2111.00,"Health and Safety Engineers, Except Mining Safety Engineers and Inspectors",1.B.1.f,Conventional,OI,Occupational Interests,4.68,02/2026,Machine Learning/Expert
17-2111.00,"Health and Safety Engineers, Except Mining Safety Engineers and Inspectors",1.B.1.g,First Interest High-Point,IH,Occupational Interest High-Point,2.00,02/2026,Machine Learning/Expert
17-2111.00,"Health and Safety Engineers, Except Mining Safety Engineers and Inspectors",1.B.1.h,Second Interest High-Point,IH,Occupational Interest High-Point,1.00,02/2026,Machine Learning/Expert
17-2111.00,"Health and Safety Engineers, Except Mining Safety Engineers and Inspectors",1.B.1.i,Third Interest High-Point,IH,Occupational Interest High-Point,6.00,02/2026,Machine Learning/Expert
17-2111.02,Fire-Prevention and Protection Engineers,1.B.1.a,Realistic,OI,Occupational Interests,6.33,02/2026,Machine Learning/Expert
17-2111.02,Fire-Prevention and Protection Engineers,1.B.1.b,Investigative,OI,Occupational Interests,5.19,02/2026,Machine Learning/Expert
17-2111.02,Fire-Prevention and Protection Engineers,1.B.1.c,Artistic,OI,Occupational Interests,1.47,02/2026,Machine Learning/Expert
17-2111.02,Fire-Prevention and Protection Engineers,1.B.1.d,Social,OI,Occupational Interests,2.84,02/2026,Machine Learning/Expert
17-2111.02,Fire-Prevention and Protection Engineers,1.B.1.e,Enterprising,OI,Occupational Interests,2.80,02/2026,Machine Learning/Expert
17-2111.02,Fire-Prevention and Protection Engineers,1.B.1.f,Conventional,OI,Occupational Interests,4.47,02/2026,Machine Learning/Expert
17-2111.02,Fire-Prevention and Protection Engineers,1.B.1.g,First Interest High-Point,IH,Occupational Interest High-Point,1.00,02/2026,Machine Learning/Expert
17-2111.02,Fire-Prevention and Protection Engineers,1.B.1.h,Second Interest High-Point,IH,Occupational Interest High-Point,2.00,02/2026,Machine Learning/Expert
17-2111.02,Fire-Prevention and Protection Engineers,1.B.1.i,Third Interest High-Point,IH,Occupational Interest High-Point,6.00,02/2026,Machine Learning/Expert
17-2112.00,Industrial Engineers,1.B.1.a,Realistic,OI,Occupational Interests,4.96,02/2026,Machine Learning/Expert
17-2112.00,Industrial Engineers,1.B.1.b,Investigative,OI,Occupational Interests,4.99,02/2026,Machine Learning/Expert
17-2112.00,Industrial Engineers,1.B.1.c,Artistic,OI,Occupational Interests,1.58,02/2026,Machine Learning/Expert
17-2112.00,Industrial Engineers,1.B.1.d,Social,OI,Occupational Interests,1.37,02/2026,Machine Learning/Expert
17-2112.00,Industrial Engineers,1.B.1.e,Enterprising,OI,Occupational Interests,3.29,02/2026,Machine Learning/Expert
17-2112.00,Industrial Engineers,1.B.1.f,Conventional,OI,Occupational Interests,5.35,02/2026,Machine Learning/Expert
17-2112.00,Industrial Engineers,1.B.1.g,First Interest High-Point,IH,Occupational Interest High-Point,6.00,02/2026,Machine Learning/Expert
17-2112.00,Industrial Engineers,1.B.1.h,Second Interest High-Point,IH,Occupational Interest High-Point,2.00,02/2026,Machine Learning/Expert
17-2112.00,Industrial Engineers,1.B.1.i,Third Interest High-Point,IH,Occupational Interest High-Point,1.00,02/2026,Machine Learning/Expert
17-2112.01,Human Factors Engineers and Ergonomists,1.B.1.a,Realistic,OI,Occupational Interests,4.54,02/2026,Machine Learning/Expert
17-2112.01,Human Factors Engineers and Ergonomists,1.B.1.b,Investigative,OI,Occupational Interests,6.21,02/2026,Machine Learning/Expert
17-2112.01,Human Factors Engineers and Ergonomists,1.B.1.c,Artistic,OI,Occupational Interests,2.65,02/2026,Machine Learning/Expert
17-2112.01,Human Factors Engineers and Ergonomists,1.B.1.d,Social,OI,Occupational Interests,2.15,02/2026,Machine Learning/Expert
17-2112.01,Human Factors Engineers and Ergonomists,1.B.1.e,Enterprising,OI,Occupational Interests,2.59,02/2026,Machine Learning/Expert
17-2112.01,Human Factors Engineers and Ergonomists,1.B.1.f,Conventional,OI,Occupational Interests,4.40,02/2026,Machine Learning/Expert
17-2112.01,Human Factors Engineers and Ergonomists,1.B.1.g,First Interest High-Point,IH,Occupational Interest High-Point,2.00,02/2026,Machine Learning/Expert
17-2112.01,Human Factors Engineers and Ergonomists,1.B.1.h,Second Interest High-Point,IH,Occupational Interest High-Point,1.00,02/2026,Machine Learning/Expert
17-2112.01,Human Factors Engineers and Ergonomists,1.B.1.i,Third Interest High-Point,IH,Occupational Interest High-Point,6.00,02/2026,Machine Learning/Expert
17-2112.02,Validation Engineers,1.B.1.a,Realistic,OI,Occupational Interests,4.85,02/2026,Machine Learning/Expert
17-2112.02,Validation Engineers,1.B.1.b,Investigative,OI,Occupational Interests,5.56,02/2026,Machine Learning/Expert
17-2112.02,Validation Engineers,1.B.1.c,Artistic,OI,Occupational Interests,1.48,02/2026,Machine Learning/Expert
17-2112.02,Validation Engineers,1.B.1.d,Social,OI,Occupational Interests,1.43,02/2026,Machine Learning/Expert
17-2112.02,Validation Engineers,1.B.1.e,Enterprising,OI,Occupational Interests,2.02,02/2026,Machine Learning/Expert
17-2112.02,Validation Engineers,1.B.1.f,Conventional,OI,Occupational Interests,5.07,02/2026,Machine Learning/Expert
17-2112.02,Validation Engineers,1.B.1.g,First Interest High-Point,IH,Occupational Interest High-Point,2.00,02/2026,Machine Learning/Expert
17-2112.02,Validation Engineers,1.B.1.h,Second Interest High-Point,IH,Occupational Interest High-Point,6.00,02/2026,Machine Learning/Expert
17-2112.02,Validation Engineers,1.B.1.i,Third Interest High-Point,IH,Occupational Interest High-Point,1.00,02/2026,Machine Learning/Expert
17-2112.03,Manufacturing Engineers,1.B.1.a,Realistic,OI,Occupational Interests,5.27,02/2026,Machine Learning/Expert
17-2112.03,Manufacturing Engineers,1.B.1.b,Investigative,OI,Occupational Interests,4.53,02/2026,Machine Learning/Expert
17-2112.03,Manufacturing Engineers,1.B.1.c,Artistic,OI,Occupational Interests,2.22,02/2026,Machine Learning/Expert
17-2112.03,Manufacturing Engineers,1.B.1.d,Social,OI,Occupational Interests,1.60,02/2026,Machine Learning/Expert
17-2112.03,Manufacturing Engineers,1.B.1.e,Enterprising,OI,Occupational Interests,3.09,02/2026,Machine Learning/Expert
17-2112.03,Manufacturing Engineers,1.B.1.f,Conventional,OI,Occupational Interests,4.41,02/2026,Machine Learning/Expert
17-2112.03,Manufacturing Engineers,1.B.1.g,First Interest High-Point,IH,Occupational Interest High-Point,1.00,02/2026,Machine Learning/Expert
17-2112.03,Manufacturing Engineers,1.B.1.h,Second Interest High-Point,IH,Occupational Interest High-Point,2.00,02/2026,Machine Learning/Expert
17-2112.03,Manufacturing Engineers,1.B.1.i,Third Interest High-Point,IH,Occupational Interest High-Point,6.00,02/2026,Machine Learning/Expert
17-2121.00,Marine Engineers and Naval Architects,1.B.1.a,Realistic,OI,Occupational Interests,5.74,02/2026,Machine Learning/Expert
17-2121.00,Marine Engineers and Naval Architects,1.B.1.b,Investigative,OI,Occupational Interests,5.71,02/2026,Machine Learning/Expert
17-2121.00,Marine Engineers and Naval Architects,1.B.1.c,Artistic,OI,Occupational Interests,2.62,02/2026,Machine Learning/Expert
17-2121.00,Marine Engineers and Naval Architects,1.B.1.d,Social,OI,Occupational Interests,1.27,02/2026,Machine Learning/Expert
17-2121.00,Marine Engineers and Naval Architects,1.B.1.e,Enterprising,OI,Occupational Interests,3.26,02/2026,Machine Learning/Expert
17-2121.00,Marine Engineers and Naval Architects,1.B.1.f,Conventional,OI,Occupational Interests,4.31,02/2026,Machine Learning/Expert
17-2121.00,Marine Engineers and Naval Architects,1.B.1.g,First Interest High-Point,IH,Occupational Interest High-Point,1.00,02/2026,Machine Learning/Expert
17-2121.00,Marine Engineers and Naval Architects,1.B.1.h,Second Interest High-Point,IH,Occupational Interest High-Point,2.00,02/2026,Machine Learning/Expert
17-2121.00,Marine Engineers and Naval Architects,1.B.1.i,Third Interest High-Point,IH,Occupational Interest High-Point,6.00,02/2026,Machine Learning/Expert
17-2131.00,Materials Engineers,1.B.1.a,Realistic,OI,Occupational Interests,5.88,02/2026,Machine Learning/Expert
17-2131.00,Materials Engineers,1.B.1.b,Investigative,OI,Occupational Interests,5.82,02/2026,Machine Learning/Expert
17-2131.00,Materials Engineers,1.B.1.c,Artistic,OI,Occupational Interests,2.54,02/2026,Machine Learning/Expert
17-2131.00,Materials Engineers,1.B.1.d,Social,OI,Occupational Interests,1.38,02/2026,Machine Learning/Expert
17-2131.00,Materials Engineers,1.B.1.e,Enterprising,OI,Occupational Interests,2.06,02/2026,Machine Learning/Expert
17-2131.00,Materials Engineers,1.B.1.f,Conventional,OI,Occupational Interests,4.11,02/2026,Machine Learning/Expert
17-2131.00,Materials Engineers,1.B.1.g,First Interest High-Point,IH,Occupational Interest High-Point,1.00,02/2026,Machine Learning/Expert
17-2131.00,Materials Engineers,1.B.1.h,Second Interest High-Point,IH,Occupational Interest High-Point,2.00,02/2026,Machine Learning/Expert
17-2131.00,Materials Engineers,1.B.1.i,Third Interest High-Point,IH,Occupational Interest High-Point,6.00,02/2026,Machine Learning/Expert
17-2141.00,Mechanical Engineers,1.B.1.a,Realistic,OI,Occupational Interests,6.39,02/2026,Machine Learning/Expert
17-2141.00,Mechanical Engineers,1.B.1.b,Investigative,OI,Occupational Interests,5.12,02/2026,Machine Learning/Expert
17-2141.00,Mechanical Engineers,1.B.1.c,Artistic,OI,Occupational Interests,2.02,02/2026,Machine Learning/Expert
17-2141.00,Mechanical Engineers,1.B.1.d,Social,OI,Occupational Interests,1.22,02/2026,Machine Learning/Expert
17-2141.00,Mechanical Engineers,1.B.1.e,Enterprising,OI,Occupational Interests,1.97,02/2026,Machine Learning/Expert
17-2141.00,Mechanical Engineers,1.B.1.f,Conventional,OI,Occupational Interests,4.83,02/2026,Machine Learning/Expert
17-2141.00,Mechanical Engineers,1.B.1.g,First Interest High-Point,IH,Occupational Interest High-Point,1.00,02/2026,Machine Learning/Expert
17-2141.00,Mechanical Engineers,1.B.1.h,Second Interest High-Point,IH,Occupational Interest High-Point,2.00,02/2026,Machine Learning/Expert
17-2141.00,Mechanical Engineers,1.B.1.i,Third Interest High-Point,IH,Occupational Interest High-Point,6.00,02/2026,Machine Learning/Expert
17-2141.01,Fuel Cell Engineers,1.B.1.a,Realistic,OI,Occupational Interests,5.53,02/2026,Machine Learning/Expert
17-2141.01,Fuel Cell Engineers,1.B.1.b,Investigative,OI,Occupational Interests,5.37,02/2026,Machine Learning/Expert
17-2141.01,Fuel Cell Engineers,1.B.1.c,Artistic,OI,Occupational Interests,1.83,02/2026,Machine Learning/Expert
17-2141.01,Fuel Cell Engineers,1.B.1.d,Social,OI,Occupational Interests,1.44,02/2026,Machine Learning/Expert
17-2141.01,Fuel Cell Engineers,1.B.1.e,Enterprising,OI,Occupational Interests,2.51,02/2026,Machine Learning/Expert
17-2141.01,Fuel Cell Engineers,1.B.1.f,Conventional,OI,Occupational Interests,4.06,02/2026,Machine Learning/Expert
17-2141.01,Fuel Cell Engineers,1.B.1.g,First Interest High-Point,IH,Occupational Interest High-Point,1.00,02/2026,Machine Learning/Expert
17-2141.01,Fuel Cell Engineers,1.B.1.h,Second Interest High-Point,IH,Occupational Interest High-Point,2.00,02/2026,Machine Learning/Expert
17-2141.01,Fuel Cell Engineers,1.B.1.i,Third Interest High-Point,IH,Occupational Interest High-Point,6.00,02/2026,Machine Learning/Expert
17-2141.02,Automotive Engineers,1.B.1.a,Realistic,OI,Occupational Interests,6.17,02/2026,Machine Learning/Expert
17-2141.02,Automotive Engineers,1.B.1.b,Investigative,OI,Occupational Interests,5.67,02/2026,Machine Learning/Expert
17-2141.02,Automotive Engineers,1.B.1.c,Artistic,OI,Occupational Interests,2.55,02/2026,Machine Learning/Expert
17-2141.02,Automotive Engineers,1.B.1.d,Social,OI,Occupational Interests,1.37,02/2026,Machine Learning/Expert
17-2141.02,Automotive Engineers,1.B.1.e,Enterprising,OI,Occupational Interests,2.13,02/2026,Machine Learning/Expert
17-2141.02,Automotive Engineers,1.B.1.f,Conventional,OI,Occupational Interests,4.06,02/2026,Machine Learning/Expert
17-2141.02,Automotive Engineers,1.B.1.g,First Interest High-Point,IH,Occupational Interest High-Point,1.00,02/2026,Machine Learning/Expert
17-2141.02,Automotive Engineers,1.B.1.h,Second Interest High-Point,IH,Occupational Interest High-Point,2.00,02/2026,Machine Learning/Expert
17-2141.02,Automotive Engineers,1.B.1.i,Third Interest High-Point,IH,Occupational Interest High-Point,6.00,02/2026,Machine Learning/Expert
17-2151.00,"Mining and Geological Engineers, Including Mining Safety Engineers",1.B.1.a,Realistic,OI,Occupational Interests,6.08,02/2026,Machine Learning/Expert
17-2151.00,"Mining and Geological Engineers, Including Mining Safety Engineers",1.B.1.b,Investigative,OI,Occupational Interests,5.58,02/2026,Machine Learning/Expert
17-2151.00,"Mining and Geological Engineers, Including Mining Safety Engineers",1.B.1.c,Artistic,OI,Occupational Interests,1.55,02/2026,Machine Learning/Expert
17-2151.00,"Mining and Geological Engineers, Including Mining Safety Engineers",1.B.1.d,Social,OI,Occupational Interests,1.84,02/2026,Machine Learning/Expert
17-2151.00,"Mining and Geological Engineers, Including Mining Safety Engineers",1.B.1.e,Enterprising,OI,Occupational Interests,2.75,02/2026,Machine Learning/Expert
17-2151.00,"Mining and Geological Engineers, Including Mining Safety Engineers",1.B.1.f,Conventional,OI,Occupational Interests,4.64,02/2026,Machine Learning/Expert
17-2151.00,"Mining and Geological Engineers, Including Mining Safety Engineers",1.B.1.g,First Interest High-Point,IH,Occupational Interest High-Point,1.00,02/2026,Machine Learning/Expert
17-2151.00,"Mining and Geological Engineers, Including Mining Safety Engineers",1.B.1.h,Second Interest High-Point,IH,Occupational Interest High-Point,2.00,02/2026,Machine Learning/Expert
17-2151.00,"Mining and Geological Engineers, Including Mining Safety Engineers",1.B.1.i,Third Interest High-Point,IH,Occupational Interest High-Point,6.00,02/2026,Machine Learning/Expert
17-2161.00,Nuclear Engineers,1.B.1.a,Realistic,OI,Occupational Interests,4.92,02/2026,Machine Learning/Expert
17-2161.00,Nuclear Engineers,1.B.1.b,Investigative,OI,Occupational Interests,6.44,02/2026,Machine Learning/Expert
17-2161.00,Nuclear Engineers,1.B.1.c,Artistic,OI,Occupational Interests,2.05,02/2026,Machine Learning/Expert
17-2161.00,Nuclear Engineers,1.B.1.d,Social,OI,Occupational Interests,1.89,02/2026,Machine Learning/Expert
17-2161.00,Nuclear Engineers,1.B.1.e,Enterprising,OI,Occupational Interests,2.53,02/2026,Machine Learning/Expert
17-2161.00,Nuclear Engineers,1.B.1.f,Conventional,OI,Occupational Interests,4.48,02/2026,Machine Learning/Expert
17-2161.00,Nuclear Engineers,1.B.1.g,First Interest High-Point,IH,Occupational Interest High-Point,2.00,02/2026,Machine Learning/Expert
17-2161.00,Nuclear Engineers,1.B.1.h,Second Interest High-Point,IH,Occupational Interest High-Point,1.00,02/2026,Machine Learning/Expert
17-2161.00,Nuclear Engineers,1.B.1.i,Third Interest High-Point,IH,Occupational Interest High-Point,6.00,02/2026,Machine Learning/Expert
17-2171.00,Petroleum Engineers,1.B.1.a,Realistic,OI,Occupational Interests,5.37,02/2026,Machine Learning/Expert
17-2171.00,Petroleum Engineers,1.B.1.b,Investigative,OI,Occupational Interests,5.33,02/2026,Machine Learning/Expert
17-2171.00,Petroleum Engineers,1.B.1.c,Artistic,OI,Occupational Interests,1.92,02/2026,Machine Learning/Expert
17-2171.00,Petroleum Engineers,1.B.1.d,Social,OI,Occupational Interests,1.78,02/2026,Machine Learning/Expert
17-2171.00,Petroleum Engineers,1.B.1.e,Enterprising,OI,Occupational Interests,3.04,02/2026,Machine Learning/Expert
17-2171.00,Petroleum Engineers,1.B.1.f,Conventional,OI,Occupational Interests,4.32,02/2026,Machine Learning/Expert
17-2171.00,Petroleum Engineers,1.B.1.g,First Interest High-Point,IH,Occupational Interest High-Point,1.00,02/2026,Machine Learning/Expert
17-2171.00,Petroleum Engineers,1.B.1.h,Second Interest High-Point,IH,Occupational Interest High-Point,2.00,02/2026,Machine Learning/Expert
17-2171.00,Petroleum Engineers,1.B.1.i,Third Interest High-Point,IH,Occupational Interest High-Point,6.00,02/2026,Machine Learning/Expert
17-2199.03,"Energy Engineers, Except Wind and Solar",1.B.1.a,Realistic,OI,Occupational Interests,5.20,02/2026,Machine Learning/Expert
17-2199.03,"Energy Engineers, Except Wind and Solar",1.B.1.b,Investigative,OI,Occupational Interests,4.69,02/2026,Machine Learning/Expert
17-2199.03,"Energy Engineers, Except Wind and Solar",1.B.1.c,Artistic,OI,Occupational Interests,2.03,02/2026,Machine Learning/Expert
17-2199.03,"Energy Engineers, Except Wind and Solar",1.B.1.d,Social,OI,Occupational Interests,2.24,02/2026,Machine Learning/Expert
17-2199.03,"Energy Engineers, Except Wind and Solar",1.B.1.e,Enterprising,OI,Occupational Interests,3.09,02/2026,Machine Learning/Expert
17-2199.03,"Energy Engineers, Except Wind and Solar",1.B.1.f,Conventional,OI,Occupational Interests,4.40,02/2026,Machine Learning/Expert
17-2199.03,"Energy Engineers, Except Wind and Solar",1.B.1.g,First Interest High-Point,IH,Occupational Interest High-Point,1.00,02/2026,Machine Learning/Expert
17-2199.03,"Energy Engineers, Except Wind and Solar",1.B.1.h,Second Interest High-Point,IH,Occupational Interest High-Point,2.00,02/2026,Machine Learning/Expert
17-2199.03,"Energy Engineers, Except Wind and Solar",1.B.1.i,Third Interest High-Point,IH,Occupational Interest High-Point,6.00,02/2026,Machine Learning/Expert
17-2199.05,Mechatronics Engineers,1.B.1.a,Realistic,OI,Occupational Interests,5.68,02/2026,Machine Learning/Expert
17-2199.05,Mechatronics Engineers,1.B.1.b,Investigative,OI,Occupational Interests,5.55,02/2026,Machine Learning/Expert
17-2199.05,Mechatronics Engineers,1.B.1.c,Artistic,OI,Occupational Interests,2.43,02/2026,Machine Learning/Expert
17-2199.05,Mechatronics Engineers,1.B.1.d,Social,OI,Occupational Interests,1.58,02/2026,Machine Learning/Expert
17-2199.05,Mechatronics Engineers,1.B.1.e,Enterprising,OI,Occupational Interests,1.72,02/2026,Machine Learning/Expert
17-2199.05,Mechatronics Engineers,1.B.1.f,Conventional,OI,Occupational Interests,4.84,02/2026,Machine Learning/Expert
17-2199.05,Mechatronics Engineers,1.B.1.g,First Interest High-Point,IH,Occupational Interest High-Point,1.00,02/2026,Machine Learning/Expert
17-2199.05,Mechatronics Engineers,1.B.1.h,Second Interest High-Point,IH,Occupational Interest High-Point,2.00,02/2026,Machine Learning/Expert
17-2199.05,Mechatronics Engineers,1.B.1.i,Third Interest High-Point,IH,Occupational Interest High-Point,6.00,02/2026,Machine Learning/Expert
17-2199.06,Microsystems Engineers,1.B.1.a,Realistic,OI,Occupational Interests,5.48,02/2026,Machine Learning/Expert
17-2199.06,Microsystems Engineers,1.B.1.b,Investigative,OI,Occupational Interests,6.19,02/2026,Machine Learning/Expert
17-2199.06,Microsystems Engineers,1.B.1.c,Artistic,OI,Occupational Interests,1.93,02/2026,Machine Learning/Expert
17-2199.06,Microsystems Engineers,1.B.1.d,Social,OI,Occupational Interests,1.55,02/2026,Machine Learning/Expert
17-2199.06,Microsystems Engineers,1.B.1.e,Enterprising,OI,Occupational Interests,1.40,02/2026,Machine Learning/Expert
17-2199.06,Microsystems Engineers,1.B.1.f,Conventional,OI,Occupational Interests,4.91,02/2026,Machine Learning/Expert
17-2199.06,Microsystems Engineers,1.B.1.g,First Interest High-Point,IH,Occupational Interest High-Point,2.00,02/2026,Machine Learning/Expert
17-2199.06,Microsystems Engineers,1.B.1.h,Second Interest High-Point,IH,Occupational Interest High-Point,1.00,02/2026,Machine Learning/Expert
17-2199.06,Microsystems Engineers,1.B.1.i,Third Interest High-Point,IH,Occupational Interest High-Point,6.00,02/2026,Machine Learning/Expert
17-2199.07,Photonics Engineers,1.B.1.a,Realistic,OI,Occupational Interests,5.90,02/2026,Machine Learning/Expert
17-2199.07,Photonics Engineers,1.B.1.b,Investigative,OI,Occupational Interests,5.88,02/2026,Machine Learning/Expert
17-2199.07,Photonics Engineers,1.B.1.c,Artistic,OI,Occupational Interests,2.80,02/2026,Machine Learning/Expert
17-2199.07,Photonics Engineers,1.B.1.d,Social,OI,Occupational Interests,1.39,02/2026,Machine Learning/Expert
17-2199.07,Photonics Engineers,1.B.1.e,Enterprising,OI,Occupational Interests,1.70,02/2026,Machine Learning/Expert
17-2199.07,Photonics Engineers,1.B.1.f,Conventional,OI,Occupational Interests,3.96,02/2026,Machine Learning/Expert
17-2199.07,Photonics Engineers,1.B.1.g,First Interest High-Point,IH,Occupational Interest High-Point,1.00,02/2026,Machine Learning/Expert
17-2199.07,Photonics Engineers,1.B.1.h,Second Interest High-Point,IH,Occupational Interest High-Point,2.00,02/2026,Machine Learning/Expert
17-2199.07,Photonics Engineers,1.B.1.i,Third Interest High-Point,IH,Occupational Interest High-Point,6.00,02/2026,Machine Learning/Expert
17-2199.08,Robotics Engineers,1.B.1.a,Realistic,OI,Occupational Interests,6.18,02/2026,Machine Learning/Expert
17-2199.08,Robotics Engineers,1.B.1.b,Investigative,OI,Occupational Interests,5.61,02/2026,Machine Learning/Expert
17-2199.08,Robotics Engineers,1.B.1.c,Artistic,OI,Occupational Interests,1.79,02/2026,Machine Learning/Expert
17-2199.08,Robotics Engineers,1.B.1.d,Social,OI,Occupational Interests,1.49,02/2026,Machine Learning/Expert
17-2199.08,Robotics Engineers,1.B.1.e,Enterprising,OI,Occupational Interests,1.79,02/2026,Machine Learning/Expert
17-2199.08,Robotics Engineers,1.B.1.f,Conventional,OI,Occupational Interests,4.48,02/2026,Machine Learning/Expert
17-2199.08,Robotics Engineers,1.B.1.g,First Interest High-Point,IH,Occupational Interest High-Point,1.00,02/2026,Machine Learning/Expert
17-2199.08,Robotics Engineers,1.B.1.h,Second Interest High-Point,IH,Occupational Interest High-Point,2.00,02/2026,Machine Learning/Expert
17-2199.08,Robotics Engineers,1.B.1.i,Third Interest High-Point,IH,Occupational Interest High-Point,6.00,02/2026,Machine Learning/Expert
17-2199.09,Nanosystems Engineers,1.B.1.a,Realistic,OI,Occupational Interests,5.31,02/2026,Machine Learning/Expert
17-2199.09,Nanosystems Engineers,1.B.1.b,Investigative,OI,Occupational Interests,6.10,02/2026,Machine Learning/Expert
17-2199.09,Nanosystems Engineers,1.B.1.c,Artistic,OI,Occupational Interests,2.36,02/2026,Machine Learning/Expert
17-2199.09,Nanosystems Engineers,1.B.1.d,Social,OI,Occupational Interests,1.47,02/2026,Machine Learning/Expert
17-2199.09,Nanosystems Engineers,1.B.1.e,Enterprising,OI,Occupational Interests,2.57,02/2026,Machine Learning/Expert
17-2199.09,Nanosystems Engineers,1.B.1.f,Conventional,OI,Occupational Interests,4.04,02/2026,Machine Learning/Expert
17-2199.09,Nanosystems Engineers,1.B.1.g,First Interest High-Point,IH,Occupational Interest High-Point,2.00,02/2026,Machine Learning/Expert
17-2199.09,Nanosystems Engineers,1.B.1.h,Second Interest High-Point,IH,Occupational Interest High-Point,1.00,02/2026,Machine Learning/Expert
17-2199.09,Nanosystems Engineers,1.B.1.i,Third Interest High-Point,IH,Occupational Interest High-Point,6.00,02/2026,Machine Learning/Expert
17-2199.10,Wind Energy Engineers,1.B.1.a,Realistic,OI,Occupational Interests,5.90,11/2023,Machine Learning
17-2199.10,Wind Energy Engineers,1.B.1.b,Investigative,OI,Occupational Interests,4.54,11/2023,Machine Learning
17-2199.10,Wind Energy Engineers,1.B.1.c,Artistic,OI,Occupational Interests,2.22,11/2023,Machine Learning
17-2199.10,Wind Energy Engineers,1.B.1.d,Social,OI,Occupational Interests,1.43,11/2023,Machine Learning
17-2199.10,Wind Energy Engineers,1.B.1.e,Enterprising,OI,Occupational Interests,3.12,11/2023,Machine Learning
17-2199.10,Wind Energy Engineers,1.B.1.f,Conventional,OI,Occupational Interests,4.12,11/2023,Machine Learning
17-2199.10,Wind Energy Engineers,1.B.1.g,First Interest High-Point,IH,Occupational Interest High-Point,1.00,11/2023,Machine Learning
17-2199.10,Wind Energy Engineers,1.B.1.h,Second Interest High-Point,IH,Occupational Interest High-Point,2.00,11/2023,Machine Learning
17-2199.10,Wind Energy Engineers,1.B.1.i,Third Interest High-Point,IH,Occupational Interest High-Point,6.00,11/2023,Machine Learning
17-2199.11,Solar Energy Systems Engineers,1.B.1.a,Realistic,OI,Occupational Interests,5.97,11/2023,Machine Learning
17-2199.11,Solar Energy Systems Engineers,1.B.1.b,Investigative,OI,Occupational Interests,5.02,11/2023,Machine Learning
17-2199.11,Solar Energy Systems Engineers,1.B.1.c,Artistic,OI,Occupational Interests,2.11,11/2023,Machine Learning
17-2199.11,Solar Energy Systems Engineers,1.B.1.d,Social,OI,Occupational Interests,1.90,11/2023,Machine Learning
17-2199.11,Solar Energy Systems Engineers,1.B.1.e,Enterprising,OI,Occupational Interests,3.05,11/2023,Machine Learning
17-2199.11,Solar Energy Systems Engineers,1.B.1.f,Conventional,OI,Occupational Interests,3.96,11/2023,Machine Learning
17-2199.11,Solar Energy Systems Engineers,1.B.1.g,First Interest High-Point,IH,Occupational Interest High-Point,1.00,11/2023,Machine Learning
17-2199.11,Solar Energy Systems Engineers,1.B.1.h,Second Interest High-Point,IH,Occupational Interest High-Point,2.00,11/2023,Machine Learning
17-2199.11,Solar Energy Systems Engineers,1.B.1.i,Third Interest High-Point,IH,Occupational Interest High-Point,6.00,11/2023,Machine Learning
17-3011.00,Architectural and Civil Drafters,1.B.1.a,Realistic,OI,Occupational Interests,5.54,02/2026,Machine Learning/Expert
17-3011.00,Architectural and Civil Drafters,1.B.1.b,Investigative,OI,Occupational Interests,4.23,02/2026,Machine Learning/Expert
17-3011.00,Architectural and Civil Drafters,1.B.1.c,Artistic,OI,Occupational Interests,4.48,02/2026,Machine Learning/Expert
17-3011.00,Architectural and Civil Drafters,1.B.1.d,Social,OI,Occupational Interests,1.55,02/2026,Machine Learning/Expert
17-3011.00,Architectural and Civil Drafters,1.B.1.e,Enterprising,OI,Occupational Interests,1.53,02/2026,Machine Learning/Expert
17-3011.00,Architectural and Civil Drafters,1.B.1.f,Conventional,OI,Occupational Interests,4.89,02/2026,Machine Learning/Expert
17-3011.00,Architectural and Civil Drafters,1.B.1.g,First Interest High-Point,IH,Occupational Interest High-Point,1.00,02/2026,Machine Learning/Expert
17-3011.00,Architectural and Civil Drafters,1.B.1.h,Second Interest High-Point,IH,Occupational Interest High-Point,6.00,02/2026,Machine Learning/Expert
17-3011.00,Architectural and Civil Drafters,1.B.1.i,Third Interest High-Point,IH,Occupational Interest High-Point,3.00,02/2026,Machine Learning/Expert
17-3012.00,Electrical and Electronics Drafters,1.B.1.a,Realistic,OI,Occupational Interests,5.62,02/2026,Machine Learning/Expert
17-3012.00,Electrical and Electronics Drafters,1.B.1.b,Investigative,OI,Occupational Interests,3.44,02/2026,Machine Learning/Expert
17-3012.00,Electrical and Electronics Drafters,1.B.1.c,Artistic,OI,Occupational Interests,3.06,02/2026,Machine Learning/Expert
17-3012.00,Electrical and Electronics Drafters,1.B.1.d,Social,OI,Occupational Interests,1.32,02/2026,Machine Learning/Expert
17-3012.00,Electrical and Electronics Drafters,1.B.1.e,Enterprising,OI,Occupational Interests,1.90,02/2026,Machine Learning/Expert
17-3012.00,Electrical and Electronics Drafters,1.B.1.f,Conventional,OI,Occupational Interests,5.53,02/2026,Machine Learning/Expert
17-3012.00,Electrical and Electronics Drafters,1.B.1.g,First Interest High-Point,IH,Occupational Interest High-Point,1.00,02/2026,Machine Learning/Expert
17-3012.00,Electrical and Electronics Drafters,1.B.1.h,Second Interest High-Point,IH,Occupational Interest High-Point,6.00,02/2026,Machine Learning/Expert
17-3012.00,Electrical and Electronics Drafters,1.B.1.i,Third Interest High-Point,IH,Occupational Interest High-Point,0.00,02/2026,Machine Learning/Expert
17-3013.00,Mechanical Drafters,1.B.1.a,Realistic,OI,Occupational Interests,5.96,02/2026,Machine Learning/Expert
17-3013.00,Mechanical Drafters,1.B.1.b,Investigative,OI,Occupational Interests,3.79,02/2026,Machine Learning/Expert
17-3013.00,Mechanical Drafters,1.B.1.c,Artistic,OI,Occupational Interests,3.62,02/2026,Machine Learning/Expert
17-3013.00,Mechanical Drafters,1.B.1.d,Social,OI,Occupational Interests,1.21,02/2026,Machine Learning/Expert
17-3013.00,Mechanical Drafters,1.B.1.e,Enterprising,OI,Occupational Interests,1.36,02/2026,Machine Learning/Expert
17-3013.00,Mechanical Drafters,1.B.1.f,Conventional,OI,Occupational Interests,4.85,02/2026,Machine Learning/Expert
17-3013.00,Mechanical Drafters,1.B.1.g,First Interest High-Point,IH,Occupational Interest High-Point,1.00,02/2026,Machine Learning/Expert
17-3013.00,Mechanical Drafters,1.B.1.h,Second Interest High-Point,IH,Occupational Interest High-Point,6.00,02/2026,Machine Learning/Expert
17-3013.00,Mechanical Drafters,1.B.1.i,Third Interest High-Point,IH,Occupational Interest High-Point,2.00,02/2026,Machine Learning/Expert
17-3021.00,Aerospace Engineering and Operations Technologists and Technicians,1.B.1.a,Realistic,OI,Occupational Interests,6.47,02/2026,Machine Learning/Expert
17-3021.00,Aerospace Engineering and Operations Technologists and Technicians,1.B.1.b,Investigative,OI,Occupational Interests,5.11,02/2026,Machine Learning/Expert
17-3021.00,Aerospace Engineering and Operations Technologists and Technicians,1.B.1.c,Artistic,OI,Occupational Interests,1.00,02/2026,Machine Learning/Expert
17-3021.00,Aerospace Engineering and Operations Technologists and Technicians,1.B.1.d,Social,OI,Occupational Interests,1.00,02/2026,Machine Learning/Expert
17-3021.00,Aerospace Engineering and Operations Technologists and Technicians,1.B.1.e,Enterprising,OI,Occupational Interests,1.44,02/2026,Machine Learning/Expert
17-3021.00,Aerospace Engineering and Operations Technologists and Technicians,1.B.1.f,Conventional,OI,Occupational Interests,5.31,02/2026,Machine Learning/Expert
17-3021.00,Aerospace Engineering and Operations Technologists and Technicians,1.B.1.g,First Interest High-Point,IH,Occupational Interest High-Point,1.00,02/2026,Machine Learning/Expert
17-3021.00,Aerospace Engineering and Operations Technologists and Technicians,1.B.1.h,Second Interest High-Point,IH,Occupational Interest High-Point,6.00,02/2026,Machine Learning/Expert
17-3021.00,Aerospace Engineering and Operations Technologists and Technicians,1.B.1.i,Third Interest High-Point,IH,Occupational Interest High-Point,2.00,02/2026,Machine Learning/Expert
17-3022.00,Civil Engineering Technologists and Technicians,1.B.1.a,Realistic,OI,Occupational Interests,5.75,02/2026,Machine Learning/Expert
17-3022.00,Civil Engineering Technologists and Technicians,1.B.1.b,Investigative,OI,Occupational Interests,5.37,02/2026,Machine Learning/Expert
17-3022.00,Civil Engineering Technologists and Technicians,1.B.1.c,Artistic,OI,Occupational Interests,2.88,02/2026,Machine Learning/Expert
17-3022.00,Civil Engineering Technologists and Technicians,1.B.1.d,Social,OI,Occupational Interests,1.55,02/2026,Machine Learning/Expert
17-3022.00,Civil Engineering Technologists and Technicians,1.B.1.e,Enterprising,OI,Occupational Interests,2.00,02/2026,Machine Learning/Expert
17-3022.00,Civil Engineering Technologists and Technicians,1.B.1.f,Conventional,OI,Occupational Interests,5.27,02/2026,Machine Learning/Expert
17-3022.00,Civil Engineering Technologists and Technicians,1.B.1.g,First Interest High-Point,IH,Occupational Interest High-Point,1.00,02/2026,Machine Learning/Expert
17-3022.00,Civil Engineering Technologists and Technicians,1.B.1.h,Second Interest High-Point,IH,Occupational Interest High-Point,2.00,02/2026,Machine Learning/Expert
17-3022.00,Civil Engineering Technologists and Technicians,1.B.1.i,Third Interest High-Point,IH,Occupational Interest High-Point,6.00,02/2026,Machine Learning/Expert
17-3023.00,Electrical and Electronic Engineering Technologists and Technicians,1.B.1.a,Realistic,OI,Occupational Interests,6.26,02/2026,Machine Learning/Expert
17-3023.00,Electrical and Electronic Engineering Technologists and Technicians,1.B.1.b,Investigative,OI,Occupational Interests,5.20,02/2026,Machine Learning/Expert
17-3023.00,Electrical and Electronic Engineering Technologists and Technicians,1.B.1.c,Artistic,OI,Occupational Interests,1.76,02/2026,Machine Learning/Expert
17-3023.00,Electrical and Electronic Engineering Technologists and Technicians,1.B.1.d,Social,OI,Occupational Interests,1.78,02/2026,Machine Learning/Expert
17-3023.00,Electrical and Electronic Engineering Technologists and Technicians,1.B.1.e,Enterprising,OI,Occupational Interests,1.31,02/2026,Machine Learning/Expert
17-3023.00,Electrical and Electronic Engineering Technologists and Technicians,1.B.1.f,Conventional,OI,Occupational Interests,5.00,02/2026,Machine Learning/Expert
17-3023.00,Electrical and Electronic Engineering Technologists and Technicians,1.B.1.g,First Interest High-Point,IH,Occupational Interest High-Point,1.00,02/2026,Machine Learning/Expert
17-3023.00,Electrical and Electronic Engineering Technologists and Technicians,1.B.1.h,Second Interest High-Point,IH,Occupational Interest High-Point,2.00,02/2026,Machine Learning/Expert
17-3023.00,Electrical and Electronic Engineering Technologists and Technicians,1.B.1.i,Third Interest High-Point,IH,Occupational Interest High-Point,6.00,02/2026,Machine Learning/Expert
17-3024.00,Electro-Mechanical and Mechatronics Technologists and Technicians,1.B.1.a,Realistic,OI,Occupational Interests,7.00,02/2026,Machine Learning/Expert
17-3024.00,Electro-Mechanical and Mechatronics Technologists and Technicians,1.B.1.b,Investigative,OI,Occupational Interests,4.38,02/2026,Machine Learning/Expert
17-3024.00,Electro-Mechanical and Mechatronics Technologists and Technicians,1.B.1.c,Artistic,OI,Occupational Interests,1.38,02/2026,Machine Learning/Expert
17-3024.00,Electro-Mechanical and Mechatronics Technologists and Technicians,1.B.1.d,Social,OI,Occupational Interests,1.00,02/2026,Machine Learning/Expert
17-3024.00,Electro-Mechanical and Mechatronics Technologists and Technicians,1.B.1.e,Enterprising,OI,Occupational Interests,1.00,02/2026,Machine Learning/Expert
17-3024.00,Electro-Mechanical and Mechatronics Technologists and Technicians,1.B.1.f,Conventional,OI,Occupational Interests,4.58,02/2026,Machine Learning/Expert
17-3024.00,Electro-Mechanical and Mechatronics Technologists and Technicians,1.B.1.g,First Interest High-Point,IH,Occupational Interest High-Point,1.00,02/2026,Machine Learning/Expert
17-3024.00,Electro-Mechanical and Mechatronics Technologists and Technicians,1.B.1.h,Second Interest High-Point,IH,Occupational Interest High-Point,6.00,02/2026,Machine Learning/Expert
17-3024.00,Electro-Mechanical and Mechatronics Technologists and Technicians,1.B.1.i,Third Interest High-Point,IH,Occupational Interest High-Point,2.00,02/2026,Machine Learning/Expert
17-3024.01,Robotics Technicians,1.B.1.a,Realistic,OI,Occupational Interests,6.94,02/2026,Machine Learning/Expert
17-3024.01,Robotics Technicians,1.B.1.b,Investigative,OI,Occupational Interests,3.88,02/2026,Machine Learning/Expert
17-3024.01,Robotics Technicians,1.B.1.c,Artistic,OI,Occupational Interests,1.00,02/2026,Machine Learning/Expert
17-3024.01,Robotics Technicians,1.B.1.d,Social,OI,Occupational Interests,1.13,02/2026,Machine Learning/Expert
17-3024.01,Robotics Technicians,1.B.1.e,Enterprising,OI,Occupational Interests,1.37,02/2026,Machine Learning/Expert
17-3024.01,Robotics Technicians,1.B.1.f,Conventional,OI,Occupational Interests,4.67,02/2026,Machine Learning/Expert
17-3024.01,Robotics Technicians,1.B.1.g,First Interest High-Point,IH,Occupational Interest High-Point,1.00,02/2026,Machine Learning/Expert
17-3024.01,Robotics Technicians,1.B.1.h,Second Interest High-Point,IH,Occupational Interest High-Point,6.00,02/2026,Machine Learning/Expert
17-3024.01,Robotics Technicians,1.B.1.i,Third Interest High-Point,IH,Occupational Interest High-Point,2.00,02/2026,Machine Learning/Expert
17-3025.00,Environmental Engineering Technologists and Technicians,1.B.1.a,Realistic,OI,Occupational Interests,6.28,02/2026,Machine Learning/Expert
17-3025.00,Environmental Engineering Technologists and Technicians,1.B.1.b,Investigative,OI,Occupational Interests,5.90,02/2026,Machine Learning/Expert
17-3025.00,Environmental Engineering Technologists and Technicians,1.B.1.c,Artistic,OI,Occupational Interests,1.73,02/2026,Machine Learning/Expert
17-3025.00,Environmental Engineering Technologists and Technicians,1.B.1.d,Social,OI,Occupational Interests,1.46,02/2026,Machine Learning/Expert
17-3025.00,Environmental Engineering Technologists and Technicians,1.B.1.e,Enterprising,OI,Occupational Interests,1.32,02/2026,Machine Learning/Expert
17-3025.00,Environmental Engineering Technologists and Technicians,1.B.1.f,Conventional,OI,Occupational Interests,4.80,02/2026,Machine Learning/Expert
17-3025.00,Environmental Engineering Technologists and Technicians,1.B.1.g,First Interest High-Point,IH,Occupational Interest High-Point,1.00,02/2026,Machine Learning/Expert
17-3025.00,Environmental Engineering Technologists and Technicians,1.B.1.h,Second Interest High-Point,IH,Occupational Interest High-Point,2.00,02/2026,Machine Learning/Expert
17-3025.00,Environmental Engineering Technologists and Technicians,1.B.1.i,Third Interest High-Point,IH,Occupational Interest High-Point,6.00,02/2026,Machine Learning/Expert
17-3026.00,Industrial Engineering Technologists and Technicians,1.B.1.a,Realistic,OI,Occupational Interests,5.34,02/2026,Machine Learning/Expert
17-3026.00,Industrial Engineering Technologists and Technicians,1.B.1.b,Investigative,OI,Occupational Interests,5.13,02/2026,Machine Learning/Expert
17-3026.00,Industrial Engineering Technologists and Technicians,1.B.1.c,Artistic,OI,Occupational Interests,1.22,02/2026,Machine Learning/Expert
17-3026.00,Industrial Engineering Technologists and Technicians,1.B.1.d,Social,OI,Occupational Interests,1.44,02/2026,Machine Learning/Expert
17-3026.00,Industrial Engineering Technologists and Technicians,1.B.1.e,Enterprising,OI,Occupational Interests,2.31,02/2026,Machine Learning/Expert
17-3026.00,Industrial Engineering Technologists and Technicians,1.B.1.f,Conventional,OI,Occupational Interests,5.20,02/2026,Machine Learning/Expert
17-3026.00,Industrial Engineering Technologists and Technicians,1.B.1.g,First Interest High-Point,IH,Occupational Interest High-Point,1.00,02/2026,Machine Learning/Expert
17-3026.00,Industrial Engineering Technologists and Technicians,1.B.1.h,Second Interest High-Point,IH,Occupational Interest High-Point,6.00,02/2026,Machine Learning/Expert
17-3026.00,Industrial Engineering Technologists and Technicians,1.B.1.i,Third Interest High-Point,IH,Occupational Interest High-Point,2.00,02/2026,Machine Learning/Expert
17-3026.01,Nanotechnology Engineering Technologists and Technicians,1.B.1.a,Realistic,OI,Occupational Interests,6.16,02/2026,Machine Learning/Expert
17-3026.01,Nanotechnology Engineering Technologists and Technicians,1.B.1.b,Investigative,OI,Occupational Interests,4.98,02/2026,Machine Learning/Expert
17-3026.01,Nanotechnology Engineering Technologists and Technicians,1.B.1.c,Artistic,OI,Occupational Interests,1.55,02/2026,Machine Learning/Expert
17-3026.01,Nanotechnology Engineering Technologists and Technicians,1.B.1.d,Social,OI,Occupational Interests,1.05,02/2026,Machine Learning/Expert
17-3026.01,Nanotechnology Engineering Technologists and Technicians,1.B.1.e,Enterprising,OI,Occupational Interests,2.01,02/2026,Machine Learning/Expert
17-3026.01,Nanotechnology Engineering Technologists and Technicians,1.B.1.f,Conventional,OI,Occupational Interests,4.83,02/2026,Machine Learning/Expert
17-3026.01,Nanotechnology Engineering Technologists and Technicians,1.B.1.g,First Interest High-Point,IH,Occupational Interest High-Point,1.00,02/2026,Machine Learning/Expert
17-3026.01,Nanotechnology Engineering Technologists and Technicians,1.B.1.h,Second Interest High-Point,IH,Occupational Interest High-Point,2.00,02/2026,Machine Learning/Expert
17-3026.01,Nanotechnology Engineering Technologists and Technicians,1.B.1.i,Third Interest High-Point,IH,Occupational Interest High-Point,6.00,02/2026,Machine Learning/Expert
17-3027.00,Mechanical Engineering Technologists and Technicians,1.B.1.a,Realistic,OI,Occupational Interests,6.26,02/2026,Machine Learning/Expert
17-3027.00,Mechanical Engineering Technologists and Technicians,1.B.1.b,Investigative,OI,Occupational Interests,5.37,02/2026,Machine Learning/Expert
17-3027.00,Mechanical Engineering Technologists and Technicians,1.B.1.c,Artistic,OI,Occupational Interests,2.19,02/2026,Machine Learning/Expert
17-3027.00,Mechanical Engineering Technologists and Technicians,1.B.1.d,Social,OI,Occupational Interests,1.19,02/2026,Machine Learning/Expert
17-3027.00,Mechanical Engineering Technologists and Technicians,1.B.1.e,Enterprising,OI,Occupational Interests,1.08,02/2026,Machine Learning/Expert
17-3027.00,Mechanical Engineering Technologists and Technicians,1.B.1.f,Conventional,OI,Occupational Interests,4.76,02/2026,Machine Learning/Expert
17-3027.00,Mechanical Engineering Technologists and Technicians,1.B.1.g,First Interest High-Point,IH,Occupational Interest High-Point,1.00,02/2026,Machine Learning/Expert
17-3027.00,Mechanical Engineering Technologists and Technicians,1.B.1.h,Second Interest High-Point,IH,Occupational Interest High-Point,2.00,02/2026,Machine Learning/Expert
17-3027.00,Mechanical Engineering Technologists and Technicians,1.B.1.i,Third Interest High-Point,IH,Occupational Interest High-Point,6.00,02/2026,Machine Learning/Expert
17-3027.01,Automotive Engineering Technicians,1.B.1.a,Realistic,OI,Occupational Interests,7.00,02/2026,Machine Learning/Expert
17-3027.01,Automotive Engineering Technicians,1.B.1.b,Investigative,OI,Occupational Interests,5.37,02/2026,Machine Learning/Expert
17-3027.01,Automotive Engineering Technicians,1.B.1.c,Artistic,OI,Occupational Interests,1.41,02/2026,Machine Learning/Expert
17-3027.01,Automotive Engineering Technicians,1.B.1.d,Social,OI,Occupational Interests,1.00,02/2026,Machine Learning/Expert
17-3027.01,Automotive Engineering Technicians,1.B.1.e,Enterprising,OI,Occupational Interests,1.25,02/2026,Machine Learning/Expert
17-3027.01,Automotive Engineering Technicians,1.B.1.f,Conventional,OI,Occupational Interests,4.45,02/2026,Machine Learning/Expert
17-3027.01,Automotive Engineering Technicians,1.B.1.g,First Interest High-Point,IH,Occupational Interest High-Point,1.00,02/2026,Machine Learning/Expert
17-3027.01,Automotive Engineering Technicians,1.B.1.h,Second Interest High-Point,IH,Occupational Interest High-Point,2.00,02/2026,Machine Learning/Expert
17-3027.01,Automotive Engineering Technicians,1.B.1.i,Third Interest High-Point,IH,Occupational Interest High-Point,6.00,02/2026,Machine Learning/Expert
17-3028.00,Calibration Technologists and Technicians,1.B.1.a,Realistic,OI,Occupational Interests,6.30,02/2026,Machine Learning/Expert
17-3028.00,Calibration Technologists and Technicians,1.B.1.b,Investigative,OI,Occupational Interests,4.13,02/2026,Machine Learning/Expert
17-3028.00,Calibration Technologists and Technicians,1.B.1.c,Artistic,OI,Occupational Interests,1.12,02/2026,Machine Learning/Expert
17-3028.00,Calibration Technologists and Technicians,1.B.1.d,Social,OI,Occupational Interests,1.56,02/2026,Machine Learning/Expert
17-3028.00,Calibration Technologists and Technicians,1.B.1.e,Enterprising,OI,Occupational Interests,1.00,02/2026,Machine Learning/Expert
17-3028.00,Calibration Technologists and Technicians,1.B.1.f,Conventional,OI,Occupational Interests,5.59,02/2026,Machine Learning/Expert
17-3028.00,Calibration Technologists and Technicians,1.B.1.g,First Interest High-Point,IH,Occupational Interest High-Point,1.00,02/2026,Machine Learning/Expert
17-3028.00,Calibration Technologists and Technicians,1.B.1.h,Second Interest High-Point,IH,Occupational Interest High-Point,6.00,02/2026,Machine Learning/Expert
17-3028.00,Calibration Technologists and Technicians,1.B.1.i,Third Interest High-Point,IH,Occupational Interest High-Point,2.00,02/2026,Machine Learning/Expert
17-3029.01,Non-Destructive Testing Specialists,1.B.1.a,Realistic,OI,Occupational Interests,6.41,02/2026,Machine Learning/Expert
17-3029.01,Non-Destructive Testing Specialists,1.B.1.b,Investigative,OI,Occupational Interests,4.97,02/2026,Machine Learning/Expert
17-3029.01,Non-Destructive Testing Specialists,1.B.1.c,Artistic,OI,Occupational Interests,1.34,02/2026,Machine Learning/Expert
17-3029.01,Non-Destructive Testing Specialists,1.B.1.d,Social,OI,Occupational Interests,1.40,02/2026,Machine Learning/Expert
17-3029.01,Non-Destructive Testing Specialists,1.B.1.e,Enterprising,OI,Occupational Interests,1.00,02/2026,Machine Learning/Expert
17-3029.01,Non-Destructive Testing Specialists,1.B.1.f,Conventional,OI,Occupational Interests,4.56,02/2026,Machine Learning/Expert
17-3029.01,Non-Destructive Testing Specialists,1.B.1.g,First Interest High-Point,IH,Occupational Interest High-Point,1.00,02/2026,Machine Learning/Expert
17-3029.01,Non-Destructive Testing Specialists,1.B.1.h,Second Interest High-Point,IH,Occupational Interest High-Point,2.00,02/2026,Machine Learning/Expert
17-3029.01,Non-Destructive Testing Specialists,1.B.1.i,Third Interest High-Point,IH,Occupational Interest High-Point,6.00,02/2026,Machine Learning/Expert
17-3029.08,Photonics Technicians,1.B.1.a,Realistic,OI,Occupational Interests,7.00,02/2026,Machine Learning/Expert
17-3029.08,Photonics Technicians,1.B.1.b,Investigative,OI,Occupational Interests,4.18,02/2026,Machine Learning/Expert
17-3029.08,Photonics Technicians,1.B.1.c,Artistic,OI,Occupational Interests,1.00,02/2026,Machine Learning/Expert
17-3029.08,Photonics Technicians,1.B.1.d,Social,OI,Occupational Interests,1.00,02/2026,Machine Learning/Expert
17-3029.08,Photonics Technicians,1.B.1.e,Enterprising,OI,Occupational Interests,1.00,02/2026,Machine Learning/Expert
17-3029.08,Photonics Technicians,1.B.1.f,Conventional,OI,Occupational Interests,5.46,02/2026,Machine Learning/Expert
17-3029.08,Photonics Technicians,1.B.1.g,First Interest High-Point,IH,Occupational Interest High-Point,1.00,02/2026,Machine Learning/Expert
17-3029.08,Photonics Technicians,1.B.1.h,Second Interest High-Point,IH,Occupational Interest High-Point,6.00,02/2026,Machine Learning/Expert
17-3029.08,Photonics Technicians,1.B.1.i,Third Interest High-Point,IH,Occupational Interest High-Point,2.00,02/2026,Machine Learning/Expert
17-3031.00,Surveying and Mapping Technicians,1.B.1.a,Realistic,OI,Occupational Interests,5.94,02/2026,Machine Learning/Expert
17-3031.00,Surveying and Mapping Technicians,1.B.1.b,Investigative,OI,Occupational Interests,4.03,02/2026,Machine Learning/Expert
17-3031.00,Surveying and Mapping Technicians,1.B.1.c,Artistic,OI,Occupational Interests,1.91,02/2026,Machine Learning/Expert
17-3031.00,Surveying and Mapping Technicians,1.B.1.d,Social,OI,Occupational Interests,1.00,02/2026,Machine Learning/Expert
17-3031.00,Surveying and Mapping Technicians,1.B.1.e,Enterprising,OI,Occupational Interests,1.00,02/2026,Machine Learning/Expert
17-3031.00,Surveying and Mapping Technicians,1.B.1.f,Conventional,OI,Occupational Interests,5.63,02/2026,Machine Learning/Expert
17-3031.00,Surveying and Mapping Technicians,1.B.1.g,First Interest High-Point,IH,Occupational Interest High-Point,1.00,02/2026,Machine Learning/Expert
17-3031.00,Surveying and Mapping Technicians,1.B.1.h,Second Interest High-Point,IH,Occupational Interest High-Point,6.00,02/2026,Machine Learning/Expert
17-3031.00,Surveying and Mapping Technicians,1.B.1.i,Third Interest High-Point,IH,Occupational Interest High-Point,2.00,02/2026,Machine Learning/Expert
19-1011.00,Animal Scientists,1.B.1.a,Realistic,OI,Occupational Interests,5.24,02/2026,Machine Learning/Expert
19-1011.00,Animal Scientists,1.B.1.b,Investigative,OI,Occupational Interests,6.93,02/2026,Machine Learning/Expert
19-1011.00,Animal Scientists,1.B.1.c,Artistic,OI,Occupational Interests,1.96,02/2026,Machine Learning/Expert
19-1011.00,Animal Scientists,1.B.1.d,Social,OI,Occupational Interests,1.97,02/2026,Machine Learning/Expert
19-1011.00,Animal Scientists,1.B.1.e,Enterprising,OI,Occupational Interests,2.40,02/2026,Machine Learning/Expert
19-1011.00,Animal Scientists,1.B.1.f,Conventional,OI,Occupational Interests,3.36,02/2026,Machine Learning/Expert
19-1011.00,Animal Scientists,1.B.1.g,First Interest High-Point,IH,Occupational Interest High-Point,2.00,02/2026,Machine Learning/Expert
19-1011.00,Animal Scientists,1.B.1.h,Second Interest High-Point,IH,Occupational Interest High-Point,1.00,02/2026,Machine Learning/Expert
19-1011.00,Animal Scientists,1.B.1.i,Third Interest High-Point,IH,Occupational Interest High-Point,0.00,02/2026,Machine Learning/Expert
19-1012.00,Food Scientists and Technologists,1.B.1.a,Realistic,OI,Occupational Interests,5.05,02/2026,Machine Learning/Expert
19-1012.00,Food Scientists and Technologists,1.B.1.b,Investigative,OI,Occupational Interests,5.71,02/2026,Machine Learning/Expert
19-1012.00,Food Scientists and Technologists,1.B.1.c,Artistic,OI,Occupational Interests,2.45,02/2026,Machine Learning/Expert
19-1012.00,Food Scientists and Technologists,1.B.1.d,Social,OI,Occupational Interests,2.16,02/2026,Machine Learning/Expert
19-1012.00,Food Scientists and Technologists,1.B.1.e,Enterprising,OI,Occupational Interests,2.58,02/2026,Machine Learning/Expert
19-1012.00,Food Scientists and Technologists,1.B.1.f,Conventional,OI,Occupational Interests,3.95,02/2026,Machine Learning/Expert
19-1012.00,Food Scientists and Technologists,1.B.1.g,First Interest High-Point,IH,Occupational Interest High-Point,2.00,02/2026,Machine Learning/Expert
19-1012.00,Food Scientists and Technologists,1.B.1.h,Second Interest High-Point,IH,Occupational Interest High-Point,1.00,02/2026,Machine Learning/Expert
19-1012.00,Food Scientists and Technologists,1.B.1.i,Third Interest High-Point,IH,Occupational Interest High-Point,6.00,02/2026,Machine Learning/Expert
19-1013.00,Soil and Plant Scientists,1.B.1.a,Realistic,OI,Occupational Interests,6.43,02/2026,Machine Learning/Expert
19-1013.00,Soil and Plant Scientists,1.B.1.b,Investigative,OI,Occupational Interests,6.71,02/2026,Machine Learning/Expert
19-1013.00,Soil and Plant Scientists,1.B.1.c,Artistic,OI,Occupational Interests,2.11,02/2026,Machine Learning/Expert
19-1013.00,Soil and Plant Scientists,1.B.1.d,Social,OI,Occupational Interests,1.67,02/2026,Machine Learning/Expert
19-1013.00,Soil and Plant Scientists,1.B.1.e,Enterprising,OI,Occupational Interests,1.71,02/2026,Machine Learning/Expert
19-1013.00,Soil and Plant Scientists,1.B.1.f,Conventional,OI,Occupational Interests,3.41,02/2026,Machine Learning/Expert
19-1013.00,Soil and Plant Scientists,1.B.1.g,First Interest High-Point,IH,Occupational Interest High-Point,2.00,02/2026,Machine Learning/Expert
19-1013.00,Soil and Plant Scientists,1.B.1.h,Second Interest High-Point,IH,Occupational Interest High-Point,1.00,02/2026,Machine Learning/Expert
19-1013.00,Soil and Plant Scientists,1.B.1.i,Third Interest High-Point,IH,Occupational Interest High-Point,0.00,02/2026,Machine Learning/Expert
19-1021.00,Biochemists and Biophysicists,1.B.1.a,Realistic,OI,Occupational Interests,5.11,02/2026,Machine Learning/Expert
19-1021.00,Biochemists and Biophysicists,1.B.1.b,Investigative,OI,Occupational Interests,7.00,02/2026,Machine Learning/Expert
19-1021.00,Biochemists and Biophysicists,1.B.1.c,Artistic,OI,Occupational Interests,2.61,02/2026,Machine Learning/Expert
19-1021.00,Biochemists and Biophysicists,1.B.1.d,Social,OI,Occupational Interests,2.15,02/2026,Machine Learning/Expert
19-1021.00,Biochemists and Biophysicists,1.B.1.e,Enterprising,OI,Occupational Interests,1.83,02/2026,Machine Learning/Expert
19-1021.00,Biochemists and Biophysicists,1.B.1.f,Conventional,OI,Occupational Interests,3.64,02/2026,Machine Learning/Expert
19-1021.00,Biochemists and Biophysicists,1.B.1.g,First Interest High-Point,IH,Occupational Interest High-Point,2.00,02/2026,Machine Learning/Expert
19-1021.00,Biochemists and Biophysicists,1.B.1.h,Second Interest High-Point,IH,Occupational Interest High-Point,1.00,02/2026,Machine Learning/Expert
19-1021.00,Biochemists and Biophysicists,1.B.1.i,Third Interest High-Point,IH,Occupational Interest High-Point,0.00,02/2026,Machine Learning/Expert
19-1022.00,Microbiologists,1.B.1.a,Realistic,OI,Occupational Interests,5.29,02/2026,Machine Learning/Expert
19-1022.00,Microbiologists,1.B.1.b,Investigative,OI,Occupational Interests,7.00,02/2026,Machine Learning/Expert
19-1022.00,Microbiologists,1.B.1.c,Artistic,OI,Occupational Interests,1.92,02/2026,Machine Learning/Expert
19-1022.00,Microbiologists,1.B.1.d,Social,OI,Occupational Interests,1.98,02/2026,Machine Learning/Expert
19-1022.00,Microbiologists,1.B.1.e,Enterprising,OI,Occupational Interests,1.07,02/2026,Machine Learning/Expert
19-1022.00,Microbiologists,1.B.1.f,Conventional,OI,Occupational Interests,3.85,02/2026,Machine Learning/Expert
19-1022.00,Microbiologists,1.B.1.g,First Interest High-Point,IH,Occupational Interest High-Point,2.00,02/2026,Machine Learning/Expert
19-1022.00,Microbiologists,1.B.1.h,Second Interest High-Point,IH,Occupational Interest High-Point,1.00,02/2026,Machine Learning/Expert
19-1022.00,Microbiologists,1.B.1.i,Third Interest High-Point,IH,Occupational Interest High-Point,6.00,02/2026,Machine Learning/Expert
19-1023.00,Zoologists and Wildlife Biologists,1.B.1.a,Realistic,OI,Occupational Interests,5.43,02/2026,Machine Learning/Expert
19-1023.00,Zoologists and Wildlife Biologists,1.B.1.b,Investigative,OI,Occupational Interests,6.99,02/2026,Machine Learning/Expert
19-1023.00,Zoologists and Wildlife Biologists,1.B.1.c,Artistic,OI,Occupational Interests,2.31,02/2026,Machine Learning/Expert
19-1023.00,Zoologists and Wildlife Biologists,1.B.1.d,Social,OI,Occupational Interests,2.55,02/2026,Machine Learning/Expert
19-1023.00,Zoologists and Wildlife Biologists,1.B.1.e,Enterprising,OI,Occupational Interests,2.33,02/2026,Machine Learning/Expert
19-1023.00,Zoologists and Wildlife Biologists,1.B.1.f,Conventional,OI,Occupational Interests,3.70,02/2026,Machine Learning/Expert
19-1023.00,Zoologists and Wildlife Biologists,1.B.1.g,First Interest High-Point,IH,Occupational Interest High-Point,2.00,02/2026,Machine Learning/Expert
19-1023.00,Zoologists and Wildlife Biologists,1.B.1.h,Second Interest High-Point,IH,Occupational Interest High-Point,1.00,02/2026,Machine Learning/Expert
19-1023.00,Zoologists and Wildlife Biologists,1.B.1.i,Third Interest High-Point,IH,Occupational Interest High-Point,0.00,02/2026,Machine Learning/Expert
19-1029.01,Bioinformatics Scientists,1.B.1.a,Realistic,OI,Occupational Interests,3.81,02/2026,Machine Learning/Expert
19-1029.01,Bioinformatics Scientists,1.B.1.b,Investigative,OI,Occupational Interests,7.00,02/2026,Machine Learning/Expert
19-1029.01,Bioinformatics Scientists,1.B.1.c,Artistic,OI,Occupational Interests,2.51,02/2026,Machine Learning/Expert
19-1029.01,Bioinformatics Scientists,1.B.1.d,Social,OI,Occupational Interests,1.64,02/2026,Machine Learning/Expert
19-1029.01,Bioinformatics Scientists,1.B.1.e,Enterprising,OI,Occupational Interests,1.26,02/2026,Machine Learning/Expert
19-1029.01,Bioinformatics Scientists,1.B.1.f,Conventional,OI,Occupational Interests,5.04,02/2026,Machine Learning/Expert
19-1029.01,Bioinformatics Scientists,1.B.1.g,First Interest High-Point,IH,Occupational Interest High-Point,2.00,02/2026,Machine Learning/Expert
19-1029.01,Bioinformatics Scientists,1.B.1.h,Second Interest High-Point,IH,Occupational Interest High-Point,6.00,02/2026,Machine Learning/Expert
19-1029.01,Bioinformatics Scientists,1.B.1.i,Third Interest High-Point,IH,Occupational Interest High-Point,1.00,02/2026,Machine Learning/Expert
19-1029.02,Molecular and Cellular Biologists,1.B.1.a,Realistic,OI,Occupational Interests,5.03,02/2026,Machine Learning/Expert
19-1029.02,Molecular and Cellular Biologists,1.B.1.b,Investigative,OI,Occupational Interests,6.66,02/2026,Machine Learning/Expert
19-1029.02,Molecular and Cellular Biologists,1.B.1.c,Artistic,OI,Occupational Interests,1.95,02/2026,Machine Learning/Expert
19-1029.02,Molecular and Cellular Biologists,1.B.1.d,Social,OI,Occupational Interests,2.27,02/2026,Machine Learning/Expert
19-1029.02,Molecular and Cellular Biologists,1.B.1.e,Enterprising,OI,Occupational Interests,2.58,02/2026,Machine Learning/Expert
19-1029.02,Molecular and Cellular Biologists,1.B.1.f,Conventional,OI,Occupational Interests,5.10,02/2026,Machine Learning/Expert
19-1029.02,Molecular and Cellular Biologists,1.B.1.g,First Interest High-Point,IH,Occupational Interest High-Point,2.00,02/2026,Machine Learning/Expert
19-1029.02,Molecular and Cellular Biologists,1.B.1.h,Second Interest High-Point,IH,Occupational Interest High-Point,6.00,02/2026,Machine Learning/Expert
19-1029.02,Molecular and Cellular Biologists,1.B.1.i,Third Interest High-Point,IH,Occupational Interest High-Point,1.00,02/2026,Machine Learning/Expert
19-1029.03,Geneticists,1.B.1.a,Realistic,OI,Occupational Interests,4.05,02/2026,Machine Learning/Expert
19-1029.03,Geneticists,1.B.1.b,Investigative,OI,Occupational Interests,7.00,02/2026,Machine Learning/Expert
19-1029.03,Geneticists,1.B.1.c,Artistic,OI,Occupational Interests,2.95,02/2026,Machine Learning/Expert
19-1029.03,Geneticists,1.B.1.d,Social,OI,Occupational Interests,2.91,02/2026,Machine Learning/Expert
19-1029.03,Geneticists,1.B.1.e,Enterprising,OI,Occupational Interests,1.61,02/2026,Machine Learning/Expert
19-1029.03,Geneticists,1.B.1.f,Conventional,OI,Occupational Interests,4.78,02/2026,Machine Learning/Expert
19-1029.03,Geneticists,1.B.1.g,First Interest High-Point,IH,Occupational Interest High-Point,2.00,02/2026,Machine Learning/Expert
19-1029.03,Geneticists,1.B.1.h,Second Interest High-Point,IH,Occupational Interest High-Point,6.00,02/2026,Machine Learning/Expert
19-1029.03,Geneticists,1.B.1.i,Third Interest High-Point,IH,Occupational Interest High-Point,1.00,02/2026,Machine Learning/Expert
19-1029.04,Biologists,1.B.1.a,Realistic,OI,Occupational Interests,4.11,02/2026,Machine Learning/Expert
19-1029.04,Biologists,1.B.1.b,Investigative,OI,Occupational Interests,7.00,02/2026,Machine Learning/Expert
19-1029.04,Biologists,1.B.1.c,Artistic,OI,Occupational Interests,2.40,02/2026,Machine Learning/Expert
19-1029.04,Biologists,1.B.1.d,Social,OI,Occupational Interests,2.62,02/2026,Machine Learning/Expert
19-1029.04,Biologists,1.B.1.e,Enterprising,OI,Occupational Interests,2.76,02/2026,Machine Learning/Expert
19-1029.04,Biologists,1.B.1.f,Conventional,OI,Occupational Interests,4.45,02/2026,Machine Learning/Expert
19-1029.04,Biologists,1.B.1.g,First Interest High-Point,IH,Occupational Interest High-Point,2.00,02/2026,Machine Learning/Expert
19-1029.04,Biologists,1.B.1.h,Second Interest High-Point,IH,Occupational Interest High-Point,6.00,02/2026,Machine Learning/Expert
19-1029.04,Biologists,1.B.1.i,Third Interest High-Point,IH,Occupational Interest High-Point,1.00,02/2026,Machine Learning/Expert
19-1031.00,Conservation Scientists,1.B.1.a,Realistic,OI,Occupational Interests,5.15,02/2026,Machine Learning/Expert
19-1031.00,Conservation Scientists,1.B.1.b,Investigative,OI,Occupational Interests,5.70,02/2026,Machine Learning/Expert
19-1031.00,Conservation Scientists,1.B.1.c,Artistic,OI,Occupational Interests,1.97,02/2026,Machine Learning/Expert
19-1031.00,Conservation Scientists,1.B.1.d,Social,OI,Occupational Interests,2.87,02/2026,Machine Learning/Expert
19-1031.00,Conservation Scientists,1.B.1.e,Enterprising,OI,Occupational Interests,3.16,02/2026,Machine Learning/Expert
19-1031.00,Conservation Scientists,1.B.1.f,Conventional,OI,Occupational Interests,3.98,02/2026,Machine Learning/Expert
19-1031.00,Conservation Scientists,1.B.1.g,First Interest High-Point,IH,Occupational Interest High-Point,2.00,02/2026,Machine Learning/Expert
19-1031.00,Conservation Scientists,1.B.1.h,Second Interest High-Point,IH,Occupational Interest High-Point,1.00,02/2026,Machine Learning/Expert
19-1031.00,Conservation Scientists,1.B.1.i,Third Interest High-Point,IH,Occupational Interest High-Point,6.00,02/2026,Machine Learning/Expert
19-1031.02,Range Managers,1.B.1.a,Realistic,OI,Occupational Interests,5.76,02/2026,Machine Learning/Expert
19-1031.02,Range Managers,1.B.1.b,Investigative,OI,Occupational Interests,5.02,02/2026,Machine Learning/Expert
19-1031.02,Range Managers,1.B.1.c,Artistic,OI,Occupational Interests,1.47,02/2026,Machine Learning/Expert
19-1031.02,Range Managers,1.B.1.d,Social,OI,Occupational Interests,2.42,02/2026,Machine Learning/Expert
19-1031.02,Range Managers,1.B.1.e,Enterprising,OI,Occupational Interests,4.39,02/2026,Machine Learning/Expert
19-1031.02,Range Managers,1.B.1.f,Conventional,OI,Occupational Interests,3.68,02/2026,Machine Learning/Expert
19-1031.02,Range Managers,1.B.1.g,First Interest High-Point,IH,Occupational Interest High-Point,1.00,02/2026,Machine Learning/Expert
19-1031.02,Range Managers,1.B.1.h,Second Interest High-Point,IH,Occupational Interest High-Point,2.00,02/2026,Machine Learning/Expert
19-1031.02,Range Managers,1.B.1.i,Third Interest High-Point,IH,Occupational Interest High-Point,5.00,02/2026,Machine Learning/Expert
19-1031.03,Park Naturalists,1.B.1.a,Realistic,OI,Occupational Interests,4.38,02/2026,Machine Learning/Expert
19-1031.03,Park Naturalists,1.B.1.b,Investigative,OI,Occupational Interests,4.24,02/2026,Machine Learning/Expert
19-1031.03,Park Naturalists,1.B.1.c,Artistic,OI,Occupational Interests,3.74,02/2026,Machine Learning/Expert
19-1031.03,Park Naturalists,1.B.1.d,Social,OI,Occupational Interests,4.87,02/2026,Machine Learning/Expert
19-1031.03,Park Naturalists,1.B.1.e,Enterprising,OI,Occupational Interests,3.46,02/2026,Machine Learning/Expert
19-1031.03,Park Naturalists,1.B.1.f,Conventional,OI,Occupational Interests,3.43,02/2026,Machine Learning/Expert
19-1031.03,Park Naturalists,1.B.1.g,First Interest High-Point,IH,Occupational Interest High-Point,4.00,02/2026,Machine Learning/Expert
19-1031.03,Park Naturalists,1.B.1.h,Second Interest High-Point,IH,Occupational Interest High-Point,1.00,02/2026,Machine Learning/Expert
19-1031.03,Park Naturalists,1.B.1.i,Third Interest High-Point,IH,Occupational Interest High-Point,2.00,02/2026,Machine Learning/Expert
19-1032.00,Foresters,1.B.1.a,Realistic,OI,Occupational Interests,5.32,02/2026,Machine Learning/Expert
19-1032.00,Foresters,1.B.1.b,Investigative,OI,Occupational Interests,4.48,02/2026,Machine Learning/Expert
19-1032.00,Foresters,1.B.1.c,Artistic,OI,Occupational Interests,1.25,02/2026,Machine Learning/Expert
19-1032.00,Foresters,1.B.1.d,Social,OI,Occupational Interests,2.30,02/2026,Machine Learning/Expert
19-1032.00,Foresters,1.B.1.e,Enterprising,OI,Occupational Interests,3.78,02/2026,Machine Learning/Expert
19-1032.00,Foresters,1.B.1.f,Conventional,OI,Occupational Interests,4.39,02/2026,Machine Learning/Expert
19-1032.00,Foresters,1.B.1.g,First Interest High-Point,IH,Occupational Interest High-Point,1.00,02/2026,Machine Learning/Expert
19-1032.00,Foresters,1.B.1.h,Second Interest High-Point,IH,Occupational Interest High-Point,2.00,02/2026,Machine Learning/Expert
19-1032.00,Foresters,1.B.1.i,Third Interest High-Point,IH,Occupational Interest High-Point,6.00,02/2026,Machine Learning/Expert
19-1041.00,Epidemiologists,1.B.1.a,Realistic,OI,Occupational Interests,2.82,02/2026,Machine Learning/Expert
19-1041.00,Epidemiologists,1.B.1.b,Investigative,OI,Occupational Interests,7.00,02/2026,Machine Learning/Expert
19-1041.00,Epidemiologists,1.B.1.c,Artistic,OI,Occupational Interests,2.19,02/2026,Machine Learning/Expert
19-1041.00,Epidemiologists,1.B.1.d,Social,OI,Occupational Interests,4.11,02/2026,Machine Learning/Expert
19-1041.00,Epidemiologists,1.B.1.e,Enterprising,OI,Occupational Interests,2.37,02/2026,Machine Learning/Expert
19-1041.00,Epidemiologists,1.B.1.f,Conventional,OI,Occupational Interests,3.63,02/2026,Machine Learning/Expert
19-1041.00,Epidemiologists,1.B.1.g,First Interest High-Point,IH,Occupational Interest High-Point,2.00,02/2026,Machine Learning/Expert
19-1041.00,Epidemiologists,1.B.1.h,Second Interest High-Point,IH,Occupational Interest High-Point,4.00,02/2026,Machine Learning/Expert
19-1041.00,Epidemiologists,1.B.1.i,Third Interest High-Point,IH,Occupational Interest High-Point,0.00,02/2026,Machine Learning/Expert
19-1042.00,"Medical Scientists, Except Epidemiologists",1.B.1.a,Realistic,OI,Occupational Interests,4.27,02/2026,Machine Learning/Expert
19-1042.00,"Medical Scientists, Except Epidemiologists",1.B.1.b,Investigative,OI,Occupational Interests,7.00,02/2026,Machine Learning/Expert
19-1042.00,"Medical Scientists, Except Epidemiologists",1.B.1.c,Artistic,OI,Occupational Interests,2.42,02/2026,Machine Learning/Expert
19-1042.00,"Medical Scientists, Except Epidemiologists",1.B.1.d,Social,OI,Occupational Interests,3.29,02/2026,Machine Learning/Expert
19-1042.00,"Medical Scientists, Except Epidemiologists",1.B.1.e,Enterprising,OI,Occupational Interests,2.22,02/2026,Machine Learning/Expert
19-1042.00,"Medical Scientists, Except Epidemiologists",1.B.1.f,Conventional,OI,Occupational Interests,3.70,02/2026,Machine Learning/Expert
19-1042.00,"Medical Scientists, Except Epidemiologists",1.B.1.g,First Interest High-Point,IH,Occupational Interest High-Point,2.00,02/2026,Machine Learning/Expert
19-1042.00,"Medical Scientists, Except Epidemiologists",1.B.1.h,Second Interest High-Point,IH,Occupational Interest High-Point,1.00,02/2026,Machine Learning/Expert
19-1042.00,"Medical Scientists, Except Epidemiologists",1.B.1.i,Third Interest High-Point,IH,Occupational Interest High-Point,0.00,02/2026,Machine Learning/Expert
19-2011.00,Astronomers,1.B.1.a,Realistic,OI,Occupational Interests,5.07,02/2026,Machine Learning/Expert
19-2011.00,Astronomers,1.B.1.b,Investigative,OI,Occupational Interests,7.00,02/2026,Machine Learning/Expert
19-2011.00,Astronomers,1.B.1.c,Artistic,OI,Occupational Interests,3.28,02/2026,Machine Learning/Expert
19-2011.00,Astronomers,1.B.1.d,Social,OI,Occupational Interests,2.71,02/2026,Machine Learning/Expert
19-2011.00,Astronomers,1.B.1.e,Enterprising,OI,Occupational Interests,1.87,02/2026,Machine Learning/Expert
19-2011.00,Astronomers,1.B.1.f,Conventional,OI,Occupational Interests,4.04,02/2026,Machine Learning/Expert
19-2011.00,Astronomers,1.B.1.g,First Interest High-Point,IH,Occupational Interest High-Point,2.00,02/2026,Machine Learning/Expert
19-2011.00,Astronomers,1.B.1.h,Second Interest High-Point,IH,Occupational Interest High-Point,1.00,02/2026,Machine Learning/Expert
19-2011.00,Astronomers,1.B.1.i,Third Interest High-Point,IH,Occupational Interest High-Point,0.00,02/2026,Machine Learning/Expert
19-2012.00,Physicists,1.B.1.a,Realistic,OI,Occupational Interests,4.94,02/2026,Machine Learning/Expert
19-2012.00,Physicists,1.B.1.b,Investigative,OI,Occupational Interests,7.00,02/2026,Machine Learning/Expert
19-2012.00,Physicists,1.B.1.c,Artistic,OI,Occupational Interests,2.75,02/2026,Machine Learning/Expert
19-2012.00,Physicists,1.B.1.d,Social,OI,Occupational Interests,2.12,02/2026,Machine Learning/Expert
19-2012.00,Physicists,1.B.1.e,Enterprising,OI,Occupational Interests,1.77,02/2026,Machine Learning/Expert
19-2012.00,Physicists,1.B.1.f,Conventional,OI,Occupational Interests,4.80,02/2026,Machine Learning/Expert
19-2012.00,Physicists,1.B.1.g,First Interest High-Point,IH,Occupational Interest High-Point,2.00,02/2026,Machine Learning/Expert
19-2012.00,Physicists,1.B.1.h,Second Interest High-Point,IH,Occupational Interest High-Point,1.00,02/2026,Machine Learning/Expert
19-2012.00,Physicists,1.B.1.i,Third Interest High-Point,IH,Occupational Interest High-Point,6.00,02/2026,Machine Learning/Expert
19-2021.00,Atmospheric and Space Scientists,1.B.1.a,Realistic,OI,Occupational Interests,4.77,02/2026,Machine Learning/Expert
19-2021.00,Atmospheric and Space Scientists,1.B.1.b,Investigative,OI,Occupational Interests,6.26,02/2026,Machine Learning/Expert
19-2021.00,Atmospheric and Space Scientists,1.B.1.c,Artistic,OI,Occupational Interests,2.72,02/2026,Machine Learning/Expert
19-2021.00,Atmospheric and Space Scientists,1.B.1.d,Social,OI,Occupational Interests,2.49,02/2026,Machine Learning/Expert
19-2021.00,Atmospheric and Space Scientists,1.B.1.e,Enterprising,OI,Occupational Interests,2.68,02/2026,Machine Learning/Expert
19-2021.00,Atmospheric and Space Scientists,1.B.1.f,Conventional,OI,Occupational Interests,4.45,02/2026,Machine Learning/Expert
19-2021.00,Atmospheric and Space Scientists,1.B.1.g,First Interest High-Point,IH,Occupational Interest High-Point,2.00,02/2026,Machine Learning/Expert
19-2021.00,Atmospheric and Space Scientists,1.B.1.h,Second Interest High-Point,IH,Occupational Interest High-Point,1.00,02/2026,Machine Learning/Expert
19-2021.00,Atmospheric and Space Scientists,1.B.1.i,Third Interest High-Point,IH,Occupational Interest High-Point,6.00,02/2026,Machine Learning/Expert
19-2031.00,Chemists,1.B.1.a,Realistic,OI,Occupational Interests,5.67,02/2026,Machine Learning/Expert
19-2031.00,Chemists,1.B.1.b,Investigative,OI,Occupational Interests,6.71,02/2026,Machine Learning/Expert
19-2031.00,Chemists,1.B.1.c,Artistic,OI,Occupational Interests,1.52,02/2026,Machine Learning/Expert
19-2031.00,Chemists,1.B.1.d,Social,OI,Occupational Interests,1.14,02/2026,Machine Learning/Expert
19-2031.00,Chemists,1.B.1.e,Enterprising,OI,Occupational Interests,1.60,02/2026,Machine Learning/Expert
19-2031.00,Chemists,1.B.1.f,Conventional,OI,Occupational Interests,4.81,02/2026,Machine Learning/Expert
19-2031.00,Chemists,1.B.1.g,First Interest High-Point,IH,Occupational Interest High-Point,2.00,02/2026,Machine Learning/Expert
19-2031.00,Chemists,1.B.1.h,Second Interest High-Point,IH,Occupational Interest High-Point,1.00,02/2026,Machine Learning/Expert
19-2031.00,Chemists,1.B.1.i,Third Interest High-Point,IH,Occupational Interest High-Point,6.00,02/2026,Machine Learning/Expert
19-2032.00,Materials Scientists,1.B.1.a,Realistic,OI,Occupational Interests,5.82,02/2026,Machine Learning/Expert
19-2032.00,Materials Scientists,1.B.1.b,Investigative,OI,Occupational Interests,6.59,02/2026,Machine Learning/Expert
19-2032.00,Materials Scientists,1.B.1.c,Artistic,OI,Occupational Interests,2.17,02/2026,Machine Learning/Expert
19-2032.00,Materials Scientists,1.B.1.d,Social,OI,Occupational Interests,1.39,02/2026,Machine Learning/Expert
19-2032.00,Materials Scientists,1.B.1.e,Enterprising,OI,Occupational Interests,1.86,02/2026,Machine Learning/Expert
19-2032.00,Materials Scientists,1.B.1.f,Conventional,OI,Occupational Interests,4.15,02/2026,Machine Learning/Expert
19-2032.00,Materials Scientists,1.B.1.g,First Interest High-Point,IH,Occupational Interest High-Point,2.00,02/2026,Machine Learning/Expert
19-2032.00,Materials Scientists,1.B.1.h,Second Interest High-Point,IH,Occupational Interest High-Point,1.00,02/2026,Machine Learning/Expert
19-2032.00,Materials Scientists,1.B.1.i,Third Interest High-Point,IH,Occupational Interest High-Point,6.00,02/2026,Machine Learning/Expert
19-2041.00,"Environmental Scientists and Specialists, Including Health",1.B.1.a,Realistic,OI,Occupational Interests,4.76,02/2026,Machine Learning/Expert
19-2041.00,"Environmental Scientists and Specialists, Including Health",1.B.1.b,Investigative,OI,Occupational Interests,7.00,02/2026,Machine Learning/Expert
19-2041.00,"Environmental Scientists and Specialists, Including Health",1.B.1.c,Artistic,OI,Occupational Interests,1.87,02/2026,Machine Learning/Expert
19-2041.00,"Environmental Scientists and Specialists, Including Health",1.B.1.d,Social,OI,Occupational Interests,2.75,02/2026,Machine Learning/Expert
19-2041.00,"Environmental Scientists and Specialists, Including Health",1.B.1.e,Enterprising,OI,Occupational Interests,2.56,02/2026,Machine Learning/Expert
19-2041.00,"Environmental Scientists and Specialists, Including Health",1.B.1.f,Conventional,OI,Occupational Interests,4.32,02/2026,Machine Learning/Expert
19-2041.00,"Environmental Scientists and Specialists, Including Health",1.B.1.g,First Interest High-Point,IH,Occupational Interest High-Point,2.00,02/2026,Machine Learning/Expert
19-2041.00,"Environmental Scientists and Specialists, Including Health",1.B.1.h,Second Interest High-Point,IH,Occupational Interest High-Point,1.00,02/2026,Machine Learning/Expert
19-2041.00,"Environmental Scientists and Specialists, Including Health",1.B.1.i,Third Interest High-Point,IH,Occupational Interest High-Point,6.00,02/2026,Machine Learning/Expert
19-2041.01,Climate Change Policy Analysts,1.B.1.a,Realistic,OI,Occupational Interests,1.37,11/2023,Machine Learning
19-2041.01,Climate Change Policy Analysts,1.B.1.b,Investigative,OI,Occupational Interests,6.73,11/2023,Machine Learning
19-2041.01,Climate Change Policy Analysts,1.B.1.c,Artistic,OI,Occupational Interests,3.11,11/2023,Machine Learning
19-2041.01,Climate Change Policy Analysts,1.B.1.d,Social,OI,Occupational Interests,3.17,11/2023,Machine Learning
19-2041.01,Climate Change Policy Analysts,1.B.1.e,Enterprising,OI,Occupational Interests,4.69,11/2023,Machine Learning
19-2041.01,Climate Change Policy Analysts,1.B.1.f,Conventional,OI,Occupational Interests,4.06,11/2023,Machine Learning
19-2041.01,Climate Change Policy Analysts,1.B.1.g,First Interest High-Point,IH,Occupational Interest High-Point,2.00,11/2023,Machine Learning
19-2041.01,Climate Change Policy Analysts,1.B.1.h,Second Interest High-Point,IH,Occupational Interest High-Point,5.00,11/2023,Machine Learning
19-2041.01,Climate Change Policy Analysts,1.B.1.i,Third Interest High-Point,IH,Occupational Interest High-Point,6.00,11/2023,Machine Learning
19-2041.02,Environmental Restoration Planners,1.B.1.a,Realistic,OI,Occupational Interests,5.31,11/2023,Machine Learning
19-2041.02,Environmental Restoration Planners,1.B.1.b,Investigative,OI,Occupational Interests,6.25,11/2023,Machine Learning
19-2041.02,Environmental Restoration Planners,1.B.1.c,Artistic,OI,Occupational Interests,2.24,11/2023,Machine Learning
19-2041.02,Environmental Restoration Planners,1.B.1.d,Social,OI,Occupational Interests,2.12,11/2023,Machine Learning
19-2041.02,Environmental Restoration Planners,1.B.1.e,Enterprising,OI,Occupational Interests,3.63,11/2023,Machine Learning
19-2041.02,Environmental Restoration Planners,1.B.1.f,Conventional,OI,Occupational Interests,4.13,11/2023,Machine Learning
19-2041.02,Environmental Restoration Planners,1.B.1.g,First Interest High-Point,IH,Occupational Interest High-Point,2.00,11/2023,Machine Learning
19-2041.02,Environmental Restoration Planners,1.B.1.h,Second Interest High-Point,IH,Occupational Interest High-Point,1.00,11/2023,Machine Learning
19-2041.02,Environmental Restoration Planners,1.B.1.i,Third Interest High-Point,IH,Occupational Interest High-Point,6.00,11/2023,Machine Learning
19-2041.03,Industrial Ecologists,1.B.1.a,Realistic,OI,Occupational Interests,4.62,11/2023,Machine Learning
19-2041.03,Industrial Ecologists,1.B.1.b,Investigative,OI,Occupational Interests,7.00,11/2023,Machine Learning
19-2041.03,Industrial Ecologists,1.B.1.c,Artistic,OI,Occupational Interests,2.14,11/2023,Machine Learning
19-2041.03,Industrial Ecologists,1.B.1.d,Social,OI,Occupational Interests,1.95,11/2023,Machine Learning
19-2041.03,Industrial Ecologists,1.B.1.e,Enterprising,OI,Occupational Interests,3.04,11/2023,Machine Learning
19-2041.03,Industrial Ecologists,1.B.1.f,Conventional,OI,Occupational Interests,3.98,11/2023,Machine Learning
19-2041.03,Industrial Ecologists,1.B.1.g,First Interest High-Point,IH,Occupational Interest High-Point,2.00,11/2023,Machine Learning
19-2041.03,Industrial Ecologists,1.B.1.h,Second Interest High-Point,IH,Occupational Interest High-Point,1.00,11/2023,Machine Learning
19-2041.03,Industrial Ecologists,1.B.1.i,Third Interest High-Point,IH,Occupational Interest High-Point,6.00,11/2023,Machine Learning
19-2042.00,"Geoscientists, Except Hydrologists and Geographers",1.B.1.a,Realistic,OI,Occupational Interests,5.59,02/2026,Machine Learning/Expert
19-2042.00,"Geoscientists, Except Hydrologists and Geographers",1.B.1.b,Investigative,OI,Occupational Interests,7.00,02/2026,Machine Learning/Expert
19-2042.00,"Geoscientists, Except Hydrologists and Geographers",1.B.1.c,Artistic,OI,Occupational Interests,2.72,02/2026,Machine Learning/Expert
19-2042.00,"Geoscientists, Except Hydrologists and Geographers",1.B.1.d,Social,OI,Occupational Interests,2.24,02/2026,Machine Learning/Expert
19-2042.00,"Geoscientists, Except Hydrologists and Geographers",1.B.1.e,Enterprising,OI,Occupational Interests,1.65,02/2026,Machine Learning/Expert
19-2042.00,"Geoscientists, Except Hydrologists and Geographers",1.B.1.f,Conventional,OI,Occupational Interests,4.16,02/2026,Machine Learning/Expert
19-2042.00,"Geoscientists, Except Hydrologists and Geographers",1.B.1.g,First Interest High-Point,IH,Occupational Interest High-Point,2.00,02/2026,Machine Learning/Expert
19-2042.00,"Geoscientists, Except Hydrologists and Geographers",1.B.1.h,Second Interest High-Point,IH,Occupational Interest High-Point,1.00,02/2026,Machine Learning/Expert
19-2042.00,"Geoscientists, Except Hydrologists and Geographers",1.B.1.i,Third Interest High-Point,IH,Occupational Interest High-Point,6.00,02/2026,Machine Learning/Expert
19-2043.00,Hydrologists,1.B.1.a,Realistic,OI,Occupational Interests,5.84,02/2026,Machine Learning/Expert
19-2043.00,Hydrologists,1.B.1.b,Investigative,OI,Occupational Interests,6.41,02/2026,Machine Learning/Expert
19-2043.00,Hydrologists,1.B.1.c,Artistic,OI,Occupational Interests,1.63,02/2026,Machine Learning/Expert
19-2043.00,Hydrologists,1.B.1.d,Social,OI,Occupational Interests,2.14,02/2026,Machine Learning/Expert
19-2043.00,Hydrologists,1.B.1.e,Enterprising,OI,Occupational Interests,2.29,02/2026,Machine Learning/Expert
19-2043.00,Hydrologists,1.B.1.f,Conventional,OI,Occupational Interests,4.31,02/2026,Machine Learning/Expert
19-2043.00,Hydrologists,1.B.1.g,First Interest High-Point,IH,Occupational Interest High-Point,2.00,02/2026,Machine Learning/Expert
19-2043.00,Hydrologists,1.B.1.h,Second Interest High-Point,IH,Occupational Interest High-Point,1.00,02/2026,Machine Learning/Expert
19-2043.00,Hydrologists,1.B.1.i,Third Interest High-Point,IH,Occupational Interest High-Point,6.00,02/2026,Machine Learning/Expert
19-2099.01,Remote Sensing Scientists and Technologists,1.B.1.a,Realistic,OI,Occupational Interests,4.86,02/2026,Machine Learning/Expert
19-2099.01,Remote Sensing Scientists and Technologists,1.B.1.b,Investigative,OI,Occupational Interests,6.09,02/2026,Machine Learning/Expert
19-2099.01,Remote Sensing Scientists and Technologists,1.B.1.c,Artistic,OI,Occupational Interests,1.93,02/2026,Machine Learning/Expert
19-2099.01,Remote Sensing Scientists and Technologists,1.B.1.d,Social,OI,Occupational Interests,1.27,02/2026,Machine Learning/Expert
19-2099.01,Remote Sensing Scientists and Technologists,1.B.1.e,Enterprising,OI,Occupational Interests,1.44,02/2026,Machine Learning/Expert
19-2099.01,Remote Sensing Scientists and Technologists,1.B.1.f,Conventional,OI,Occupational Interests,4.81,02/2026,Machine Learning/Expert
19-2099.01,Remote Sensing Scientists and Technologists,1.B.1.g,First Interest High-Point,IH,Occupational Interest High-Point,2.00,02/2026,Machine Learning/Expert
19-2099.01,Remote Sensing Scientists and Technologists,1.B.1.h,Second Interest High-Point,IH,Occupational Interest High-Point,1.00,02/2026,Machine Learning/Expert
19-2099.01,Remote Sensing Scientists and Technologists,1.B.1.i,Third Interest High-Point,IH,Occupational Interest High-Point,6.00,02/2026,Machine Learning/Expert
19-3011.00,Economists,1.B.1.a,Realistic,OI,Occupational Interests,1.35,02/2026,Machine Learning/Expert
19-3011.00,Economists,1.B.1.b,Investigative,OI,Occupational Interests,7.00,02/2026,Machine Learning/Expert
19-3011.00,Economists,1.B.1.c,Artistic,OI,Occupational Interests,2.43,02/2026,Machine Learning/Expert
19-3011.00,Economists,1.B.1.d,Social,OI,Occupational Interests,2.40,02/2026,Machine Learning/Expert
19-3011.00,Economists,1.B.1.e,Enterprising,OI,Occupational Interests,3.93,02/2026,Machine Learning/Expert
19-3011.00,Economists,1.B.1.f,Conventional,OI,Occupational Interests,4.53,02/2026,Machine Learning/Expert
19-3011.00,Economists,1.B.1.g,First Interest High-Point,IH,Occupational Interest High-Point,2.00,02/2026,Machine Learning/Expert
19-3011.00,Economists,1.B.1.h,Second Interest High-Point,IH,Occupational Interest High-Point,6.00,02/2026,Machine Learning/Expert
19-3011.00,Economists,1.B.1.i,Third Interest High-Point,IH,Occupational Interest High-Point,5.00,02/2026,Machine Learning/Expert
19-3011.01,Environmental Economists,1.B.1.a,Realistic,OI,Occupational Interests,2.74,11/2023,Machine Learning
19-3011.01,Environmental Economists,1.B.1.b,Investigative,OI,Occupational Interests,7.00,11/2023,Machine Learning
19-3011.01,Environmental Economists,1.B.1.c,Artistic,OI,Occupational Interests,2.53,11/2023,Machine Learning
19-3011.01,Environmental Economists,1.B.1.d,Social,OI,Occupational Interests,2.28,11/2023,Machine Learning
19-3011.01,Environmental Economists,1.B.1.e,Enterprising,OI,Occupational Interests,4.11,11/2023,Machine Learning
19-3011.01,Environmental Economists,1.B.1.f,Conventional,OI,Occupational Interests,4.08,11/2023,Machine Learning
19-3011.01,Environmental Economists,1.B.1.g,First Interest High-Point,IH,Occupational Interest High-Point,2.00,11/2023,Machine Learning
19-3011.01,Environmental Economists,1.B.1.h,Second Interest High-Point,IH,Occupational Interest High-Point,5.00,11/2023,Machine Learning
19-3011.01,Environmental Economists,1.B.1.i,Third Interest High-Point,IH,Occupational Interest High-Point,6.00,11/2023,Machine Learning
19-3022.00,Survey Researchers,1.B.1.a,Realistic,OI,Occupational Interests,1.68,02/2026,Machine Learning/Expert
19-3022.00,Survey Researchers,1.B.1.b,Investigative,OI,Occupational Interests,6.11,02/2026,Machine Learning/Expert
19-3022.00,Survey Researchers,1.B.1.c,Artistic,OI,Occupational Interests,2.31,02/2026,Machine Learning/Expert
19-3022.00,Survey Researchers,1.B.1.d,Social,OI,Occupational Interests,2.34,02/2026,Machine Learning/Expert
19-3022.00,Survey Researchers,1.B.1.e,Enterprising,OI,Occupational Interests,3.02,02/2026,Machine Learning/Expert
19-3022.00,Survey Researchers,1.B.1.f,Conventional,OI,Occupational Interests,5.25,02/2026,Machine Learning/Expert
19-3022.00,Survey Researchers,1.B.1.g,First Interest High-Point,IH,Occupational Interest High-Point,2.00,02/2026,Machine Learning/Expert
19-3022.00,Survey Researchers,1.B.1.h,Second Interest High-Point,IH,Occupational Interest High-Point,6.00,02/2026,Machine Learning/Expert
19-3022.00,Survey Researchers,1.B.1.i,Third Interest High-Point,IH,Occupational Interest High-Point,0.00,02/2026,Machine Learning/Expert
19-3032.00,Industrial-Organizational Psychologists,1.B.1.a,Realistic,OI,Occupational Interests,1.05,02/2026,Machine Learning/Expert
19-3032.00,Industrial-Organizational Psychologists,1.B.1.b,Investigative,OI,Occupational Interests,5.34,02/2026,Machine Learning/Expert
19-3032.00,Industrial-Organizational Psychologists,1.B.1.c,Artistic,OI,Occupational Interests,3.13,02/2026,Machine Learning/Expert
19-3032.00,Industrial-Organizational Psychologists,1.B.1.d,Social,OI,Occupational Interests,3.99,02/2026,Machine Learning/Expert
19-3032.00,Industrial-Organizational Psychologists,1.B.1.e,Enterprising,OI,Occupational Interests,4.71,02/2026,Machine Learning/Expert
19-3032.00,Industrial-Organizational Psychologists,1.B.1.f,Conventional,OI,Occupational Interests,4.28,02/2026,Machine Learning/Expert
19-3032.00,Industrial-Organizational Psychologists,1.B.1.g,First Interest High-Point,IH,Occupational Interest High-Point,2.00,02/2026,Machine Learning/Expert
19-3032.00,Industrial-Organizational Psychologists,1.B.1.h,Second Interest High-Point,IH,Occupational Interest High-Point,5.00,02/2026,Machine Learning/Expert
19-3032.00,Industrial-Organizational Psychologists,1.B.1.i,Third Interest High-Point,IH,Occupational Interest High-Point,6.00,02/2026,Machine Learning/Expert
19-3033.00,Clinical and Counseling Psychologists,1.B.1.a,Realistic,OI,Occupational Interests,1.05,02/2026,Machine Learning/Expert
19-3033.00,Clinical and Counseling Psychologists,1.B.1.b,Investigative,OI,Occupational Interests,5.58,02/2026,Machine Learning/Expert
19-3033.00,Clinical and Counseling Psychologists,1.B.1.c,Artistic,OI,Occupational Interests,3.06,02/2026,Machine Learning/Expert
19-3033.00,Clinical and Counseling Psychologists,1.B.1.d,Social,OI,Occupational Interests,6.57,02/2026,Machine Learning/Expert
19-3033.00,Clinical and Counseling Psychologists,1.B.1.e,Enterprising,OI,Occupational Interests,2.65,02/2026,Machine Learning/Expert
19-3033.00,Clinical and Counseling Psychologists,1.B.1.f,Conventional,OI,Occupational Interests,3.49,02/2026,Machine Learning/Expert
19-3033.00,Clinical and Counseling Psychologists,1.B.1.g,First Interest High-Point,IH,Occupational Interest High-Point,4.00,02/2026,Machine Learning/Expert
19-3033.00,Clinical and Counseling Psychologists,1.B.1.h,Second Interest High-Point,IH,Occupational Interest High-Point,2.00,02/2026,Machine Learning/Expert
19-3033.00,Clinical and Counseling Psychologists,1.B.1.i,Third Interest High-Point,IH,Occupational Interest High-Point,0.00,02/2026,Machine Learning/Expert
19-3034.00,School Psychologists,1.B.1.a,Realistic,OI,Occupational Interests,1.00,02/2026,Machine Learning/Expert
19-3034.00,School Psychologists,1.B.1.b,Investigative,OI,Occupational Interests,5.00,02/2026,Machine Learning/Expert
19-3034.00,School Psychologists,1.B.1.c,Artistic,OI,Occupational Interests,3.31,02/2026,Machine Learning/Expert
19-3034.00,School Psychologists,1.B.1.d,Social,OI,Occupational Interests,6.77,02/2026,Machine Learning/Expert
19-3034.00,School Psychologists,1.B.1.e,Enterprising,OI,Occupational Interests,2.82,02/2026,Machine Learning/Expert
19-3034.00,School Psychologists,1.B.1.f,Conventional,OI,Occupational Interests,4.01,02/2026,Machine Learning/Expert
19-3034.00,School Psychologists,1.B.1.g,First Interest High-Point,IH,Occupational Interest High-Point,4.00,02/2026,Machine Learning/Expert
19-3034.00,School Psychologists,1.B.1.h,Second Interest High-Point,IH,Occupational Interest High-Point,2.00,02/2026,Machine Learning/Expert
19-3034.00,School Psychologists,1.B.1.i,Third Interest High-Point,IH,Occupational Interest High-Point,6.00,02/2026,Machine Learning/Expert
19-3039.02,Neuropsychologists,1.B.1.a,Realistic,OI,Occupational Interests,2.63,02/2026,Machine Learning/Expert
19-3039.02,Neuropsychologists,1.B.1.b,Investigative,OI,Occupational Interests,7.00,02/2026,Machine Learning/Expert
19-3039.02,Neuropsychologists,1.B.1.c,Artistic,OI,Occupational Interests,3.28,02/2026,Machine Learning/Expert
19-3039.02,Neuropsychologists,1.B.1.d,Social,OI,Occupational Interests,5.29,02/2026,Machine Learning/Expert
19-3039.02,Neuropsychologists,1.B.1.e,Enterprising,OI,Occupational Interests,1.69,02/2026,Machine Learning/Expert
19-3039.02,Neuropsychologists,1.B.1.f,Conventional,OI,Occupational Interests,3.32,02/2026,Machine Learning/Expert
19-3039.02,Neuropsychologists,1.B.1.g,First Interest High-Point,IH,Occupational Interest High-Point,2.00,02/2026,Machine Learning/Expert
19-3039.02,Neuropsychologists,1.B.1.h,Second Interest High-Point,IH,Occupational Interest High-Point,4.00,02/2026,Machine Learning/Expert
19-3039.02,Neuropsychologists,1.B.1.i,Third Interest High-Point,IH,Occupational Interest High-Point,0.00,02/2026,Machine Learning/Expert
19-3039.03,Clinical Neuropsychologists,1.B.1.a,Realistic,OI,Occupational Interests,2.82,02/2026,Machine Learning/Expert
19-3039.03,Clinical Neuropsychologists,1.B.1.b,Investigative,OI,Occupational Interests,7.00,02/2026,Machine Learning/Expert
19-3039.03,Clinical Neuropsychologists,1.B.1.c,Artistic,OI,Occupational Interests,2.40,02/2026,Machine Learning/Expert
19-3039.03,Clinical Neuropsychologists,1.B.1.d,Social,OI,Occupational Interests,5.69,02/2026,Machine Learning/Expert
19-3039.03,Clinical Neuropsychologists,1.B.1.e,Enterprising,OI,Occupational Interests,2.07,02/2026,Machine Learning/Expert
19-3039.03,Clinical Neuropsychologists,1.B.1.f,Conventional,OI,Occupational Interests,3.49,02/2026,Machine Learning/Expert
19-3039.03,Clinical Neuropsychologists,1.B.1.g,First Interest High-Point,IH,Occupational Interest High-Point,2.00,02/2026,Machine Learning/Expert
19-3039.03,Clinical Neuropsychologists,1.B.1.h,Second Interest High-Point,IH,Occupational Interest High-Point,4.00,02/2026,Machine Learning/Expert
19-3039.03,Clinical Neuropsychologists,1.B.1.i,Third Interest High-Point,IH,Occupational Interest High-Point,0.00,02/2026,Machine Learning/Expert
19-3041.00,Sociologists,1.B.1.a,Realistic,OI,Occupational Interests,1.56,02/2026,Machine Learning/Expert
19-3041.00,Sociologists,1.B.1.b,Investigative,OI,Occupational Interests,6.50,02/2026,Machine Learning/Expert
19-3041.00,Sociologists,1.B.1.c,Artistic,OI,Occupational Interests,3.99,02/2026,Machine Learning/Expert
19-3041.00,Sociologists,1.B.1.d,Social,OI,Occupational Interests,4.36,02/2026,Machine Learning/Expert
19-3041.00,Sociologists,1.B.1.e,Enterprising,OI,Occupational Interests,3.08,02/2026,Machine Learning/Expert
19-3041.00,Sociologists,1.B.1.f,Conventional,OI,Occupational Interests,3.60,02/2026,Machine Learning/Expert
19-3041.00,Sociologists,1.B.1.g,First Interest High-Point,IH,Occupational Interest High-Point,2.00,02/2026,Machine Learning/Expert
19-3041.00,Sociologists,1.B.1.h,Second Interest High-Point,IH,Occupational Interest High-Point,4.00,02/2026,Machine Learning/Expert
19-3041.00,Sociologists,1.B.1.i,Third Interest High-Point,IH,Occupational Interest High-Point,3.00,02/2026,Machine Learning/Expert
19-3051.00,Urban and Regional Planners,1.B.1.a,Realistic,OI,Occupational Interests,3.22,02/2026,Machine Learning/Expert
19-3051.00,Urban and Regional Planners,1.B.1.b,Investigative,OI,Occupational Interests,5.31,02/2026,Machine Learning/Expert
19-3051.00,Urban and Regional Planners,1.B.1.c,Artistic,OI,Occupational Interests,3.06,02/2026,Machine Learning/Expert
19-3051.00,Urban and Regional Planners,1.B.1.d,Social,OI,Occupational Interests,3.03,02/2026,Machine Learning/Expert
19-3051.00,Urban and Regional Planners,1.B.1.e,Enterprising,OI,Occupational Interests,4.46,02/2026,Machine Learning/Expert
19-3051.00,Urban and Regional Planners,1.B.1.f,Conventional,OI,Occupational Interests,3.96,02/2026,Machine Learning/Expert
19-3051.00,Urban and Regional Planners,1.B.1.g,First Interest High-Point,IH,Occupational Interest High-Point,2.00,02/2026,Machine Learning/Expert
19-3051.00,Urban and Regional Planners,1.B.1.h,Second Interest High-Point,IH,Occupational Interest High-Point,5.00,02/2026,Machine Learning/Expert
19-3051.00,Urban and Regional Planners,1.B.1.i,Third Interest High-Point,IH,Occupational Interest High-Point,6.00,02/2026,Machine Learning/Expert
19-3091.00,Anthropologists and Archeologists,1.B.1.a,Realistic,OI,Occupational Interests,3.99,02/2026,Machine Learning/Expert
19-3091.00,Anthropologists and Archeologists,1.B.1.b,Investigative,OI,Occupational Interests,6.84,02/2026,Machine Learning/Expert
19-3091.00,Anthropologists and Archeologists,1.B.1.c,Artistic,OI,Occupational Interests,4.21,02/2026,Machine Learning/Expert
19-3091.00,Anthropologists and Archeologists,1.B.1.d,Social,OI,Occupational Interests,3.67,02/2026,Machine Learning/Expert
19-3091.00,Anthropologists and Archeologists,1.B.1.e,Enterprising,OI,Occupational Interests,1.63,02/2026,Machine Learning/Expert
19-3091.00,Anthropologists and Archeologists,1.B.1.f,Conventional,OI,Occupational Interests,3.19,02/2026,Machine Learning/Expert
19-3091.00,Anthropologists and Archeologists,1.B.1.g,First Interest High-Point,IH,Occupational Interest High-Point,2.00,02/2026,Machine Learning/Expert
19-3091.00,Anthropologists and Archeologists,1.B.1.h,Second Interest High-Point,IH,Occupational Interest High-Point,3.00,02/2026,Machine Learning/Expert
19-3091.00,Anthropologists and Archeologists,1.B.1.i,Third Interest High-Point,IH,Occupational Interest High-Point,0.00,02/2026,Machine Learning/Expert
19-3092.00,Geographers,1.B.1.a,Realistic,OI,Occupational Interests,5.11,02/2026,Machine Learning/Expert
19-3092.00,Geographers,1.B.1.b,Investigative,OI,Occupational Interests,6.74,02/2026,Machine Learning/Expert
19-3092.00,Geographers,1.B.1.c,Artistic,OI,Occupational Interests,3.69,02/2026,Machine Learning/Expert
19-3092.00,Geographers,1.B.1.d,Social,OI,Occupational Interests,2.72,02/2026,Machine Learning/Expert
19-3092.00,Geographers,1.B.1.e,Enterprising,OI,Occupational Interests,2.10,02/2026,Machine Learning/Expert
19-3092.00,Geographers,1.B.1.f,Conventional,OI,Occupational Interests,3.69,02/2026,Machine Learning/Expert
19-3092.00,Geographers,1.B.1.g,First Interest High-Point,IH,Occupational Interest High-Point,2.00,02/2026,Machine Learning/Expert
19-3092.00,Geographers,1.B.1.h,Second Interest High-Point,IH,Occupational Interest High-Point,1.00,02/2026,Machine Learning/Expert
19-3092.00,Geographers,1.B.1.i,Third Interest High-Point,IH,Occupational Interest High-Point,0.00,02/2026,Machine Learning/Expert
19-3093.00,Historians,1.B.1.a,Realistic,OI,Occupational Interests,2.39,02/2026,Machine Learning/Expert
19-3093.00,Historians,1.B.1.b,Investigative,OI,Occupational Interests,5.32,02/2026,Machine Learning/Expert
19-3093.00,Historians,1.B.1.c,Artistic,OI,Occupational Interests,3.70,02/2026,Machine Learning/Expert
19-3093.00,Historians,1.B.1.d,Social,OI,Occupational Interests,3.22,02/2026,Machine Learning/Expert
19-3093.00,Historians,1.B.1.e,Enterprising,OI,Occupational Interests,2.35,02/2026,Machine Learning/Expert
19-3093.00,Historians,1.B.1.f,Conventional,OI,Occupational Interests,4.87,02/2026,Machine Learning/Expert
19-3093.00,Historians,1.B.1.g,First Interest High-Point,IH,Occupational Interest High-Point,2.00,02/2026,Machine Learning/Expert
19-3093.00,Historians,1.B.1.h,Second Interest High-Point,IH,Occupational Interest High-Point,6.00,02/2026,Machine Learning/Expert
19-3093.00,Historians,1.B.1.i,Third Interest High-Point,IH,Occupational Interest High-Point,0.00,02/2026,Machine Learning/Expert
19-3094.00,Political Scientists,1.B.1.a,Realistic,OI,Occupational Interests,1.00,02/2026,Machine Learning/Expert
19-3094.00,Political Scientists,1.B.1.b,Investigative,OI,Occupational Interests,6.71,02/2026,Machine Learning/Expert
19-3094.00,Political Scientists,1.B.1.c,Artistic,OI,Occupational Interests,3.87,02/2026,Machine Learning/Expert
19-3094.00,Political Scientists,1.B.1.d,Social,OI,Occupational Interests,3.42,02/2026,Machine Learning/Expert
19-3094.00,Political Scientists,1.B.1.e,Enterprising,OI,Occupational Interests,3.61,02/2026,Machine Learning/Expert
19-3094.00,Political Scientists,1.B.1.f,Conventional,OI,Occupational Interests,3.52,02/2026,Machine Learning/Expert
19-3094.00,Political Scientists,1.B.1.g,First Interest High-Point,IH,Occupational Interest High-Point,2.00,02/2026,Machine Learning/Expert
19-3094.00,Political Scientists,1.B.1.h,Second Interest High-Point,IH,Occupational Interest High-Point,3.00,02/2026,Machine Learning/Expert
19-3094.00,Political Scientists,1.B.1.i,Third Interest High-Point,IH,Occupational Interest High-Point,0.00,02/2026,Machine Learning/Expert
19-3099.01,Transportation Planners,1.B.1.a,Realistic,OI,Occupational Interests,3.59,02/2026,Machine Learning/Expert
19-3099.01,Transportation Planners,1.B.1.b,Investigative,OI,Occupational Interests,5.60,02/2026,Machine Learning/Expert
19-3099.01,Transportation Planners,1.B.1.c,Artistic,OI,Occupational Interests,2.01,02/2026,Machine Learning/Expert
19-3099.01,Transportation Planners,1.B.1.d,Social,OI,Occupational Interests,1.76,02/2026,Machine Learning/Expert
19-3099.01,Transportation Planners,1.B.1.e,Enterprising,OI,Occupational Interests,3.14,02/2026,Machine Learning/Expert
19-3099.01,Transportation Planners,1.B.1.f,Conventional,OI,Occupational Interests,4.87,02/2026,Machine Learning/Expert
19-3099.01,Transportation Planners,1.B.1.g,First Interest High-Point,IH,Occupational Interest High-Point,2.00,02/2026,Machine Learning/Expert
19-3099.01,Transportation Planners,1.B.1.h,Second Interest High-Point,IH,Occupational Interest High-Point,6.00,02/2026,Machine Learning/Expert
19-3099.01,Transportation Planners,1.B.1.i,Third Interest High-Point,IH,Occupational Interest High-Point,1.00,02/2026,Machine Learning/Expert
19-4012.00,Agricultural Technicians,1.B.1.a,Realistic,OI,Occupational Interests,6.82,02/2026,Machine Learning/Expert
19-4012.00,Agricultural Technicians,1.B.1.b,Investigative,OI,Occupational Interests,4.57,02/2026,Machine Learning/Expert
19-4012.00,Agricultural Technicians,1.B.1.c,Artistic,OI,Occupational Interests,1.00,02/2026,Machine Learning/Expert
19-4012.00,Agricultural Technicians,1.B.1.d,Social,OI,Occupational Interests,1.46,02/2026,Machine Learning/Expert
19-4012.00,Agricultural Technicians,1.B.1.e,Enterprising,OI,Occupational Interests,1.99,02/2026,Machine Learning/Expert
19-4012.00,Agricultural Technicians,1.B.1.f,Conventional,OI,Occupational Interests,4.26,02/2026,Machine Learning/Expert
19-4012.00,Agricultural Technicians,1.B.1.g,First Interest High-Point,IH,Occupational Interest High-Point,1.00,02/2026,Machine Learning/Expert
19-4012.00,Agricultural Technicians,1.B.1.h,Second Interest High-Point,IH,Occupational Interest High-Point,2.00,02/2026,Machine Learning/Expert
19-4012.00,Agricultural Technicians,1.B.1.i,Third Interest High-Point,IH,Occupational Interest High-Point,6.00,02/2026,Machine Learning/Expert
19-4012.01,Precision Agriculture Technicians,1.B.1.a,Realistic,OI,Occupational Interests,6.46,02/2026,Machine Learning/Expert
19-4012.01,Precision Agriculture Technicians,1.B.1.b,Investigative,OI,Occupational Interests,5.40,02/2026,Machine Learning/Expert
19-4012.01,Precision Agriculture Technicians,1.B.1.c,Artistic,OI,Occupational Interests,1.23,02/2026,Machine Learning/Expert
19-4012.01,Precision Agriculture Technicians,1.B.1.d,Social,OI,Occupational Interests,1.39,02/2026,Machine Learning/Expert
19-4012.01,Precision Agriculture Technicians,1.B.1.e,Enterprising,OI,Occupational Interests,2.11,02/2026,Machine Learning/Expert
19-4012.01,Precision Agriculture Technicians,1.B.1.f,Conventional,OI,Occupational Interests,4.95,02/2026,Machine Learning/Expert
19-4012.01,Precision Agriculture Technicians,1.B.1.g,First Interest High-Point,IH,Occupational Interest High-Point,1.00,02/2026,Machine Learning/Expert
19-4012.01,Precision Agriculture Technicians,1.B.1.h,Second Interest High-Point,IH,Occupational Interest High-Point,2.00,02/2026,Machine Learning/Expert
19-4012.01,Precision Agriculture Technicians,1.B.1.i,Third Interest High-Point,IH,Occupational Interest High-Point,6.00,02/2026,Machine Learning/Expert
19-4013.00,Food Science Technicians,1.B.1.a,Realistic,OI,Occupational Interests,5.57,02/2026,Machine Learning/Expert
19-4013.00,Food Science Technicians,1.B.1.b,Investigative,OI,Occupational Interests,4.51,02/2026,Machine Learning/Expert
19-4013.00,Food Science Technicians,1.B.1.c,Artistic,OI,Occupational Interests,1.33,02/2026,Machine Learning/Expert
19-4013.00,Food Science Technicians,1.B.1.d,Social,OI,Occupational Interests,1.73,02/2026,Machine Learning/Expert
19-4013.00,Food Science Technicians,1.B.1.e,Enterprising,OI,Occupational Interests,1.96,02/2026,Machine Learning/Expert
19-4013.00,Food Science Technicians,1.B.1.f,Conventional,OI,Occupational Interests,5.04,02/2026,Machine Learning/Expert
19-4013.00,Food Science Technicians,1.B.1.g,First Interest High-Point,IH,Occupational Interest High-Point,1.00,02/2026,Machine Learning/Expert
19-4013.00,Food Science Technicians,1.B.1.h,Second Interest High-Point,IH,Occupational Interest High-Point,6.00,02/2026,Machine Learning/Expert
19-4013.00,Food Science Technicians,1.B.1.i,Third Interest High-Point,IH,Occupational Interest High-Point,2.00,02/2026,Machine Learning/Expert
19-4021.00,Biological Technicians,1.B.1.a,Realistic,OI,Occupational Interests,5.60,02/2026,Machine Learning/Expert
19-4021.00,Biological Technicians,1.B.1.b,Investigative,OI,Occupational Interests,5.36,02/2026,Machine Learning/Expert
19-4021.00,Biological Technicians,1.B.1.c,Artistic,OI,Occupational Interests,1.20,02/2026,Machine Learning/Expert
19-4021.00,Biological Technicians,1.B.1.d,Social,OI,Occupational Interests,1.97,02/2026,Machine Learning/Expert
19-4021.00,Biological Technicians,1.B.1.e,Enterprising,OI,Occupational Interests,1.31,02/2026,Machine Learning/Expert
19-4021.00,Biological Technicians,1.B.1.f,Conventional,OI,Occupational Interests,5.62,02/2026,Machine Learning/Expert
19-4021.00,Biological Technicians,1.B.1.g,First Interest High-Point,IH,Occupational Interest High-Point,6.00,02/2026,Machine Learning/Expert
19-4021.00,Biological Technicians,1.B.1.h,Second Interest High-Point,IH,Occupational Interest High-Point,1.00,02/2026,Machine Learning/Expert
19-4021.00,Biological Technicians,1.B.1.i,Third Interest High-Point,IH,Occupational Interest High-Point,2.00,02/2026,Machine Learning/Expert
19-4031.00,Chemical Technicians,1.B.1.a,Realistic,OI,Occupational Interests,5.45,02/2026,Machine Learning/Expert
19-4031.00,Chemical Technicians,1.B.1.b,Investigative,OI,Occupational Interests,5.80,02/2026,Machine Learning/Expert
19-4031.00,Chemical Technicians,1.B.1.c,Artistic,OI,Occupational Interests,1.51,02/2026,Machine Learning/Expert
19-4031.00,Chemical Technicians,1.B.1.d,Social,OI,Occupational Interests,1.64,02/2026,Machine Learning/Expert
19-4031.00,Chemical Technicians,1.B.1.e,Enterprising,OI,Occupational Interests,1.13,02/2026,Machine Learning/Expert
19-4031.00,Chemical Technicians,1.B.1.f,Conventional,OI,Occupational Interests,5.25,02/2026,Machine Learning/Expert
19-4031.00,Chemical Technicians,1.B.1.g,First Interest High-Point,IH,Occupational Interest High-Point,2.00,02/2026,Machine Learning/Expert
19-4031.00,Chemical Technicians,1.B.1.h,Second Interest High-Point,IH,Occupational Interest High-Point,1.00,02/2026,Machine Learning/Expert
19-4031.00,Chemical Technicians,1.B.1.i,Third Interest High-Point,IH,Occupational Interest High-Point,6.00,02/2026,Machine Learning/Expert
19-4042.00,"Environmental Science and Protection Technicians, Including Health",1.B.1.a,Realistic,OI,Occupational Interests,5.83,02/2026,Machine Learning/Expert
19-4042.00,"Environmental Science and Protection Technicians, Including Health",1.B.1.b,Investigative,OI,Occupational Interests,5.60,02/2026,Machine Learning/Expert
19-4042.00,"Environmental Science and Protection Technicians, Including Health",1.B.1.c,Artistic,OI,Occupational Interests,1.23,02/2026,Machine Learning/Expert
19-4042.00,"Environmental Science and Protection Technicians, Including Health",1.B.1.d,Social,OI,Occupational Interests,1.93,02/2026,Machine Learning/Expert
19-4042.00,"Environmental Science and Protection Technicians, Including Health",1.B.1.e,Enterprising,OI,Occupational Interests,1.35,02/2026,Machine Learning/Expert
19-4042.00,"Environmental Science and Protection Technicians, Including Health",1.B.1.f,Conventional,OI,Occupational Interests,4.93,02/2026,Machine Learning/Expert
19-4042.00,"Environmental Science and Protection Technicians, Including Health",1.B.1.g,First Interest High-Point,IH,Occupational Interest High-Point,1.00,02/2026,Machine Learning/Expert
19-4042.00,"Environmental Science and Protection Technicians, Including Health",1.B.1.h,Second Interest High-Point,IH,Occupational Interest High-Point,2.00,02/2026,Machine Learning/Expert
19-4042.00,"Environmental Science and Protection Technicians, Including Health",1.B.1.i,Third Interest High-Point,IH,Occupational Interest High-Point,6.00,02/2026,Machine Learning/Expert
19-4043.00,"Geological Technicians, Except Hydrologic Technicians",1.B.1.a,Realistic,OI,Occupational Interests,5.60,02/2026,Machine Learning/Expert
19-4043.00,"Geological Technicians, Except Hydrologic Technicians",1.B.1.b,Investigative,OI,Occupational Interests,5.18,02/2026,Machine Learning/Expert
19-4043.00,"Geological Technicians, Except Hydrologic Technicians",1.B.1.c,Artistic,OI,Occupational Interests,1.28,02/2026,Machine Learning/Expert
19-4043.00,"Geological Technicians, Except Hydrologic Technicians",1.B.1.d,Social,OI,Occupational Interests,1.46,02/2026,Machine Learning/Expert
19-4043.00,"Geological Technicians, Except Hydrologic Technicians",1.B.1.e,Enterprising,OI,Occupational Interests,1.11,02/2026,Machine Learning/Expert
19-4043.00,"Geological Technicians, Except Hydrologic Technicians",1.B.1.f,Conventional,OI,Occupational Interests,5.34,02/2026,Machine Learning/Expert
19-4043.00,"Geological Technicians, Except Hydrologic Technicians",1.B.1.g,First Interest High-Point,IH,Occupational Interest High-Point,1.00,02/2026,Machine Learning/Expert
19-4043.00,"Geological Technicians, Except Hydrologic Technicians",1.B.1.h,Second Interest High-Point,IH,Occupational Interest High-Point,6.00,02/2026,Machine Learning/Expert
19-4043.00,"Geological Technicians, Except Hydrologic Technicians",1.B.1.i,Third Interest High-Point,IH,Occupational Interest High-Point,2.00,02/2026,Machine Learning/Expert
19-4044.00,Hydrologic Technicians,1.B.1.a,Realistic,OI,Occupational Interests,5.48,02/2026,Machine Learning/Expert
19-4044.00,Hydrologic Technicians,1.B.1.b,Investigative,OI,Occupational Interests,4.92,02/2026,Machine Learning/Expert
19-4044.00,Hydrologic Technicians,1.B.1.c,Artistic,OI,Occupational Interests,1.00,02/2026,Machine Learning/Expert
19-4044.00,Hydrologic Technicians,1.B.1.d,Social,OI,Occupational Interests,1.68,02/2026,Machine Learning/Expert
19-4044.00,Hydrologic Technicians,1.B.1.e,Enterprising,OI,Occupational Interests,1.47,02/2026,Machine Learning/Expert
19-4044.00,Hydrologic Technicians,1.B.1.f,Conventional,OI,Occupational Interests,5.28,02/2026,Machine Learning/Expert
19-4044.00,Hydrologic Technicians,1.B.1.g,First Interest High-Point,IH,Occupational Interest High-Point,1.00,02/2026,Machine Learning/Expert
19-4044.00,Hydrologic Technicians,1.B.1.h,Second Interest High-Point,IH,Occupational Interest High-Point,6.00,02/2026,Machine Learning/Expert
19-4044.00,Hydrologic Technicians,1.B.1.i,Third Interest High-Point,IH,Occupational Interest High-Point,2.00,02/2026,Machine Learning/Expert
19-4051.00,Nuclear Technicians,1.B.1.a,Realistic,OI,Occupational Interests,5.75,11/2023,Machine Learning
19-4051.00,Nuclear Technicians,1.B.1.b,Investigative,OI,Occupational Interests,4.57,11/2023,Machine Learning
19-4051.00,Nuclear Technicians,1.B.1.c,Artistic,OI,Occupational Interests,1.00,11/2023,Machine Learning
19-4051.00,Nuclear Technicians,1.B.1.d,Social,OI,Occupational Interests,1.83,11/2023,Machine Learning
19-4051.00,Nuclear Technicians,1.B.1.e,Enterprising,OI,Occupational Interests,2.26,11/2023,Machine Learning
19-4051.00,Nuclear Technicians,1.B.1.f,Conventional,OI,Occupational Interests,5.07,11/2023,Machine Learning
19-4051.00,Nuclear Technicians,1.B.1.g,First Interest High-Point,IH,Occupational Interest High-Point,1.00,11/2023,Machine Learning
19-4051.00,Nuclear Technicians,1.B.1.h,Second Interest High-Point,IH,Occupational Interest High-Point,6.00,11/2023,Machine Learning
19-4051.00,Nuclear Technicians,1.B.1.i,Third Interest High-Point,IH,Occupational Interest High-Point,2.00,11/2023,Machine Learning
19-4051.02,Nuclear Monitoring Technicians,1.B.1.a,Realistic,OI,Occupational Interests,6.10,02/2026,Machine Learning/Expert
19-4051.02,Nuclear Monitoring Technicians,1.B.1.b,Investigative,OI,Occupational Interests,4.43,02/2026,Machine Learning/Expert
19-4051.02,Nuclear Monitoring Technicians,1.B.1.c,Artistic,OI,Occupational Interests,1.00,02/2026,Machine Learning/Expert
19-4051.02,Nuclear Monitoring Technicians,1.B.1.d,Social,OI,Occupational Interests,1.90,02/2026,Machine Learning/Expert
19-4051.02,Nuclear Monitoring Technicians,1.B.1.e,Enterprising,OI,Occupational Interests,1.53,02/2026,Machine Learning/Expert
19-4051.02,Nuclear Monitoring Technicians,1.B.1.f,Conventional,OI,Occupational Interests,5.51,02/2026,Machine Learning/Expert
19-4051.02,Nuclear Monitoring Technicians,1.B.1.g,First Interest High-Point,IH,Occupational Interest High-Point,1.00,02/2026,Machine Learning/Expert
19-4051.02,Nuclear Monitoring Technicians,1.B.1.h,Second Interest High-Point,IH,Occupational Interest High-Point,6.00,02/2026,Machine Learning/Expert
19-4051.02,Nuclear Monitoring Technicians,1.B.1.i,Third Interest High-Point,IH,Occupational Interest High-Point,2.00,02/2026,Machine Learning/Expert
19-4061.00,Social Science Research Assistants,1.B.1.a,Realistic,OI,Occupational Interests,2.38,02/2026,Machine Learning/Expert
19-4061.00,Social Science Research Assistants,1.B.1.b,Investigative,OI,Occupational Interests,6.08,02/2026,Machine Learning/Expert
19-4061.00,Social Science Research Assistants,1.B.1.c,Artistic,OI,Occupational Interests,1.89,02/2026,Machine Learning/Expert
19-4061.00,Social Science Research Assistants,1.B.1.d,Social,OI,Occupational Interests,2.67,02/2026,Machine Learning/Expert
19-4061.00,Social Science Research Assistants,1.B.1.e,Enterprising,OI,Occupational Interests,2.27,02/2026,Machine Learning/Expert
19-4061.00,Social Science Research Assistants,1.B.1.f,Conventional,OI,Occupational Interests,5.93,02/2026,Machine Learning/Expert
19-4061.00,Social Science Research Assistants,1.B.1.g,First Interest High-Point,IH,Occupational Interest High-Point,2.00,02/2026,Machine Learning/Expert
19-4061.00,Social Science Research Assistants,1.B.1.h,Second Interest High-Point,IH,Occupational Interest High-Point,6.00,02/2026,Machine Learning/Expert
19-4061.00,Social Science Research Assistants,1.B.1.i,Third Interest High-Point,IH,Occupational Interest High-Point,0.00,02/2026,Machine Learning/Expert
19-4071.00,Forest and Conservation Technicians,1.B.1.a,Realistic,OI,Occupational Interests,6.53,02/2026,Machine Learning/Expert
19-4071.00,Forest and Conservation Technicians,1.B.1.b,Investigative,OI,Occupational Interests,4.37,02/2026,Machine Learning/Expert
19-4071.00,Forest and Conservation Technicians,1.B.1.c,Artistic,OI,Occupational Interests,1.00,02/2026,Machine Learning/Expert
19-4071.00,Forest and Conservation Technicians,1.B.1.d,Social,OI,Occupational Interests,2.81,02/2026,Machine Learning/Expert
19-4071.00,Forest and Conservation Technicians,1.B.1.e,Enterprising,OI,Occupational Interests,2.47,02/2026,Machine Learning/Expert
19-4071.00,Forest and Conservation Technicians,1.B.1.f,Conventional,OI,Occupational Interests,4.72,02/2026,Machine Learning/Expert
19-4071.00,Forest and Conservation Technicians,1.B.1.g,First Interest High-Point,IH,Occupational Interest High-Point,1.00,02/2026,Machine Learning/Expert
19-4071.00,Forest and Conservation Technicians,1.B.1.h,Second Interest High-Point,IH,Occupational Interest High-Point,6.00,02/2026,Machine Learning/Expert
19-4071.00,Forest and Conservation Technicians,1.B.1.i,Third Interest High-Point,IH,Occupational Interest High-Point,2.00,02/2026,Machine Learning/Expert
19-4092.00,Forensic Science Technicians,1.B.1.a,Realistic,OI,Occupational Interests,5.18,02/2026,Machine Learning/Expert
19-4092.00,Forensic Science Technicians,1.B.1.b,Investigative,OI,Occupational Interests,5.94,02/2026,Machine Learning/Expert
19-4092.00,Forensic Science Technicians,1.B.1.c,Artistic,OI,Occupational Interests,1.77,02/2026,Machine Learning/Expert
19-4092.00,Forensic Science Technicians,1.B.1.d,Social,OI,Occupational Interests,1.50,02/2026,Machine Learning/Expert
19-4092.00,Forensic Science Technicians,1.B.1.e,Enterprising,OI,Occupational Interests,1.59,02/2026,Machine Learning/Expert
19-4092.00,Forensic Science Technicians,1.B.1.f,Conventional,OI,Occupational Interests,4.98,02/2026,Machine Learning/Expert
19-4092.00,Forensic Science Technicians,1.B.1.g,First Interest High-Point,IH,Occupational Interest High-Point,2.00,02/2026,Machine Learning/Expert
19-4092.00,Forensic Science Technicians,1.B.1.h,Second Interest High-Point,IH,Occupational Interest High-Point,1.00,02/2026,Machine Learning/Expert
19-4092.00,Forensic Science Technicians,1.B.1.i,Third Interest High-Point,IH,Occupational Interest High-Point,6.00,02/2026,Machine Learning/Expert
19-4099.01,Quality Control Analysts,1.B.1.a,Realistic,OI,Occupational Interests,4.11,02/2026,Machine Learning/Expert
19-4099.01,Quality Control Analysts,1.B.1.b,Investigative,OI,Occupational Interests,4.88,02/2026,Machine Learning/Expert
19-4099.01,Quality Control Analysts,1.B.1.c,Artistic,OI,Occupational Interests,1.00,02/2026,Machine Learning/Expert
19-4099.01,Quality Control Analysts,1.B.1.d,Social,OI,Occupational Interests,1.21,02/2026,Machine Learning/Expert
19-4099.01,Quality Control Analysts,1.B.1.e,Enterprising,OI,Occupational Interests,2.60,02/2026,Machine Learning/Expert
19-4099.01,Quality Control Analysts,1.B.1.f,Conventional,OI,Occupational Interests,6.00,02/2026,Machine Learning/Expert
19-4099.01,Quality Control Analysts,1.B.1.g,First Interest High-Point,IH,Occupational Interest High-Point,6.00,02/2026,Machine Learning/Expert
19-4099.01,Quality Control Analysts,1.B.1.h,Second Interest High-Point,IH,Occupational Interest High-Point,2.00,02/2026,Machine Learning/Expert
19-4099.01,Quality Control Analysts,1.B.1.i,Third Interest High-Point,IH,Occupational Interest High-Point,1.00,02/2026,Machine Learning/Expert
19-4099.03,Remote Sensing Technicians,1.B.1.a,Realistic,OI,Occupational Interests,5.10,02/2026,Machine Learning/Expert
19-4099.03,Remote Sensing Technicians,1.B.1.b,Investigative,OI,Occupational Interests,4.60,02/2026,Machine Learning/Expert
19-4099.03,Remote Sensing Technicians,1.B.1.c,Artistic,OI,Occupational Interests,2.14,02/2026,Machine Learning/Expert
19-4099.03,Remote Sensing Technicians,1.B.1.d,Social,OI,Occupational Interests,1.51,02/2026,Machine Learning/Expert
19-4099.03,Remote Sensing Technicians,1.B.1.e,Enterprising,OI,Occupational Interests,1.71,02/2026,Machine Learning/Expert
19-4099.03,Remote Sensing Technicians,1.B.1.f,Conventional,OI,Occupational Interests,5.24,02/2026,Machine Learning/Expert
19-4099.03,Remote Sensing Technicians,1.B.1.g,First Interest High-Point,IH,Occupational Interest High-Point,6.00,02/2026,Machine Learning/Expert
19-4099.03,Remote Sensing Technicians,1.B.1.h,Second Interest High-Point,IH,Occupational Interest High-Point,1.00,02/2026,Machine Learning/Expert
19-4099.03,Remote Sensing Technicians,1.B.1.i,Third Interest High-Point,IH,Occupational Interest High-Point,2.00,02/2026,Machine Learning/Expert
19-5011.00,Occupational Health and Safety Specialists,1.B.1.a,Realistic,OI,Occupational Interests,4.45,02/2026,Machine Learning/Expert
19-5011.00,Occupational Health and Safety Specialists,1.B.1.b,Investigative,OI,Occupational Interests,4.98,02/2026,Machine Learning/Expert
19-5011.00,Occupational Health and Safety Specialists,1.B.1.c,Artistic,OI,Occupational Interests,1.28,02/2026,Machine Learning/Expert
19-5011.00,Occupational Health and Safety Specialists,1.B.1.d,Social,OI,Occupational Interests,3.45,02/2026,Machine Learning/Expert
19-5011.00,Occupational Health and Safety Specialists,1.B.1.e,Enterprising,OI,Occupational Interests,3.20,02/2026,Machine Learning/Expert
19-5011.00,Occupational Health and Safety Specialists,1.B.1.f,Conventional,OI,Occupational Interests,4.70,02/2026,Machine Learning/Expert
19-5011.00,Occupational Health and Safety Specialists,1.B.1.g,First Interest High-Point,IH,Occupational Interest High-Point,2.00,02/2026,Machine Learning/Expert
19-5011.00,Occupational Health and Safety Specialists,1.B.1.h,Second Interest High-Point,IH,Occupational Interest High-Point,6.00,02/2026,Machine Learning/Expert
19-5011.00,Occupational Health and Safety Specialists,1.B.1.i,Third Interest High-Point,IH,Occupational Interest High-Point,1.00,02/2026,Machine Learning/Expert
19-5012.00,Occupational Health and Safety Technicians,1.B.1.a,Realistic,OI,Occupational Interests,5.35,02/2026,Machine Learning/Expert
19-5012.00,Occupational Health and Safety Technicians,1.B.1.b,Investigative,OI,Occupational Interests,4.88,02/2026,Machine Learning/Expert
19-5012.00,Occupational Health and Safety Technicians,1.B.1.c,Artistic,OI,Occupational Interests,1.00,02/2026,Machine Learning/Expert
19-5012.00,Occupational Health and Safety Technicians,1.B.1.d,Social,OI,Occupational Interests,2.87,02/2026,Machine Learning/Expert
19-5012.00,Occupational Health and Safety Technicians,1.B.1.e,Enterprising,OI,Occupational Interests,2.64,02/2026,Machine Learning/Expert
19-5012.00,Occupational Health and Safety Technicians,1.B.1.f,Conventional,OI,Occupational Interests,5.56,02/2026,Machine Learning/Expert
19-5012.00,Occupational Health and Safety Technicians,1.B.1.g,First Interest High-Point,IH,Occupational Interest High-Point,6.00,02/2026,Machine Learning/Expert
19-5012.00,Occupational Health and Safety Technicians,1.B.1.h,Second Interest High-Point,IH,Occupational Interest High-Point,1.00,02/2026,Machine Learning/Expert
19-5012.00,Occupational Health and Safety Technicians,1.B.1.i,Third Interest High-Point,IH,Occupational Interest High-Point,2.00,02/2026,Machine Learning/Expert
21-1011.00,Substance Abuse and Behavioral Disorder Counselors,1.B.1.a,Realistic,OI,Occupational Interests,1.59,02/2026,Machine Learning/Expert
21-1011.00,Substance Abuse and Behavioral Disorder Counselors,1.B.1.b,Investigative,OI,Occupational Interests,3.81,02/2026,Machine Learning/Expert
21-1011.00,Substance Abuse and Behavioral Disorder Counselors,1.B.1.c,Artistic,OI,Occupational Interests,2.59,02/2026,Machine Learning/Expert
21-1011.00,Substance Abuse and Behavioral Disorder Counselors,1.B.1.d,Social,OI,Occupational Interests,6.66,02/2026,Machine Learning/Expert
21-1011.00,Substance Abuse and Behavioral Disorder Counselors,1.B.1.e,Enterprising,OI,Occupational Interests,2.71,02/2026,Machine Learning/Expert
21-1011.00,Substance Abuse and Behavioral Disorder Counselors,1.B.1.f,Conventional,OI,Occupational Interests,3.16,02/2026,Machine Learning/Expert
21-1011.00,Substance Abuse and Behavioral Disorder Counselors,1.B.1.g,First Interest High-Point,IH,Occupational Interest High-Point,4.00,02/2026,Machine Learning/Expert
21-1011.00,Substance Abuse and Behavioral Disorder Counselors,1.B.1.h,Second Interest High-Point,IH,Occupational Interest High-Point,2.00,02/2026,Machine Learning/Expert
21-1011.00,Substance Abuse and Behavioral Disorder Counselors,1.B.1.i,Third Interest High-Point,IH,Occupational Interest High-Point,0.00,02/2026,Machine Learning/Expert
21-1012.00,"Educational, Guidance, and Career Counselors and Advisors",1.B.1.a,Realistic,OI,Occupational Interests,1.00,02/2026,Machine Learning/Expert
21-1012.00,"Educational, Guidance, and Career Counselors and Advisors",1.B.1.b,Investigative,OI,Occupational Interests,3.30,02/2026,Machine Learning/Expert
21-1012.00,"Educational, Guidance, and Career Counselors and Advisors",1.B.1.c,Artistic,OI,Occupational Interests,3.13,02/2026,Machine Learning/Expert
21-1012.00,"Educational, Guidance, and Career Counselors and Advisors",1.B.1.d,Social,OI,Occupational Interests,7.00,02/2026,Machine Learning/Expert
21-1012.00,"Educational, Guidance, and Career Counselors and Advisors",1.B.1.e,Enterprising,OI,Occupational Interests,3.92,02/2026,Machine Learning/Expert
21-1012.00,"Educational, Guidance, and Career Counselors and Advisors",1.B.1.f,Conventional,OI,Occupational Interests,4.09,02/2026,Machine Learning/Expert
21-1012.00,"Educational, Guidance, and Career Counselors and Advisors",1.B.1.g,First Interest High-Point,IH,Occupational Interest High-Point,4.00,02/2026,Machine Learning/Expert
21-1012.00,"Educational, Guidance, and Career Counselors and Advisors",1.B.1.h,Second Interest High-Point,IH,Occupational Interest High-Point,6.00,02/2026,Machine Learning/Expert
21-1012.00,"Educational, Guidance, and Career Counselors and Advisors",1.B.1.i,Third Interest High-Point,IH,Occupational Interest High-Point,5.00,02/2026,Machine Learning/Expert
21-1013.00,Marriage and Family Therapists,1.B.1.a,Realistic,OI,Occupational Interests,1.49,02/2026,Machine Learning/Expert
21-1013.00,Marriage and Family Therapists,1.B.1.b,Investigative,OI,Occupational Interests,5.32,02/2026,Machine Learning/Expert
21-1013.00,Marriage and Family Therapists,1.B.1.c,Artistic,OI,Occupational Interests,3.58,02/2026,Machine Learning/Expert
21-1013.00,Marriage and Family Therapists,1.B.1.d,Social,OI,Occupational Interests,6.22,02/2026,Machine Learning/Expert
21-1013.00,Marriage and Family Therapists,1.B.1.e,Enterprising,OI,Occupational Interests,1.78,02/2026,Machine Learning/Expert
21-1013.00,Marriage and Family Therapists,1.B.1.f,Conventional,OI,Occupational Interests,2.90,02/2026,Machine Learning/Expert
21-1013.00,Marriage and Family Therapists,1.B.1.g,First Interest High-Point,IH,Occupational Interest High-Point,4.00,02/2026,Machine Learning/Expert
21-1013.00,Marriage and Family Therapists,1.B.1.h,Second Interest High-Point,IH,Occupational Interest High-Point,2.00,02/2026,Machine Learning/Expert
21-1013.00,Marriage and Family Therapists,1.B.1.i,Third Interest High-Point,IH,Occupational Interest High-Point,0.00,02/2026,Machine Learning/Expert
21-1014.00,Mental Health Counselors,1.B.1.a,Realistic,OI,Occupational Interests,1.31,02/2026,Machine Learning/Expert
21-1014.00,Mental Health Counselors,1.B.1.b,Investigative,OI,Occupational Interests,4.42,02/2026,Machine Learning/Expert
21-1014.00,Mental Health Counselors,1.B.1.c,Artistic,OI,Occupational Interests,3.06,02/2026,Machine Learning/Expert
21-1014.00,Mental Health Counselors,1.B.1.d,Social,OI,Occupational Interests,6.79,02/2026,Machine Learning/Expert
21-1014.00,Mental Health Counselors,1.B.1.e,Enterprising,OI,Occupational Interests,2.96,02/2026,Machine Learning/Expert
21-1014.00,Mental Health Counselors,1.B.1.f,Conventional,OI,Occupational Interests,3.43,02/2026,Machine Learning/Expert
21-1014.00,Mental Health Counselors,1.B.1.g,First Interest High-Point,IH,Occupational Interest High-Point,4.00,02/2026,Machine Learning/Expert
21-1014.00,Mental Health Counselors,1.B.1.h,Second Interest High-Point,IH,Occupational Interest High-Point,2.00,02/2026,Machine Learning/Expert
21-1014.00,Mental Health Counselors,1.B.1.i,Third Interest High-Point,IH,Occupational Interest High-Point,0.00,02/2026,Machine Learning/Expert
21-1015.00,Rehabilitation Counselors,1.B.1.a,Realistic,OI,Occupational Interests,1.23,02/2026,Machine Learning/Expert
21-1015.00,Rehabilitation Counselors,1.B.1.b,Investigative,OI,Occupational Interests,3.27,02/2026,Machine Learning/Expert
21-1015.00,Rehabilitation Counselors,1.B.1.c,Artistic,OI,Occupational Interests,2.98,02/2026,Machine Learning/Expert
21-1015.00,Rehabilitation Counselors,1.B.1.d,Social,OI,Occupational Interests,6.80,02/2026,Machine Learning/Expert
21-1015.00,Rehabilitation Counselors,1.B.1.e,Enterprising,OI,Occupational Interests,3.56,02/2026,Machine Learning/Expert
21-1015.00,Rehabilitation Counselors,1.B.1.f,Conventional,OI,Occupational Interests,3.26,02/2026,Machine Learning/Expert
21-1015.00,Rehabilitation Counselors,1.B.1.g,First Interest High-Point,IH,Occupational Interest High-Point,4.00,02/2026,Machine Learning/Expert
21-1015.00,Rehabilitation Counselors,1.B.1.h,Second Interest High-Point,IH,Occupational Interest High-Point,0.00,02/2026,Machine Learning/Expert
21-1015.00,Rehabilitation Counselors,1.B.1.i,Third Interest High-Point,IH,Occupational Interest High-Point,0.00,02/2026,Machine Learning/Expert
21-1021.00,"Child, Family, and School Social Workers",1.B.1.a,Realistic,OI,Occupational Interests,1.70,02/2026,Machine Learning/Expert
21-1021.00,"Child, Family, and School Social Workers",1.B.1.b,Investigative,OI,Occupational Interests,3.32,02/2026,Machine Learning/Expert
21-1021.00,"Child, Family, and School Social Workers",1.B.1.c,Artistic,OI,Occupational Interests,2.90,02/2026,Machine Learning/Expert
21-1021.00,"Child, Family, and School Social Workers",1.B.1.d,Social,OI,Occupational Interests,6.85,02/2026,Machine Learning/Expert
21-1021.00,"Child, Family, and School Social Workers",1.B.1.e,Enterprising,OI,Occupational Interests,2.94,02/2026,Machine Learning/Expert
21-1021.00,"Child, Family, and School Social Workers",1.B.1.f,Conventional,OI,Occupational Interests,3.57,02/2026,Machine Learning/Expert
21-1021.00,"Child, Family, and School Social Workers",1.B.1.g,First Interest High-Point,IH,Occupational Interest High-Point,4.00,02/2026,Machine Learning/Expert
21-1021.00,"Child, Family, and School Social Workers",1.B.1.h,Second Interest High-Point,IH,Occupational Interest High-Point,0.00,02/2026,Machine Learning/Expert
21-1021.00,"Child, Family, and School Social Workers",1.B.1.i,Third Interest High-Point,IH,Occupational Interest High-Point,0.00,02/2026,Machine Learning/Expert
21-1022.00,Healthcare Social Workers,1.B.1.a,Realistic,OI,Occupational Interests,1.96,02/2026,Machine Learning/Expert
21-1022.00,Healthcare Social Workers,1.B.1.b,Investigative,OI,Occupational Interests,4.24,02/2026,Machine Learning/Expert
21-1022.00,Healthcare Social Workers,1.B.1.c,Artistic,OI,Occupational Interests,2.34,02/2026,Machine Learning/Expert
21-1022.00,Healthcare Social Workers,1.B.1.d,Social,OI,Occupational Interests,6.92,02/2026,Machine Learning/Expert
21-1022.00,Healthcare Social Workers,1.B.1.e,Enterprising,OI,Occupational Interests,2.55,02/2026,Machine Learning/Expert
21-1022.00,Healthcare Social Workers,1.B.1.f,Conventional,OI,Occupational Interests,3.07,02/2026,Machine Learning/Expert
21-1022.00,Healthcare Social Workers,1.B.1.g,First Interest High-Point,IH,Occupational Interest High-Point,4.00,02/2026,Machine Learning/Expert
21-1022.00,Healthcare Social Workers,1.B.1.h,Second Interest High-Point,IH,Occupational Interest High-Point,2.00,02/2026,Machine Learning/Expert
21-1022.00,Healthcare Social Workers,1.B.1.i,Third Interest High-Point,IH,Occupational Interest High-Point,0.00,02/2026,Machine Learning/Expert
21-1023.00,Mental Health and Substance Abuse Social Workers,1.B.1.a,Realistic,OI,Occupational Interests,1.71,02/2026,Machine Learning/Expert
21-1023.00,Mental Health and Substance Abuse Social Workers,1.B.1.b,Investigative,OI,Occupational Interests,4.08,02/2026,Machine Learning/Expert
21-1023.00,Mental Health and Substance Abuse Social Workers,1.B.1.c,Artistic,OI,Occupational Interests,2.78,02/2026,Machine Learning/Expert
21-1023.00,Mental Health and Substance Abuse Social Workers,1.B.1.d,Social,OI,Occupational Interests,6.97,02/2026,Machine Learning/Expert
21-1023.00,Mental Health and Substance Abuse Social Workers,1.B.1.e,Enterprising,OI,Occupational Interests,2.46,02/2026,Machine Learning/Expert
21-1023.00,Mental Health and Substance Abuse Social Workers,1.B.1.f,Conventional,OI,Occupational Interests,3.12,02/2026,Machine Learning/Expert
21-1023.00,Mental Health and Substance Abuse Social Workers,1.B.1.g,First Interest High-Point,IH,Occupational Interest High-Point,4.00,02/2026,Machine Learning/Expert
21-1023.00,Mental Health and Substance Abuse Social Workers,1.B.1.h,Second Interest High-Point,IH,Occupational Interest High-Point,2.00,02/2026,Machine Learning/Expert
21-1023.00,Mental Health and Substance Abuse Social Workers,1.B.1.i,Third Interest High-Point,IH,Occupational Interest High-Point,0.00,02/2026,Machine Learning/Expert
21-1091.00,Health Education Specialists,1.B.1.a,Realistic,OI,Occupational Interests,1.66,02/2026,Machine Learning/Expert
21-1091.00,Health Education Specialists,1.B.1.b,Investigative,OI,Occupational Interests,5.29,02/2026,Machine Learning/Expert
21-1091.00,Health Education Specialists,1.B.1.c,Artistic,OI,Occupational Interests,2.54,02/2026,Machine Learning/Expert
21-1091.00,Health Education Specialists,1.B.1.d,Social,OI,Occupational Interests,6.15,02/2026,Machine Learning/Expert
21-1091.00,Health Education Specialists,1.B.1.e,Enterprising,OI,Occupational Interests,3.21,02/2026,Machine Learning/Expert
21-1091.00,Health Education Specialists,1.B.1.f,Conventional,OI,Occupational Interests,3.95,02/2026,Machine Learning/Expert
21-1091.00,Health Education Specialists,1.B.1.g,First Interest High-Point,IH,Occupational Interest High-Point,4.00,02/2026,Machine Learning/Expert
21-1091.00,Health Education Specialists,1.B.1.h,Second Interest High-Point,IH,Occupational Interest High-Point,2.00,02/2026,Machine Learning/Expert
21-1091.00,Health Education Specialists,1.B.1.i,Third Interest High-Point,IH,Occupational Interest High-Point,6.00,02/2026,Machine Learning/Expert
21-1092.00,Probation Officers and Correctional Treatment Specialists,1.B.1.a,Realistic,OI,Occupational Interests,2.35,02/2026,Machine Learning/Expert
21-1092.00,Probation Officers and Correctional Treatment Specialists,1.B.1.b,Investigative,OI,Occupational Interests,3.44,02/2026,Machine Learning/Expert
21-1092.00,Probation Officers and Correctional Treatment Specialists,1.B.1.c,Artistic,OI,Occupational Interests,2.15,02/2026,Machine Learning/Expert
21-1092.00,Probation Officers and Correctional Treatment Specialists,1.B.1.d,Social,OI,Occupational Interests,5.56,02/2026,Machine Learning/Expert
21-1092.00,Probation Officers and Correctional Treatment Specialists,1.B.1.e,Enterprising,OI,Occupational Interests,3.92,02/2026,Machine Learning/Expert
21-1092.00,Probation Officers and Correctional Treatment Specialists,1.B.1.f,Conventional,OI,Occupational Interests,4.18,02/2026,Machine Learning/Expert
21-1092.00,Probation Officers and Correctional Treatment Specialists,1.B.1.g,First Interest High-Point,IH,Occupational Interest High-Point,4.00,02/2026,Machine Learning/Expert
21-1092.00,Probation Officers and Correctional Treatment Specialists,1.B.1.h,Second Interest High-Point,IH,Occupational Interest High-Point,6.00,02/2026,Machine Learning/Expert
21-1092.00,Probation Officers and Correctional Treatment Specialists,1.B.1.i,Third Interest High-Point,IH,Occupational Interest High-Point,5.00,02/2026,Machine Learning/Expert
21-1093.00,Social and Human Service Assistants,1.B.1.a,Realistic,OI,Occupational Interests,1.28,02/2026,Machine Learning/Expert
21-1093.00,Social and Human Service Assistants,1.B.1.b,Investigative,OI,Occupational Interests,2.80,02/2026,Machine Learning/Expert
21-1093.00,Social and Human Service Assistants,1.B.1.c,Artistic,OI,Occupational Interests,1.95,02/2026,Machine Learning/Expert
21-1093.00,Social and Human Service Assistants,1.B.1.d,Social,OI,Occupational Interests,6.09,02/2026,Machine Learning/Expert
21-1093.00,Social and Human Service Assistants,1.B.1.e,Enterprising,OI,Occupational Interests,3.61,02/2026,Machine Learning/Expert
21-1093.00,Social and Human Service Assistants,1.B.1.f,Conventional,OI,Occupational Interests,4.57,02/2026,Machine Learning/Expert
21-1093.00,Social and Human Service Assistants,1.B.1.g,First Interest High-Point,IH,Occupational Interest High-Point,4.00,02/2026,Machine Learning/Expert
21-1093.00,Social and Human Service Assistants,1.B.1.h,Second Interest High-Point,IH,Occupational Interest High-Point,6.00,02/2026,Machine Learning/Expert
21-1093.00,Social and Human Service Assistants,1.B.1.i,Third Interest High-Point,IH,Occupational Interest High-Point,5.00,02/2026,Machine Learning/Expert
21-1094.00,Community Health Workers,1.B.1.a,Realistic,OI,Occupational Interests,2.00,02/2026,Machine Learning/Expert
21-1094.00,Community Health Workers,1.B.1.b,Investigative,OI,Occupational Interests,3.49,02/2026,Machine Learning/Expert
21-1094.00,Community Health Workers,1.B.1.c,Artistic,OI,Occupational Interests,2.22,02/2026,Machine Learning/Expert
21-1094.00,Community Health Workers,1.B.1.d,Social,OI,Occupational Interests,6.58,02/2026,Machine Learning/Expert
21-1094.00,Community Health Workers,1.B.1.e,Enterprising,OI,Occupational Interests,3.53,02/2026,Machine Learning/Expert
21-1094.00,Community Health Workers,1.B.1.f,Conventional,OI,Occupational Interests,3.38,02/2026,Machine Learning/Expert
21-1094.00,Community Health Workers,1.B.1.g,First Interest High-Point,IH,Occupational Interest High-Point,4.00,02/2026,Machine Learning/Expert
21-1094.00,Community Health Workers,1.B.1.h,Second Interest High-Point,IH,Occupational Interest High-Point,0.00,02/2026,Machine Learning/Expert
21-1094.00,Community Health Workers,1.B.1.i,Third Interest High-Point,IH,Occupational Interest High-Point,0.00,02/2026,Machine Learning/Expert
21-2011.00,Clergy,1.B.1.a,Realistic,OI,Occupational Interests,2.10,02/2026,Machine Learning/Expert
21-2011.00,Clergy,1.B.1.b,Investigative,OI,Occupational Interests,2.11,02/2026,Machine Learning/Expert
21-2011.00,Clergy,1.B.1.c,Artistic,OI,Occupational Interests,3.44,02/2026,Machine Learning/Expert
21-2011.00,Clergy,1.B.1.d,Social,OI,Occupational Interests,5.91,02/2026,Machine Learning/Expert
21-2011.00,Clergy,1.B.1.e,Enterprising,OI,Occupational Interests,4.17,02/2026,Machine Learning/Expert
21-2011.00,Clergy,1.B.1.f,Conventional,OI,Occupational Interests,2.89,02/2026,Machine Learning/Expert
21-2011.00,Clergy,1.B.1.g,First Interest High-Point,IH,Occupational Interest High-Point,4.00,02/2026,Machine Learning/Expert
21-2011.00,Clergy,1.B.1.h,Second Interest High-Point,IH,Occupational Interest High-Point,5.00,02/2026,Machine Learning/Expert
21-2011.00,Clergy,1.B.1.i,Third Interest High-Point,IH,Occupational Interest High-Point,0.00,02/2026,Machine Learning/Expert
21-2021.00,"Directors, Religious Activities and Education",1.B.1.a,Realistic,OI,Occupational Interests,1.00,02/2026,Machine Learning/Expert
21-2021.00,"Directors, Religious Activities and Education",1.B.1.b,Investigative,OI,Occupational Interests,2.71,02/2026,Machine Learning/Expert
21-2021.00,"Directors, Religious Activities and Education",1.B.1.c,Artistic,OI,Occupational Interests,3.38,02/2026,Machine Learning/Expert
21-2021.00,"Directors, Religious Activities and Education",1.B.1.d,Social,OI,Occupational Interests,7.00,02/2026,Machine Learning/Expert
21-2021.00,"Directors, Religious Activities and Education",1.B.1.e,Enterprising,OI,Occupational Interests,6.16,02/2026,Machine Learning/Expert
21-2021.00,"Directors, Religious Activities and Education",1.B.1.f,Conventional,OI,Occupational Interests,3.16,02/2026,Machine Learning/Expert
21-2021.00,"Directors, Religious Activities and Education",1.B.1.g,First Interest High-Point,IH,Occupational Interest High-Point,4.00,02/2026,Machine Learning/Expert
21-2021.00,"Directors, Religious Activities and Education",1.B.1.h,Second Interest High-Point,IH,Occupational Interest High-Point,5.00,02/2026,Machine Learning/Expert
21-2021.00,"Directors, Religious Activities and Education",1.B.1.i,Third Interest High-Point,IH,Occupational Interest High-Point,0.00,02/2026,Machine Learning/Expert
23-1011.00,Lawyers,1.B.1.a,Realistic,OI,Occupational Interests,1.12,02/2026,Machine Learning/Expert
23-1011.00,Lawyers,1.B.1.b,Investigative,OI,Occupational Interests,4.38,02/2026,Machine Learning/Expert
23-1011.00,Lawyers,1.B.1.c,Artistic,OI,Occupational Interests,2.40,02/2026,Machine Learning/Expert
23-1011.00,Lawyers,1.B.1.d,Social,OI,Occupational Interests,3.48,02/2026,Machine Learning/Expert
23-1011.00,Lawyers,1.B.1.e,Enterprising,OI,Occupational Interests,5.51,02/2026,Machine Learning/Expert
23-1011.00,Lawyers,1.B.1.f,Conventional,OI,Occupational Interests,4.59,02/2026,Machine Learning/Expert
23-1011.00,Lawyers,1.B.1.g,First Interest High-Point,IH,Occupational Interest High-Point,5.00,02/2026,Machine Learning/Expert
23-1011.00,Lawyers,1.B.1.h,Second Interest High-Point,IH,Occupational Interest High-Point,6.00,02/2026,Machine Learning/Expert
23-1011.00,Lawyers,1.B.1.i,Third Interest High-Point,IH,Occupational Interest High-Point,2.00,02/2026,Machine Learning/Expert
23-1012.00,Judicial Law Clerks,1.B.1.a,Realistic,OI,Occupational Interests,1.60,02/2026,Machine Learning/Expert
23-1012.00,Judicial Law Clerks,1.B.1.b,Investigative,OI,Occupational Interests,4.01,02/2026,Machine Learning/Expert
23-1012.00,Judicial Law Clerks,1.B.1.c,Artistic,OI,Occupational Interests,2.07,02/2026,Machine Learning/Expert
23-1012.00,Judicial Law Clerks,1.B.1.d,Social,OI,Occupational Interests,3.38,02/2026,Machine Learning/Expert
23-1012.00,Judicial Law Clerks,1.B.1.e,Enterprising,OI,Occupational Interests,4.51,02/2026,Machine Learning/Expert
23-1012.00,Judicial Law Clerks,1.B.1.f,Conventional,OI,Occupational Interests,5.10,02/2026,Machine Learning/Expert
23-1012.00,Judicial Law Clerks,1.B.1.g,First Interest High-Point,IH,Occupational Interest High-Point,6.00,02/2026,Machine Learning/Expert
23-1012.00,Judicial Law Clerks,1.B.1.h,Second Interest High-Point,IH,Occupational Interest High-Point,5.00,02/2026,Machine Learning/Expert
23-1012.00,Judicial Law Clerks,1.B.1.i,Third Interest High-Point,IH,Occupational Interest High-Point,2.00,02/2026,Machine Learning/Expert
23-1021.00,"Administrative Law Judges, Adjudicators, and Hearing Officers",1.B.1.a,Realistic,OI,Occupational Interests,1.00,02/2026,Machine Learning/Expert
23-1021.00,"Administrative Law Judges, Adjudicators, and Hearing Officers",1.B.1.b,Investigative,OI,Occupational Interests,4.01,02/2026,Machine Learning/Expert
23-1021.00,"Administrative Law Judges, Adjudicators, and Hearing Officers",1.B.1.c,Artistic,OI,Occupational Interests,1.73,02/2026,Machine Learning/Expert
23-1021.00,"Administrative Law Judges, Adjudicators, and Hearing Officers",1.B.1.d,Social,OI,Occupational Interests,3.05,02/2026,Machine Learning/Expert
23-1021.00,"Administrative Law Judges, Adjudicators, and Hearing Officers",1.B.1.e,Enterprising,OI,Occupational Interests,5.11,02/2026,Machine Learning/Expert
23-1021.00,"Administrative Law Judges, Adjudicators, and Hearing Officers",1.B.1.f,Conventional,OI,Occupational Interests,5.49,02/2026,Machine Learning/Expert
23-1021.00,"Administrative Law Judges, Adjudicators, and Hearing Officers",1.B.1.g,First Interest High-Point,IH,Occupational Interest High-Point,6.00,02/2026,Machine Learning/Expert
23-1021.00,"Administrative Law Judges, Adjudicators, and Hearing Officers",1.B.1.h,Second Interest High-Point,IH,Occupational Interest High-Point,5.00,02/2026,Machine Learning/Expert
23-1021.00,"Administrative Law Judges, Adjudicators, and Hearing Officers",1.B.1.i,Third Interest High-Point,IH,Occupational Interest High-Point,2.00,02/2026,Machine Learning/Expert
23-1022.00,"Arbitrators, Mediators, and Conciliators",1.B.1.a,Realistic,OI,Occupational Interests,1.12,02/2026,Machine Learning/Expert
23-1022.00,"Arbitrators, Mediators, and Conciliators",1.B.1.b,Investigative,OI,Occupational Interests,3.61,02/2026,Machine Learning/Expert
23-1022.00,"Arbitrators, Mediators, and Conciliators",1.B.1.c,Artistic,OI,Occupational Interests,2.25,02/2026,Machine Learning/Expert
23-1022.00,"Arbitrators, Mediators, and Conciliators",1.B.1.d,Social,OI,Occupational Interests,4.24,02/2026,Machine Learning/Expert
23-1022.00,"Arbitrators, Mediators, and Conciliators",1.B.1.e,Enterprising,OI,Occupational Interests,4.63,02/2026,Machine Learning/Expert
23-1022.00,"Arbitrators, Mediators, and Conciliators",1.B.1.f,Conventional,OI,Occupational Interests,4.33,02/2026,Machine Learning/Expert
23-1022.00,"Arbitrators, Mediators, and Conciliators",1.B.1.g,First Interest High-Point,IH,Occupational Interest High-Point,5.00,02/2026,Machine Learning/Expert
23-1022.00,"Arbitrators, Mediators, and Conciliators",1.B.1.h,Second Interest High-Point,IH,Occupational Interest High-Point,6.00,02/2026,Machine Learning/Expert
23-1022.00,"Arbitrators, Mediators, and Conciliators",1.B.1.i,Third Interest High-Point,IH,Occupational Interest High-Point,4.00,02/2026,Machine Learning/Expert
23-1023.00,"Judges, Magistrate Judges, and Magistrates",1.B.1.a,Realistic,OI,Occupational Interests,2.33,02/2026,Machine Learning/Expert
23-1023.00,"Judges, Magistrate Judges, and Magistrates",1.B.1.b,Investigative,OI,Occupational Interests,3.81,02/2026,Machine Learning/Expert
23-1023.00,"Judges, Magistrate Judges, and Magistrates",1.B.1.c,Artistic,OI,Occupational Interests,2.19,02/2026,Machine Learning/Expert
23-1023.00,"Judges, Magistrate Judges, and Magistrates",1.B.1.d,Social,OI,Occupational Interests,3.96,02/2026,Machine Learning/Expert
23-1023.00,"Judges, Magistrate Judges, and Magistrates",1.B.1.e,Enterprising,OI,Occupational Interests,5.27,02/2026,Machine Learning/Expert
23-1023.00,"Judges, Magistrate Judges, and Magistrates",1.B.1.f,Conventional,OI,Occupational Interests,4.11,02/2026,Machine Learning/Expert
23-1023.00,"Judges, Magistrate Judges, and Magistrates",1.B.1.g,First Interest High-Point,IH,Occupational Interest High-Point,5.00,02/2026,Machine Learning/Expert
23-1023.00,"Judges, Magistrate Judges, and Magistrates",1.B.1.h,Second Interest High-Point,IH,Occupational Interest High-Point,6.00,02/2026,Machine Learning/Expert
23-1023.00,"Judges, Magistrate Judges, and Magistrates",1.B.1.i,Third Interest High-Point,IH,Occupational Interest High-Point,4.00,02/2026,Machine Learning/Expert
23-2011.00,Paralegals and Legal Assistants,1.B.1.a,Realistic,OI,Occupational Interests,1.74,02/2026,Machine Learning/Expert
23-2011.00,Paralegals and Legal Assistants,1.B.1.b,Investigative,OI,Occupational Interests,5.04,02/2026,Machine Learning/Expert
23-2011.00,Paralegals and Legal Assistants,1.B.1.c,Artistic,OI,Occupational Interests,2.24,02/2026,Machine Learning/Expert
23-2011.00,Paralegals and Legal Assistants,1.B.1.d,Social,OI,Occupational Interests,3.12,02/2026,Machine Learning/Expert
23-2011.00,Paralegals and Legal Assistants,1.B.1.e,Enterprising,OI,Occupational Interests,3.92,02/2026,Machine Learning/Expert
23-2011.00,Paralegals and Legal Assistants,1.B.1.f,Conventional,OI,Occupational Interests,5.28,02/2026,Machine Learning/Expert
23-2011.00,Paralegals and Legal Assistants,1.B.1.g,First Interest High-Point,IH,Occupational Interest High-Point,6.00,02/2026,Machine Learning/Expert
23-2011.00,Paralegals and Legal Assistants,1.B.1.h,Second Interest High-Point,IH,Occupational Interest High-Point,2.00,02/2026,Machine Learning/Expert
23-2011.00,Paralegals and Legal Assistants,1.B.1.i,Third Interest High-Point,IH,Occupational Interest High-Point,5.00,02/2026,Machine Learning/Expert
23-2093.00,"Title Examiners, Abstractors, and Searchers",1.B.1.a,Realistic,OI,Occupational Interests,2.44,02/2026,Machine Learning/Expert
23-2093.00,"Title Examiners, Abstractors, and Searchers",1.B.1.b,Investigative,OI,Occupational Interests,2.63,02/2026,Machine Learning/Expert
23-2093.00,"Title Examiners, Abstractors, and Searchers",1.B.1.c,Artistic,OI,Occupational Interests,1.11,02/2026,Machine Learning/Expert
23-2093.00,"Title Examiners, Abstractors, and Searchers",1.B.1.d,Social,OI,Occupational Interests,2.34,02/2026,Machine Learning/Expert
23-2093.00,"Title Examiners, Abstractors, and Searchers",1.B.1.e,Enterprising,OI,Occupational Interests,3.44,02/2026,Machine Learning/Expert
23-2093.00,"Title Examiners, Abstractors, and Searchers",1.B.1.f,Conventional,OI,Occupational Interests,6.74,02/2026,Machine Learning/Expert
23-2093.00,"Title Examiners, Abstractors, and Searchers",1.B.1.g,First Interest High-Point,IH,Occupational Interest High-Point,6.00,02/2026,Machine Learning/Expert
23-2093.00,"Title Examiners, Abstractors, and Searchers",1.B.1.h,Second Interest High-Point,IH,Occupational Interest High-Point,5.00,02/2026,Machine Learning/Expert
23-2093.00,"Title Examiners, Abstractors, and Searchers",1.B.1.i,Third Interest High-Point,IH,Occupational Interest High-Point,0.00,02/2026,Machine Learning/Expert
25-1011.00,"Business Teachers, Postsecondary",1.B.1.a,Realistic,OI,Occupational Interests,2.00,02/2026,Machine Learning/Expert
25-1011.00,"Business Teachers, Postsecondary",1.B.1.b,Investigative,OI,Occupational Interests,4.85,02/2026,Machine Learning/Expert
25-1011.00,"Business Teachers, Postsecondary",1.B.1.c,Artistic,OI,Occupational Interests,3.20,02/2026,Machine Learning/Expert
25-1011.00,"Business Teachers, Postsecondary",1.B.1.d,Social,OI,Occupational Interests,6.43,02/2026,Machine Learning/Expert
25-1011.00,"Business Teachers, Postsecondary",1.B.1.e,Enterprising,OI,Occupational Interests,3.83,02/2026,Machine Learning/Expert
25-1011.00,"Business Teachers, Postsecondary",1.B.1.f,Conventional,OI,Occupational Interests,3.77,02/2026,Machine Learning/Expert
25-1011.00,"Business Teachers, Postsecondary",1.B.1.g,First Interest High-Point,IH,Occupational Interest High-Point,4.00,02/2026,Machine Learning/Expert
25-1011.00,"Business Teachers, Postsecondary",1.B.1.h,Second Interest High-Point,IH,Occupational Interest High-Point,2.00,02/2026,Machine Learning/Expert
25-1011.00,"Business Teachers, Postsecondary",1.B.1.i,Third Interest High-Point,IH,Occupational Interest High-Point,0.00,02/2026,Machine Learning/Expert
25-1021.00,"Computer Science Teachers, Postsecondary",1.B.1.a,Realistic,OI,Occupational Interests,3.09,02/2026,Machine Learning/Expert
25-1021.00,"Computer Science Teachers, Postsecondary",1.B.1.b,Investigative,OI,Occupational Interests,5.69,02/2026,Machine Learning/Expert
25-1021.00,"Computer Science Teachers, Postsecondary",1.B.1.c,Artistic,OI,Occupational Interests,3.32,02/2026,Machine Learning/Expert
25-1021.00,"Computer Science Teachers, Postsecondary",1.B.1.d,Social,OI,Occupational Interests,5.88,02/2026,Machine Learning/Expert
25-1021.00,"Computer Science Teachers, Postsecondary",1.B.1.e,Enterprising,OI,Occupational Interests,2.26,02/2026,Machine Learning/Expert
25-1021.00,"Computer Science Teachers, Postsecondary",1.B.1.f,Conventional,OI,Occupational Interests,3.97,02/2026,Machine Learning/Expert
25-1021.00,"Computer Science Teachers, Postsecondary",1.B.1.g,First Interest High-Point,IH,Occupational Interest High-Point,4.00,02/2026,Machine Learning/Expert
25-1021.00,"Computer Science Teachers, Postsecondary",1.B.1.h,Second Interest High-Point,IH,Occupational Interest High-Point,2.00,02/2026,Machine Learning/Expert
25-1021.00,"Computer Science Teachers, Postsecondary",1.B.1.i,Third Interest High-Point,IH,Occupational Interest High-Point,0.00,02/2026,Machine Learning/Expert
25-1022.00,"Mathematical Science Teachers, Postsecondary",1.B.1.a,Realistic,OI,Occupational Interests,2.81,02/2026,Machine Learning/Expert
25-1022.00,"Mathematical Science Teachers, Postsecondary",1.B.1.b,Investigative,OI,Occupational Interests,5.86,02/2026,Machine Learning/Expert
25-1022.00,"Mathematical Science Teachers, Postsecondary",1.B.1.c,Artistic,OI,Occupational Interests,3.20,02/2026,Machine Learning/Expert
25-1022.00,"Mathematical Science Teachers, Postsecondary",1.B.1.d,Social,OI,Occupational Interests,6.19,02/2026,Machine Learning/Expert
25-1022.00,"Mathematical Science Teachers, Postsecondary",1.B.1.e,Enterprising,OI,Occupational Interests,1.94,02/2026,Machine Learning/Expert
25-1022.00,"Mathematical Science Teachers, Postsecondary",1.B.1.f,Conventional,OI,Occupational Interests,4.38,02/2026,Machine Learning/Expert
25-1022.00,"Mathematical Science Teachers, Postsecondary",1.B.1.g,First Interest High-Point,IH,Occupational Interest High-Point,4.00,02/2026,Machine Learning/Expert
25-1022.00,"Mathematical Science Teachers, Postsecondary",1.B.1.h,Second Interest High-Point,IH,Occupational Interest High-Point,2.00,02/2026,Machine Learning/Expert
25-1022.00,"Mathematical Science Teachers, Postsecondary",1.B.1.i,Third Interest High-Point,IH,Occupational Interest High-Point,6.00,02/2026,Machine Learning/Expert
25-1031.00,"Architecture Teachers, Postsecondary",1.B.1.a,Realistic,OI,Occupational Interests,3.43,02/2026,Machine Learning/Expert
25-1031.00,"Architecture Teachers, Postsecondary",1.B.1.b,Investigative,OI,Occupational Interests,5.13,02/2026,Machine Learning/Expert
25-1031.00,"Architecture Teachers, Postsecondary",1.B.1.c,Artistic,OI,Occupational Interests,4.48,02/2026,Machine Learning/Expert
25-1031.00,"Architecture Teachers, Postsecondary",1.B.1.d,Social,OI,Occupational Interests,6.77,02/2026,Machine Learning/Expert
25-1031.00,"Architecture Teachers, Postsecondary",1.B.1.e,Enterprising,OI,Occupational Interests,2.46,02/2026,Machine Learning/Expert
25-1031.00,"Architecture Teachers, Postsecondary",1.B.1.f,Conventional,OI,Occupational Interests,3.20,02/2026,Machine Learning/Expert
25-1031.00,"Architecture Teachers, Postsecondary",1.B.1.g,First Interest High-Point,IH,Occupational Interest High-Point,4.00,02/2026,Machine Learning/Expert
25-1031.00,"Architecture Teachers, Postsecondary",1.B.1.h,Second Interest High-Point,IH,Occupational Interest High-Point,2.00,02/2026,Machine Learning/Expert
25-1031.00,"Architecture Teachers, Postsecondary",1.B.1.i,Third Interest High-Point,IH,Occupational Interest High-Point,3.00,02/2026,Machine Learning/Expert
25-1032.00,"Engineering Teachers, Postsecondary",1.B.1.a,Realistic,OI,Occupational Interests,4.84,02/2026,Machine Learning/Expert
25-1032.00,"Engineering Teachers, Postsecondary",1.B.1.b,Investigative,OI,Occupational Interests,5.39,02/2026,Machine Learning/Expert
25-1032.00,"Engineering Teachers, Postsecondary",1.B.1.c,Artistic,OI,Occupational Interests,3.16,02/2026,Machine Learning/Expert
25-1032.00,"Engineering Teachers, Postsecondary",1.B.1.d,Social,OI,Occupational Interests,5.77,02/2026,Machine Learning/Expert
25-1032.00,"Engineering Teachers, Postsecondary",1.B.1.e,Enterprising,OI,Occupational Interests,2.01,02/2026,Machine Learning/Expert
25-1032.00,"Engineering Teachers, Postsecondary",1.B.1.f,Conventional,OI,Occupational Interests,3.44,02/2026,Machine Learning/Expert
25-1032.00,"Engineering Teachers, Postsecondary",1.B.1.g,First Interest High-Point,IH,Occupational Interest High-Point,4.00,02/2026,Machine Learning/Expert
25-1032.00,"Engineering Teachers, Postsecondary",1.B.1.h,Second Interest High-Point,IH,Occupational Interest High-Point,2.00,02/2026,Machine Learning/Expert
25-1032.00,"Engineering Teachers, Postsecondary",1.B.1.i,Third Interest High-Point,IH,Occupational Interest High-Point,1.00,02/2026,Machine Learning/Expert
25-1041.00,"Agricultural Sciences Teachers, Postsecondary",1.B.1.a,Realistic,OI,Occupational Interests,3.97,02/2026,Machine Learning/Expert
25-1041.00,"Agricultural Sciences Teachers, Postsecondary",1.B.1.b,Investigative,OI,Occupational Interests,5.36,02/2026,Machine Learning/Expert
25-1041.00,"Agricultural Sciences Teachers, Postsecondary",1.B.1.c,Artistic,OI,Occupational Interests,2.92,02/2026,Machine Learning/Expert
25-1041.00,"Agricultural Sciences Teachers, Postsecondary",1.B.1.d,Social,OI,Occupational Interests,6.24,02/2026,Machine Learning/Expert
25-1041.00,"Agricultural Sciences Teachers, Postsecondary",1.B.1.e,Enterprising,OI,Occupational Interests,2.61,02/2026,Machine Learning/Expert
25-1041.00,"Agricultural Sciences Teachers, Postsecondary",1.B.1.f,Conventional,OI,Occupational Interests,3.51,02/2026,Machine Learning/Expert
25-1041.00,"Agricultural Sciences Teachers, Postsecondary",1.B.1.g,First Interest High-Point,IH,Occupational Interest High-Point,4.00,02/2026,Machine Learning/Expert
25-1041.00,"Agricultural Sciences Teachers, Postsecondary",1.B.1.h,Second Interest High-Point,IH,Occupational Interest High-Point,2.00,02/2026,Machine Learning/Expert
25-1041.00,"Agricultural Sciences Teachers, Postsecondary",1.B.1.i,Third Interest High-Point,IH,Occupational Interest High-Point,0.00,02/2026,Machine Learning/Expert
25-1042.00,"Biological Science Teachers, Postsecondary",1.B.1.a,Realistic,OI,Occupational Interests,3.96,02/2026,Machine Learning/Expert
25-1042.00,"Biological Science Teachers, Postsecondary",1.B.1.b,Investigative,OI,Occupational Interests,5.88,02/2026,Machine Learning/Expert
25-1042.00,"Biological Science Teachers, Postsecondary",1.B.1.c,Artistic,OI,Occupational Interests,3.30,02/2026,Machine Learning/Expert
25-1042.00,"Biological Science Teachers, Postsecondary",1.B.1.d,Social,OI,Occupational Interests,6.25,02/2026,Machine Learning/Expert
25-1042.00,"Biological Science Teachers, Postsecondary",1.B.1.e,Enterprising,OI,Occupational Interests,2.04,02/2026,Machine Learning/Expert
25-1042.00,"Biological Science Teachers, Postsecondary",1.B.1.f,Conventional,OI,Occupational Interests,3.65,02/2026,Machine Learning/Expert
25-1042.00,"Biological Science Teachers, Postsecondary",1.B.1.g,First Interest High-Point,IH,Occupational Interest High-Point,4.00,02/2026,Machine Learning/Expert
25-1042.00,"Biological Science Teachers, Postsecondary",1.B.1.h,Second Interest High-Point,IH,Occupational Interest High-Point,2.00,02/2026,Machine Learning/Expert
25-1042.00,"Biological Science Teachers, Postsecondary",1.B.1.i,Third Interest High-Point,IH,Occupational Interest High-Point,0.00,02/2026,Machine Learning/Expert
25-1043.00,"Forestry and Conservation Science Teachers, Postsecondary",1.B.1.a,Realistic,OI,Occupational Interests,3.97,02/2026,Machine Learning/Expert
25-1043.00,"Forestry and Conservation Science Teachers, Postsecondary",1.B.1.b,Investigative,OI,Occupational Interests,5.91,02/2026,Machine Learning/Expert
25-1043.00,"Forestry and Conservation Science Teachers, Postsecondary",1.B.1.c,Artistic,OI,Occupational Interests,3.15,02/2026,Machine Learning/Expert
25-1043.00,"Forestry and Conservation Science Teachers, Postsecondary",1.B.1.d,Social,OI,Occupational Interests,6.47,02/2026,Machine Learning/Expert
25-1043.00,"Forestry and Conservation Science Teachers, Postsecondary",1.B.1.e,Enterprising,OI,Occupational Interests,2.42,02/2026,Machine Learning/Expert
25-1043.00,"Forestry and Conservation Science Teachers, Postsecondary",1.B.1.f,Conventional,OI,Occupational Interests,3.34,02/2026,Machine Learning/Expert
25-1043.00,"Forestry and Conservation Science Teachers, Postsecondary",1.B.1.g,First Interest High-Point,IH,Occupational Interest High-Point,4.00,02/2026,Machine Learning/Expert
25-1043.00,"Forestry and Conservation Science Teachers, Postsecondary",1.B.1.h,Second Interest High-Point,IH,Occupational Interest High-Point,2.00,02/2026,Machine Learning/Expert
25-1043.00,"Forestry and Conservation Science Teachers, Postsecondary",1.B.1.i,Third Interest High-Point,IH,Occupational Interest High-Point,0.00,02/2026,Machine Learning/Expert
25-1051.00,"Atmospheric, Earth, Marine, and Space Sciences Teachers, Postsecondary",1.B.1.a,Realistic,OI,Occupational Interests,4.00,02/2026,Machine Learning/Expert
25-1051.00,"Atmospheric, Earth, Marine, and Space Sciences Teachers, Postsecondary",1.B.1.b,Investigative,OI,Occupational Interests,5.61,02/2026,Machine Learning/Expert
25-1051.00,"Atmospheric, Earth, Marine, and Space Sciences Teachers, Postsecondary",1.B.1.c,Artistic,OI,Occupational Interests,3.14,02/2026,Machine Learning/Expert
25-1051.00,"Atmospheric, Earth, Marine, and Space Sciences Teachers, Postsecondary",1.B.1.d,Social,OI,Occupational Interests,6.51,02/2026,Machine Learning/Expert
25-1051.00,"Atmospheric, Earth, Marine, and Space Sciences Teachers, Postsecondary",1.B.1.e,Enterprising,OI,Occupational Interests,2.37,02/2026,Machine Learning/Expert
25-1051.00,"Atmospheric, Earth, Marine, and Space Sciences Teachers, Postsecondary",1.B.1.f,Conventional,OI,Occupational Interests,3.60,02/2026,Machine Learning/Expert
25-1051.00,"Atmospheric, Earth, Marine, and Space Sciences Teachers, Postsecondary",1.B.1.g,First Interest High-Point,IH,Occupational Interest High-Point,4.00,02/2026,Machine Learning/Expert
25-1051.00,"Atmospheric, Earth, Marine, and Space Sciences Teachers, Postsecondary",1.B.1.h,Second Interest High-Point,IH,Occupational Interest High-Point,2.00,02/2026,Machine Learning/Expert
25-1051.00,"Atmospheric, Earth, Marine, and Space Sciences Teachers, Postsecondary",1.B.1.i,Third Interest High-Point,IH,Occupational Interest High-Point,0.00,02/2026,Machine Learning/Expert
25-1052.00,"Chemistry Teachers, Postsecondary",1.B.1.a,Realistic,OI,Occupational Interests,4.05,02/2026,Machine Learning/Expert
25-1052.00,"Chemistry Teachers, Postsecondary",1.B.1.b,Investigative,OI,Occupational Interests,5.82,02/2026,Machine Learning/Expert
25-1052.00,"Chemistry Teachers, Postsecondary",1.B.1.c,Artistic,OI,Occupational Interests,2.95,02/2026,Machine Learning/Expert
25-1052.00,"Chemistry Teachers, Postsecondary",1.B.1.d,Social,OI,Occupational Interests,5.71,02/2026,Machine Learning/Expert
25-1052.00,"Chemistry Teachers, Postsecondary",1.B.1.e,Enterprising,OI,Occupational Interests,2.09,02/2026,Machine Learning/Expert
25-1052.00,"Chemistry Teachers, Postsecondary",1.B.1.f,Conventional,OI,Occupational Interests,3.78,02/2026,Machine Learning/Expert
25-1052.00,"Chemistry Teachers, Postsecondary",1.B.1.g,First Interest High-Point,IH,Occupational Interest High-Point,2.00,02/2026,Machine Learning/Expert
25-1052.00,"Chemistry Teachers, Postsecondary",1.B.1.h,Second Interest High-Point,IH,Occupational Interest High-Point,4.00,02/2026,Machine Learning/Expert
25-1052.00,"Chemistry Teachers, Postsecondary",1.B.1.i,Third Interest High-Point,IH,Occupational Interest High-Point,0.00,02/2026,Machine Learning/Expert
25-1053.00,"Environmental Science Teachers, Postsecondary",1.B.1.a,Realistic,OI,Occupational Interests,3.71,02/2026,Machine Learning/Expert
25-1053.00,"Environmental Science Teachers, Postsecondary",1.B.1.b,Investigative,OI,Occupational Interests,6.34,02/2026,Machine Learning/Expert
25-1053.00,"Environmental Science Teachers, Postsecondary",1.B.1.c,Artistic,OI,Occupational Interests,3.37,02/2026,Machine Learning/Expert
25-1053.00,"Environmental Science Teachers, Postsecondary",1.B.1.d,Social,OI,Occupational Interests,6.25,02/2026,Machine Learning/Expert
25-1053.00,"Environmental Science Teachers, Postsecondary",1.B.1.e,Enterprising,OI,Occupational Interests,2.49,02/2026,Machine Learning/Expert
25-1053.00,"Environmental Science Teachers, Postsecondary",1.B.1.f,Conventional,OI,Occupational Interests,3.42,02/2026,Machine Learning/Expert
25-1053.00,"Environmental Science Teachers, Postsecondary",1.B.1.g,First Interest High-Point,IH,Occupational Interest High-Point,2.00,02/2026,Machine Learning/Expert
25-1053.00,"Environmental Science Teachers, Postsecondary",1.B.1.h,Second Interest High-Point,IH,Occupational Interest High-Point,4.00,02/2026,Machine Learning/Expert
25-1053.00,"Environmental Science Teachers, Postsecondary",1.B.1.i,Third Interest High-Point,IH,Occupational Interest High-Point,0.00,02/2026,Machine Learning/Expert
25-1054.00,"Physics Teachers, Postsecondary",1.B.1.a,Realistic,OI,Occupational Interests,3.77,02/2026,Machine Learning/Expert
25-1054.00,"Physics Teachers, Postsecondary",1.B.1.b,Investigative,OI,Occupational Interests,5.98,02/2026,Machine Learning/Expert
25-1054.00,"Physics Teachers, Postsecondary",1.B.1.c,Artistic,OI,Occupational Interests,3.28,02/2026,Machine Learning/Expert
25-1054.00,"Physics Teachers, Postsecondary",1.B.1.d,Social,OI,Occupational Interests,6.06,02/2026,Machine Learning/Expert
25-1054.00,"Physics Teachers, Postsecondary",1.B.1.e,Enterprising,OI,Occupational Interests,2.35,02/2026,Machine Learning/Expert
25-1054.00,"Physics Teachers, Postsecondary",1.B.1.f,Conventional,OI,Occupational Interests,3.64,02/2026,Machine Learning/Expert
25-1054.00,"Physics Teachers, Postsecondary",1.B.1.g,First Interest High-Point,IH,Occupational Interest High-Point,4.00,02/2026,Machine Learning/Expert
25-1054.00,"Physics Teachers, Postsecondary",1.B.1.h,Second Interest High-Point,IH,Occupational Interest High-Point,2.00,02/2026,Machine Learning/Expert
25-1054.00,"Physics Teachers, Postsecondary",1.B.1.i,Third Interest High-Point,IH,Occupational Interest High-Point,0.00,02/2026,Machine Learning/Expert
25-1061.00,"Anthropology and Archeology Teachers, Postsecondary",1.B.1.a,Realistic,OI,Occupational Interests,3.46,02/2026,Machine Learning/Expert
25-1061.00,"Anthropology and Archeology Teachers, Postsecondary",1.B.1.b,Investigative,OI,Occupational Interests,5.96,02/2026,Machine Learning/Expert
25-1061.00,"Anthropology and Archeology Teachers, Postsecondary",1.B.1.c,Artistic,OI,Occupational Interests,3.57,02/2026,Machine Learning/Expert
25-1061.00,"Anthropology and Archeology Teachers, Postsecondary",1.B.1.d,Social,OI,Occupational Interests,6.75,02/2026,Machine Learning/Expert
25-1061.00,"Anthropology and Archeology Teachers, Postsecondary",1.B.1.e,Enterprising,OI,Occupational Interests,2.47,02/2026,Machine Learning/Expert
25-1061.00,"Anthropology and Archeology Teachers, Postsecondary",1.B.1.f,Conventional,OI,Occupational Interests,3.29,02/2026,Machine Learning/Expert
25-1061.00,"Anthropology and Archeology Teachers, Postsecondary",1.B.1.g,First Interest High-Point,IH,Occupational Interest High-Point,4.00,02/2026,Machine Learning/Expert
25-1061.00,"Anthropology and Archeology Teachers, Postsecondary",1.B.1.h,Second Interest High-Point,IH,Occupational Interest High-Point,2.00,02/2026,Machine Learning/Expert
25-1061.00,"Anthropology and Archeology Teachers, Postsecondary",1.B.1.i,Third Interest High-Point,IH,Occupational Interest High-Point,0.00,02/2026,Machine Learning/Expert
25-1062.00,"Area, Ethnic, and Cultural Studies Teachers, Postsecondary",1.B.1.a,Realistic,OI,Occupational Interests,3.05,02/2026,Machine Learning/Expert
25-1062.00,"Area, Ethnic, and Cultural Studies Teachers, Postsecondary",1.B.1.b,Investigative,OI,Occupational Interests,5.31,02/2026,Machine Learning/Expert
25-1062.00,"Area, Ethnic, and Cultural Studies Teachers, Postsecondary",1.B.1.c,Artistic,OI,Occupational Interests,3.84,02/2026,Machine Learning/Expert
25-1062.00,"Area, Ethnic, and Cultural Studies Teachers, Postsecondary",1.B.1.d,Social,OI,Occupational Interests,6.92,02/2026,Machine Learning/Expert
25-1062.00,"Area, Ethnic, and Cultural Studies Teachers, Postsecondary",1.B.1.e,Enterprising,OI,Occupational Interests,3.00,02/2026,Machine Learning/Expert
25-1062.00,"Area, Ethnic, and Cultural Studies Teachers, Postsecondary",1.B.1.f,Conventional,OI,Occupational Interests,3.03,02/2026,Machine Learning/Expert
25-1062.00,"Area, Ethnic, and Cultural Studies Teachers, Postsecondary",1.B.1.g,First Interest High-Point,IH,Occupational Interest High-Point,4.00,02/2026,Machine Learning/Expert
25-1062.00,"Area, Ethnic, and Cultural Studies Teachers, Postsecondary",1.B.1.h,Second Interest High-Point,IH,Occupational Interest High-Point,2.00,02/2026,Machine Learning/Expert
25-1062.00,"Area, Ethnic, and Cultural Studies Teachers, Postsecondary",1.B.1.i,Third Interest High-Point,IH,Occupational Interest High-Point,0.00,02/2026,Machine Learning/Expert
25-1063.00,"Economics Teachers, Postsecondary",1.B.1.a,Realistic,OI,Occupational Interests,2.73,02/2026,Machine Learning/Expert
25-1063.00,"Economics Teachers, Postsecondary",1.B.1.b,Investigative,OI,Occupational Interests,5.56,02/2026,Machine Learning/Expert
25-1063.00,"Economics Teachers, Postsecondary",1.B.1.c,Artistic,OI,Occupational Interests,3.02,02/2026,Machine Learning/Expert
25-1063.00,"Economics Teachers, Postsecondary",1.B.1.d,Social,OI,Occupational Interests,6.21,02/2026,Machine Learning/Expert
25-1063.00,"Economics Teachers, Postsecondary",1.B.1.e,Enterprising,OI,Occupational Interests,3.36,02/2026,Machine Learning/Expert
25-1063.00,"Economics Teachers, Postsecondary",1.B.1.f,Conventional,OI,Occupational Interests,3.90,02/2026,Machine Learning/Expert
25-1063.00,"Economics Teachers, Postsecondary",1.B.1.g,First Interest High-Point,IH,Occupational Interest High-Point,4.00,02/2026,Machine Learning/Expert
25-1063.00,"Economics Teachers, Postsecondary",1.B.1.h,Second Interest High-Point,IH,Occupational Interest High-Point,2.00,02/2026,Machine Learning/Expert
25-1063.00,"Economics Teachers, Postsecondary",1.B.1.i,Third Interest High-Point,IH,Occupational Interest High-Point,0.00,02/2026,Machine Learning/Expert
25-1064.00,"Geography Teachers, Postsecondary",1.B.1.a,Realistic,OI,Occupational Interests,3.24,02/2026,Machine Learning/Expert
25-1064.00,"Geography Teachers, Postsecondary",1.B.1.b,Investigative,OI,Occupational Interests,5.65,02/2026,Machine Learning/Expert
25-1064.00,"Geography Teachers, Postsecondary",1.B.1.c,Artistic,OI,Occupational Interests,3.69,02/2026,Machine Learning/Expert
25-1064.00,"Geography Teachers, Postsecondary",1.B.1.d,Social,OI,Occupational Interests,6.76,02/2026,Machine Learning/Expert
25-1064.00,"Geography Teachers, Postsecondary",1.B.1.e,Enterprising,OI,Occupational Interests,2.61,02/2026,Machine Learning/Expert
25-1064.00,"Geography Teachers, Postsecondary",1.B.1.f,Conventional,OI,Occupational Interests,3.67,02/2026,Machine Learning/Expert
25-1064.00,"Geography Teachers, Postsecondary",1.B.1.g,First Interest High-Point,IH,Occupational Interest High-Point,4.00,02/2026,Machine Learning/Expert
25-1064.00,"Geography Teachers, Postsecondary",1.B.1.h,Second Interest High-Point,IH,Occupational Interest High-Point,2.00,02/2026,Machine Learning/Expert
25-1064.00,"Geography Teachers, Postsecondary",1.B.1.i,Third Interest High-Point,IH,Occupational Interest High-Point,0.00,02/2026,Machine Learning/Expert
25-1065.00,"Political Science Teachers, Postsecondary",1.B.1.a,Realistic,OI,Occupational Interests,1.95,02/2026,Machine Learning/Expert
25-1065.00,"Political Science Teachers, Postsecondary",1.B.1.b,Investigative,OI,Occupational Interests,5.47,02/2026,Machine Learning/Expert
25-1065.00,"Political Science Teachers, Postsecondary",1.B.1.c,Artistic,OI,Occupational Interests,3.72,02/2026,Machine Learning/Expert
25-1065.00,"Political Science Teachers, Postsecondary",1.B.1.d,Social,OI,Occupational Interests,6.87,02/2026,Machine Learning/Expert
25-1065.00,"Political Science Teachers, Postsecondary",1.B.1.e,Enterprising,OI,Occupational Interests,3.25,02/2026,Machine Learning/Expert
25-1065.00,"Political Science Teachers, Postsecondary",1.B.1.f,Conventional,OI,Occupational Interests,3.02,02/2026,Machine Learning/Expert
25-1065.00,"Political Science Teachers, Postsecondary",1.B.1.g,First Interest High-Point,IH,Occupational Interest High-Point,4.00,02/2026,Machine Learning/Expert
25-1065.00,"Political Science Teachers, Postsecondary",1.B.1.h,Second Interest High-Point,IH,Occupational Interest High-Point,2.00,02/2026,Machine Learning/Expert
25-1065.00,"Political Science Teachers, Postsecondary",1.B.1.i,Third Interest High-Point,IH,Occupational Interest High-Point,0.00,02/2026,Machine Learning/Expert
25-1066.00,"Psychology Teachers, Postsecondary",1.B.1.a,Realistic,OI,Occupational Interests,2.13,02/2026,Machine Learning/Expert
25-1066.00,"Psychology Teachers, Postsecondary",1.B.1.b,Investigative,OI,Occupational Interests,5.59,02/2026,Machine Learning/Expert
25-1066.00,"Psychology Teachers, Postsecondary",1.B.1.c,Artistic,OI,Occupational Interests,3.86,02/2026,Machine Learning/Expert
25-1066.00,"Psychology Teachers, Postsecondary",1.B.1.d,Social,OI,Occupational Interests,7.00,02/2026,Machine Learning/Expert
25-1066.00,"Psychology Teachers, Postsecondary",1.B.1.e,Enterprising,OI,Occupational Interests,2.32,02/2026,Machine Learning/Expert
25-1066.00,"Psychology Teachers, Postsecondary",1.B.1.f,Conventional,OI,Occupational Interests,3.30,02/2026,Machine Learning/Expert
25-1066.00,"Psychology Teachers, Postsecondary",1.B.1.g,First Interest High-Point,IH,Occupational Interest High-Point,4.00,02/2026,Machine Learning/Expert
25-1066.00,"Psychology Teachers, Postsecondary",1.B.1.h,Second Interest High-Point,IH,Occupational Interest High-Point,2.00,02/2026,Machine Learning/Expert
25-1066.00,"Psychology Teachers, Postsecondary",1.B.1.i,Third Interest High-Point,IH,Occupational Interest High-Point,0.00,02/2026,Machine Learning/Expert
25-1067.00,"Sociology Teachers, Postsecondary",1.B.1.a,Realistic,OI,Occupational Interests,2.57,02/2026,Machine Learning/Expert
25-1067.00,"Sociology Teachers, Postsecondary",1.B.1.b,Investigative,OI,Occupational Interests,5.71,02/2026,Machine Learning/Expert
25-1067.00,"Sociology Teachers, Postsecondary",1.B.1.c,Artistic,OI,Occupational Interests,3.58,02/2026,Machine Learning/Expert
25-1067.00,"Sociology Teachers, Postsecondary",1.B.1.d,Social,OI,Occupational Interests,6.70,02/2026,Machine Learning/Expert
25-1067.00,"Sociology Teachers, Postsecondary",1.B.1.e,Enterprising,OI,Occupational Interests,2.53,02/2026,Machine Learning/Expert
25-1067.00,"Sociology Teachers, Postsecondary",1.B.1.f,Conventional,OI,Occupational Interests,3.27,02/2026,Machine Learning/Expert
25-1067.00,"Sociology Teachers, Postsecondary",1.B.1.g,First Interest High-Point,IH,Occupational Interest High-Point,4.00,02/2026,Machine Learning/Expert
25-1067.00,"Sociology Teachers, Postsecondary",1.B.1.h,Second Interest High-Point,IH,Occupational Interest High-Point,2.00,02/2026,Machine Learning/Expert
25-1067.00,"Sociology Teachers, Postsecondary",1.B.1.i,Third Interest High-Point,IH,Occupational Interest High-Point,0.00,02/2026,Machine Learning/Expert
25-1071.00,"Health Specialties Teachers, Postsecondary",1.B.1.a,Realistic,OI,Occupational Interests,3.27,02/2026,Machine Learning/Expert
25-1071.00,"Health Specialties Teachers, Postsecondary",1.B.1.b,Investigative,OI,Occupational Interests,5.43,02/2026,Machine Learning/Expert
25-1071.00,"Health Specialties Teachers, Postsecondary",1.B.1.c,Artistic,OI,Occupational Interests,3.00,02/2026,Machine Learning/Expert
25-1071.00,"Health Specialties Teachers, Postsecondary",1.B.1.d,Social,OI,Occupational Interests,7.00,02/2026,Machine Learning/Expert
25-1071.00,"Health Specialties Teachers, Postsecondary",1.B.1.e,Enterprising,OI,Occupational Interests,1.99,02/2026,Machine Learning/Expert
25-1071.00,"Health Specialties Teachers, Postsecondary",1.B.1.f,Conventional,OI,Occupational Interests,3.52,02/2026,Machine Learning/Expert
25-1071.00,"Health Specialties Teachers, Postsecondary",1.B.1.g,First Interest High-Point,IH,Occupational Interest High-Point,4.00,02/2026,Machine Learning/Expert
25-1071.00,"Health Specialties Teachers, Postsecondary",1.B.1.h,Second Interest High-Point,IH,Occupational Interest High-Point,2.00,02/2026,Machine Learning/Expert
25-1071.00,"Health Specialties Teachers, Postsecondary",1.B.1.i,Third Interest High-Point,IH,Occupational Interest High-Point,0.00,02/2026,Machine Learning/Expert
25-1072.00,"Nursing Instructors and Teachers, Postsecondary",1.B.1.a,Realistic,OI,Occupational Interests,2.94,02/2026,Machine Learning/Expert
25-1072.00,"Nursing Instructors and Teachers, Postsecondary",1.B.1.b,Investigative,OI,Occupational Interests,4.91,02/2026,Machine Learning/Expert
25-1072.00,"Nursing Instructors and Teachers, Postsecondary",1.B.1.c,Artistic,OI,Occupational Interests,3.29,02/2026,Machine Learning/Expert
25-1072.00,"Nursing Instructors and Teachers, Postsecondary",1.B.1.d,Social,OI,Occupational Interests,7.00,02/2026,Machine Learning/Expert
25-1072.00,"Nursing Instructors and Teachers, Postsecondary",1.B.1.e,Enterprising,OI,Occupational Interests,2.13,02/2026,Machine Learning/Expert
25-1072.00,"Nursing Instructors and Teachers, Postsecondary",1.B.1.f,Conventional,OI,Occupational Interests,3.15,02/2026,Machine Learning/Expert
25-1072.00,"Nursing Instructors and Teachers, Postsecondary",1.B.1.g,First Interest High-Point,IH,Occupational Interest High-Point,4.00,02/2026,Machine Learning/Expert
25-1072.00,"Nursing Instructors and Teachers, Postsecondary",1.B.1.h,Second Interest High-Point,IH,Occupational Interest High-Point,2.00,02/2026,Machine Learning/Expert
25-1072.00,"Nursing Instructors and Teachers, Postsecondary",1.B.1.i,Third Interest High-Point,IH,Occupational Interest High-Point,0.00,02/2026,Machine Learning/Expert
25-1081.00,"Education Teachers, Postsecondary",1.B.1.a,Realistic,OI,Occupational Interests,2.67,02/2026,Machine Learning/Expert
25-1081.00,"Education Teachers, Postsecondary",1.B.1.b,Investigative,OI,Occupational Interests,4.77,02/2026,Machine Learning/Expert
25-1081.00,"Education Teachers, Postsecondary",1.B.1.c,Artistic,OI,Occupational Interests,3.47,02/2026,Machine Learning/Expert
25-1081.00,"Education Teachers, Postsecondary",1.B.1.d,Social,OI,Occupational Interests,7.00,02/2026,Machine Learning/Expert
25-1081.00,"Education Teachers, Postsecondary",1.B.1.e,Enterprising,OI,Occupational Interests,2.68,02/2026,Machine Learning/Expert
25-1081.00,"Education Teachers, Postsecondary",1.B.1.f,Conventional,OI,Occupational Interests,3.61,02/2026,Machine Learning/Expert
25-1081.00,"Education Teachers, Postsecondary",1.B.1.g,First Interest High-Point,IH,Occupational Interest High-Point,4.00,02/2026,Machine Learning/Expert
25-1081.00,"Education Teachers, Postsecondary",1.B.1.h,Second Interest High-Point,IH,Occupational Interest High-Point,2.00,02/2026,Machine Learning/Expert
25-1081.00,"Education Teachers, Postsecondary",1.B.1.i,Third Interest High-Point,IH,Occupational Interest High-Point,0.00,02/2026,Machine Learning/Expert
25-1082.00,"Library Science Teachers, Postsecondary",1.B.1.a,Realistic,OI,Occupational Interests,2.93,02/2026,Machine Learning/Expert
25-1082.00,"Library Science Teachers, Postsecondary",1.B.1.b,Investigative,OI,Occupational Interests,5.44,02/2026,Machine Learning/Expert
25-1082.00,"Library Science Teachers, Postsecondary",1.B.1.c,Artistic,OI,Occupational Interests,3.27,02/2026,Machine Learning/Expert
25-1082.00,"Library Science Teachers, Postsecondary",1.B.1.d,Social,OI,Occupational Interests,6.27,02/2026,Machine Learning/Expert
25-1082.00,"Library Science Teachers, Postsecondary",1.B.1.e,Enterprising,OI,Occupational Interests,2.16,02/2026,Machine Learning/Expert
25-1082.00,"Library Science Teachers, Postsecondary",1.B.1.f,Conventional,OI,Occupational Interests,4.16,02/2026,Machine Learning/Expert
25-1082.00,"Library Science Teachers, Postsecondary",1.B.1.g,First Interest High-Point,IH,Occupational Interest High-Point,4.00,02/2026,Machine Learning/Expert
25-1082.00,"Library Science Teachers, Postsecondary",1.B.1.h,Second Interest High-Point,IH,Occupational Interest High-Point,2.00,02/2026,Machine Learning/Expert
25-1082.00,"Library Science Teachers, Postsecondary",1.B.1.i,Third Interest High-Point,IH,Occupational Interest High-Point,6.00,02/2026,Machine Learning/Expert
25-1111.00,"Criminal Justice and Law Enforcement Teachers, Postsecondary",1.B.1.a,Realistic,OI,Occupational Interests,2.40,02/2026,Machine Learning/Expert
25-1111.00,"Criminal Justice and Law Enforcement Teachers, Postsecondary",1.B.1.b,Investigative,OI,Occupational Interests,4.88,02/2026,Machine Learning/Expert
25-1111.00,"Criminal Justice and Law Enforcement Teachers, Postsecondary",1.B.1.c,Artistic,OI,Occupational Interests,3.33,02/2026,Machine Learning/Expert
25-1111.00,"Criminal Justice and Law Enforcement Teachers, Postsecondary",1.B.1.d,Social,OI,Occupational Interests,6.85,02/2026,Machine Learning/Expert
25-1111.00,"Criminal Justice and Law Enforcement Teachers, Postsecondary",1.B.1.e,Enterprising,OI,Occupational Interests,3.37,02/2026,Machine Learning/Expert
25-1111.00,"Criminal Justice and Law Enforcement Teachers, Postsecondary",1.B.1.f,Conventional,OI,Occupational Interests,3.56,02/2026,Machine Learning/Expert
25-1111.00,"Criminal Justice and Law Enforcement Teachers, Postsecondary",1.B.1.g,First Interest High-Point,IH,Occupational Interest High-Point,4.00,02/2026,Machine Learning/Expert
25-1111.00,"Criminal Justice and Law Enforcement Teachers, Postsecondary",1.B.1.h,Second Interest High-Point,IH,Occupational Interest High-Point,2.00,02/2026,Machine Learning/Expert
25-1111.00,"Criminal Justice and Law Enforcement Teachers, Postsecondary",1.B.1.i,Third Interest High-Point,IH,Occupational Interest High-Point,0.00,02/2026,Machine Learning/Expert
25-1112.00,"Law Teachers, Postsecondary",1.B.1.a,Realistic,OI,Occupational Interests,2.41,02/2026,Machine Learning/Expert
25-1112.00,"Law Teachers, Postsecondary",1.B.1.b,Investigative,OI,Occupational Interests,5.35,02/2026,Machine Learning/Expert
25-1112.00,"Law Teachers, Postsecondary",1.B.1.c,Artistic,OI,Occupational Interests,3.39,02/2026,Machine Learning/Expert
25-1112.00,"Law Teachers, Postsecondary",1.B.1.d,Social,OI,Occupational Interests,6.46,02/2026,Machine Learning/Expert
25-1112.00,"Law Teachers, Postsecondary",1.B.1.e,Enterprising,OI,Occupational Interests,3.49,02/2026,Machine Learning/Expert
25-1112.00,"Law Teachers, Postsecondary",1.B.1.f,Conventional,OI,Occupational Interests,3.72,02/2026,Machine Learning/Expert
25-1112.00,"Law Teachers, Postsecondary",1.B.1.g,First Interest High-Point,IH,Occupational Interest High-Point,4.00,02/2026,Machine Learning/Expert
25-1112.00,"Law Teachers, Postsecondary",1.B.1.h,Second Interest High-Point,IH,Occupational Interest High-Point,2.00,02/2026,Machine Learning/Expert
25-1112.00,"Law Teachers, Postsecondary",1.B.1.i,Third Interest High-Point,IH,Occupational Interest High-Point,0.00,02/2026,Machine Learning/Expert
25-1113.00,"Social Work Teachers, Postsecondary",1.B.1.a,Realistic,OI,Occupational Interests,2.20,02/2026,Machine Learning/Expert
25-1113.00,"Social Work Teachers, Postsecondary",1.B.1.b,Investigative,OI,Occupational Interests,5.03,02/2026,Machine Learning/Expert
25-1113.00,"Social Work Teachers, Postsecondary",1.B.1.c,Artistic,OI,Occupational Interests,3.86,02/2026,Machine Learning/Expert
25-1113.00,"Social Work Teachers, Postsecondary",1.B.1.d,Social,OI,Occupational Interests,7.00,02/2026,Machine Learning/Expert
25-1113.00,"Social Work Teachers, Postsecondary",1.B.1.e,Enterprising,OI,Occupational Interests,2.85,02/2026,Machine Learning/Expert
25-1113.00,"Social Work Teachers, Postsecondary",1.B.1.f,Conventional,OI,Occupational Interests,3.02,02/2026,Machine Learning/Expert
25-1113.00,"Social Work Teachers, Postsecondary",1.B.1.g,First Interest High-Point,IH,Occupational Interest High-Point,4.00,02/2026,Machine Learning/Expert
25-1113.00,"Social Work Teachers, Postsecondary",1.B.1.h,Second Interest High-Point,IH,Occupational Interest High-Point,2.00,02/2026,Machine Learning/Expert
25-1113.00,"Social Work Teachers, Postsecondary",1.B.1.i,Third Interest High-Point,IH,Occupational Interest High-Point,0.00,02/2026,Machine Learning/Expert
25-1121.00,"Art, Drama, and Music Teachers, Postsecondary",1.B.1.a,Realistic,OI,Occupational Interests,3.03,02/2026,Machine Learning/Expert
25-1121.00,"Art, Drama, and Music Teachers, Postsecondary",1.B.1.b,Investigative,OI,Occupational Interests,4.14,02/2026,Machine Learning/Expert
25-1121.00,"Art, Drama, and Music Teachers, Postsecondary",1.B.1.c,Artistic,OI,Occupational Interests,5.73,02/2026,Machine Learning/Expert
25-1121.00,"Art, Drama, and Music Teachers, Postsecondary",1.B.1.d,Social,OI,Occupational Interests,6.99,02/2026,Machine Learning/Expert
25-1121.00,"Art, Drama, and Music Teachers, Postsecondary",1.B.1.e,Enterprising,OI,Occupational Interests,2.12,02/2026,Machine Learning/Expert
25-1121.00,"Art, Drama, and Music Teachers, Postsecondary",1.B.1.f,Conventional,OI,Occupational Interests,2.61,02/2026,Machine Learning/Expert
25-1121.00,"Art, Drama, and Music Teachers, Postsecondary",1.B.1.g,First Interest High-Point,IH,Occupational Interest High-Point,4.00,02/2026,Machine Learning/Expert
25-1121.00,"Art, Drama, and Music Teachers, Postsecondary",1.B.1.h,Second Interest High-Point,IH,Occupational Interest High-Point,3.00,02/2026,Machine Learning/Expert
25-1121.00,"Art, Drama, and Music Teachers, Postsecondary",1.B.1.i,Third Interest High-Point,IH,Occupational Interest High-Point,0.00,02/2026,Machine Learning/Expert
25-1122.00,"Communications Teachers, Postsecondary",1.B.1.a,Realistic,OI,Occupational Interests,2.18,02/2026,Machine Learning/Expert
25-1122.00,"Communications Teachers, Postsecondary",1.B.1.b,Investigative,OI,Occupational Interests,4.62,02/2026,Machine Learning/Expert
25-1122.00,"Communications Teachers, Postsecondary",1.B.1.c,Artistic,OI,Occupational Interests,3.82,02/2026,Machine Learning/Expert
25-1122.00,"Communications Teachers, Postsecondary",1.B.1.d,Social,OI,Occupational Interests,6.95,02/2026,Machine Learning/Expert
25-1122.00,"Communications Teachers, Postsecondary",1.B.1.e,Enterprising,OI,Occupational Interests,3.13,02/2026,Machine Learning/Expert
25-1122.00,"Communications Teachers, Postsecondary",1.B.1.f,Conventional,OI,Occupational Interests,3.58,02/2026,Machine Learning/Expert
25-1122.00,"Communications Teachers, Postsecondary",1.B.1.g,First Interest High-Point,IH,Occupational Interest High-Point,4.00,02/2026,Machine Learning/Expert
25-1122.00,"Communications Teachers, Postsecondary",1.B.1.h,Second Interest High-Point,IH,Occupational Interest High-Point,2.00,02/2026,Machine Learning/Expert
25-1122.00,"Communications Teachers, Postsecondary",1.B.1.i,Third Interest High-Point,IH,Occupational Interest High-Point,0.00,02/2026,Machine Learning/Expert
25-1123.00,"English Language and Literature Teachers, Postsecondary",1.B.1.a,Realistic,OI,Occupational Interests,2.28,02/2026,Machine Learning/Expert
25-1123.00,"English Language and Literature Teachers, Postsecondary",1.B.1.b,Investigative,OI,Occupational Interests,4.78,02/2026,Machine Learning/Expert
25-1123.00,"English Language and Literature Teachers, Postsecondary",1.B.1.c,Artistic,OI,Occupational Interests,4.19,02/2026,Machine Learning/Expert
25-1123.00,"English Language and Literature Teachers, Postsecondary",1.B.1.d,Social,OI,Occupational Interests,7.00,02/2026,Machine Learning/Expert
25-1123.00,"English Language and Literature Teachers, Postsecondary",1.B.1.e,Enterprising,OI,Occupational Interests,2.43,02/2026,Machine Learning/Expert
25-1123.00,"English Language and Literature Teachers, Postsecondary",1.B.1.f,Conventional,OI,Occupational Interests,3.49,02/2026,Machine Learning/Expert
25-1123.00,"English Language and Literature Teachers, Postsecondary",1.B.1.g,First Interest High-Point,IH,Occupational Interest High-Point,4.00,02/2026,Machine Learning/Expert
25-1123.00,"English Language and Literature Teachers, Postsecondary",1.B.1.h,Second Interest High-Point,IH,Occupational Interest High-Point,2.00,02/2026,Machine Learning/Expert
25-1123.00,"English Language and Literature Teachers, Postsecondary",1.B.1.i,Third Interest High-Point,IH,Occupational Interest High-Point,3.00,02/2026,Machine Learning/Expert
25-1124.00,"Foreign Language and Literature Teachers, Postsecondary",1.B.1.a,Realistic,OI,Occupational Interests,2.11,02/2026,Machine Learning/Expert
25-1124.00,"Foreign Language and Literature Teachers, Postsecondary",1.B.1.b,Investigative,OI,Occupational Interests,4.52,02/2026,Machine Learning/Expert
25-1124.00,"Foreign Language and Literature Teachers, Postsecondary",1.B.1.c,Artistic,OI,Occupational Interests,4.06,02/2026,Machine Learning/Expert
25-1124.00,"Foreign Language and Literature Teachers, Postsecondary",1.B.1.d,Social,OI,Occupational Interests,7.00,02/2026,Machine Learning/Expert
25-1124.00,"Foreign Language and Literature Teachers, Postsecondary",1.B.1.e,Enterprising,OI,Occupational Interests,2.52,02/2026,Machine Learning/Expert
25-1124.00,"Foreign Language and Literature Teachers, Postsecondary",1.B.1.f,Conventional,OI,Occupational Interests,3.53,02/2026,Machine Learning/Expert
25-1124.00,"Foreign Language and Literature Teachers, Postsecondary",1.B.1.g,First Interest High-Point,IH,Occupational Interest High-Point,4.00,02/2026,Machine Learning/Expert
25-1124.00,"Foreign Language and Literature Teachers, Postsecondary",1.B.1.h,Second Interest High-Point,IH,Occupational Interest High-Point,2.00,02/2026,Machine Learning/Expert
25-1124.00,"Foreign Language and Literature Teachers, Postsecondary",1.B.1.i,Third Interest High-Point,IH,Occupational Interest High-Point,3.00,02/2026,Machine Learning/Expert
25-1125.00,"History Teachers, Postsecondary",1.B.1.a,Realistic,OI,Occupational Interests,2.81,02/2026,Machine Learning/Expert
25-1125.00,"History Teachers, Postsecondary",1.B.1.b,Investigative,OI,Occupational Interests,5.41,02/2026,Machine Learning/Expert
25-1125.00,"History Teachers, Postsecondary",1.B.1.c,Artistic,OI,Occupational Interests,3.95,02/2026,Machine Learning/Expert
25-1125.00,"History Teachers, Postsecondary",1.B.1.d,Social,OI,Occupational Interests,6.95,02/2026,Machine Learning/Expert
25-1125.00,"History Teachers, Postsecondary",1.B.1.e,Enterprising,OI,Occupational Interests,2.60,02/2026,Machine Learning/Expert
25-1125.00,"History Teachers, Postsecondary",1.B.1.f,Conventional,OI,Occupational Interests,3.45,02/2026,Machine Learning/Expert
25-1125.00,"History Teachers, Postsecondary",1.B.1.g,First Interest High-Point,IH,Occupational Interest High-Point,4.00,02/2026,Machine Learning/Expert
25-1125.00,"History Teachers, Postsecondary",1.B.1.h,Second Interest High-Point,IH,Occupational Interest High-Point,2.00,02/2026,Machine Learning/Expert
25-1125.00,"History Teachers, Postsecondary",1.B.1.i,Third Interest High-Point,IH,Occupational Interest High-Point,0.00,02/2026,Machine Learning/Expert
25-1126.00,"Philosophy and Religion Teachers, Postsecondary",1.B.1.a,Realistic,OI,Occupational Interests,2.46,02/2026,Machine Learning/Expert
25-1126.00,"Philosophy and Religion Teachers, Postsecondary",1.B.1.b,Investigative,OI,Occupational Interests,5.14,02/2026,Machine Learning/Expert
25-1126.00,"Philosophy and Religion Teachers, Postsecondary",1.B.1.c,Artistic,OI,Occupational Interests,3.76,02/2026,Machine Learning/Expert
25-1126.00,"Philosophy and Religion Teachers, Postsecondary",1.B.1.d,Social,OI,Occupational Interests,7.00,02/2026,Machine Learning/Expert
25-1126.00,"Philosophy and Religion Teachers, Postsecondary",1.B.1.e,Enterprising,OI,Occupational Interests,2.77,02/2026,Machine Learning/Expert
25-1126.00,"Philosophy and Religion Teachers, Postsecondary",1.B.1.f,Conventional,OI,Occupational Interests,3.48,02/2026,Machine Learning/Expert
25-1126.00,"Philosophy and Religion Teachers, Postsecondary",1.B.1.g,First Interest High-Point,IH,Occupational Interest High-Point,4.00,02/2026,Machine Learning/Expert
25-1126.00,"Philosophy and Religion Teachers, Postsecondary",1.B.1.h,Second Interest High-Point,IH,Occupational Interest High-Point,2.00,02/2026,Machine Learning/Expert
25-1126.00,"Philosophy and Religion Teachers, Postsecondary",1.B.1.i,Third Interest High-Point,IH,Occupational Interest High-Point,0.00,02/2026,Machine Learning/Expert
25-1192.00,"Family and Consumer Sciences Teachers, Postsecondary",1.B.1.a,Realistic,OI,Occupational Interests,2.93,02/2026,Machine Learning/Expert
25-1192.00,"Family and Consumer Sciences Teachers, Postsecondary",1.B.1.b,Investigative,OI,Occupational Interests,4.85,02/2026,Machine Learning/Expert
25-1192.00,"Family and Consumer Sciences Teachers, Postsecondary",1.B.1.c,Artistic,OI,Occupational Interests,3.48,02/2026,Machine Learning/Expert
25-1192.00,"Family and Consumer Sciences Teachers, Postsecondary",1.B.1.d,Social,OI,Occupational Interests,7.00,02/2026,Machine Learning/Expert
25-1192.00,"Family and Consumer Sciences Teachers, Postsecondary",1.B.1.e,Enterprising,OI,Occupational Interests,2.79,02/2026,Machine Learning/Expert
25-1192.00,"Family and Consumer Sciences Teachers, Postsecondary",1.B.1.f,Conventional,OI,Occupational Interests,3.37,02/2026,Machine Learning/Expert
25-1192.00,"Family and Consumer Sciences Teachers, Postsecondary",1.B.1.g,First Interest High-Point,IH,Occupational Interest High-Point,4.00,02/2026,Machine Learning/Expert
25-1192.00,"Family and Consumer Sciences Teachers, Postsecondary",1.B.1.h,Second Interest High-Point,IH,Occupational Interest High-Point,2.00,02/2026,Machine Learning/Expert
25-1192.00,"Family and Consumer Sciences Teachers, Postsecondary",1.B.1.i,Third Interest High-Point,IH,Occupational Interest High-Point,0.00,02/2026,Machine Learning/Expert
25-1193.00,"Recreation and Fitness Studies Teachers, Postsecondary",1.B.1.a,Realistic,OI,Occupational Interests,3.19,02/2026,Machine Learning/Expert
25-1193.00,"Recreation and Fitness Studies Teachers, Postsecondary",1.B.1.b,Investigative,OI,Occupational Interests,4.69,02/2026,Machine Learning/Expert
25-1193.00,"Recreation and Fitness Studies Teachers, Postsecondary",1.B.1.c,Artistic,OI,Occupational Interests,3.36,02/2026,Machine Learning/Expert
25-1193.00,"Recreation and Fitness Studies Teachers, Postsecondary",1.B.1.d,Social,OI,Occupational Interests,7.00,02/2026,Machine Learning/Expert
25-1193.00,"Recreation and Fitness Studies Teachers, Postsecondary",1.B.1.e,Enterprising,OI,Occupational Interests,2.55,02/2026,Machine Learning/Expert
25-1193.00,"Recreation and Fitness Studies Teachers, Postsecondary",1.B.1.f,Conventional,OI,Occupational Interests,3.67,02/2026,Machine Learning/Expert
25-1193.00,"Recreation and Fitness Studies Teachers, Postsecondary",1.B.1.g,First Interest High-Point,IH,Occupational Interest High-Point,4.00,02/2026,Machine Learning/Expert
25-1193.00,"Recreation and Fitness Studies Teachers, Postsecondary",1.B.1.h,Second Interest High-Point,IH,Occupational Interest High-Point,2.00,02/2026,Machine Learning/Expert
25-1193.00,"Recreation and Fitness Studies Teachers, Postsecondary",1.B.1.i,Third Interest High-Point,IH,Occupational Interest High-Point,0.00,02/2026,Machine Learning/Expert
25-1194.00,"Career/Technical Education Teachers, Postsecondary",1.B.1.a,Realistic,OI,Occupational Interests,3.75,02/2026,Machine Learning/Expert
25-1194.00,"Career/Technical Education Teachers, Postsecondary",1.B.1.b,Investigative,OI,Occupational Interests,4.15,02/2026,Machine Learning/Expert
25-1194.00,"Career/Technical Education Teachers, Postsecondary",1.B.1.c,Artistic,OI,Occupational Interests,3.15,02/2026,Machine Learning/Expert
25-1194.00,"Career/Technical Education Teachers, Postsecondary",1.B.1.d,Social,OI,Occupational Interests,6.61,02/2026,Machine Learning/Expert
25-1194.00,"Career/Technical Education Teachers, Postsecondary",1.B.1.e,Enterprising,OI,Occupational Interests,2.11,02/2026,Machine Learning/Expert
25-1194.00,"Career/Technical Education Teachers, Postsecondary",1.B.1.f,Conventional,OI,Occupational Interests,3.29,02/2026,Machine Learning/Expert
25-1194.00,"Career/Technical Education Teachers, Postsecondary",1.B.1.g,First Interest High-Point,IH,Occupational Interest High-Point,4.00,02/2026,Machine Learning/Expert
25-1194.00,"Career/Technical Education Teachers, Postsecondary",1.B.1.h,Second Interest High-Point,IH,Occupational Interest High-Point,2.00,02/2026,Machine Learning/Expert
25-1194.00,"Career/Technical Education Teachers, Postsecondary",1.B.1.i,Third Interest High-Point,IH,Occupational Interest High-Point,0.00,02/2026,Machine Learning/Expert
25-2011.00,"Preschool Teachers, Except Special Education",1.B.1.a,Realistic,OI,Occupational Interests,2.94,02/2026,Machine Learning/Expert
25-2011.00,"Preschool Teachers, Except Special Education",1.B.1.b,Investigative,OI,Occupational Interests,2.76,02/2026,Machine Learning/Expert
25-2011.00,"Preschool Teachers, Except Special Education",1.B.1.c,Artistic,OI,Occupational Interests,3.98,02/2026,Machine Learning/Expert
25-2011.00,"Preschool Teachers, Except Special Education",1.B.1.d,Social,OI,Occupational Interests,7.00,02/2026,Machine Learning/Expert
25-2011.00,"Preschool Teachers, Except Special Education",1.B.1.e,Enterprising,OI,Occupational Interests,2.49,02/2026,Machine Learning/Expert
25-2011.00,"Preschool Teachers, Except Special Education",1.B.1.f,Conventional,OI,Occupational Interests,3.61,02/2026,Machine Learning/Expert
25-2011.00,"Preschool Teachers, Except Special Education",1.B.1.g,First Interest High-Point,IH,Occupational Interest High-Point,4.00,02/2026,Machine Learning/Expert
25-2011.00,"Preschool Teachers, Except Special Education",1.B.1.h,Second Interest High-Point,IH,Occupational Interest High-Point,3.00,02/2026,Machine Learning/Expert
25-2011.00,"Preschool Teachers, Except Special Education",1.B.1.i,Third Interest High-Point,IH,Occupational Interest High-Point,0.00,02/2026,Machine Learning/Expert
25-2012.00,"Kindergarten Teachers, Except Special Education",1.B.1.a,Realistic,OI,Occupational Interests,2.68,02/2026,Machine Learning/Expert
25-2012.00,"Kindergarten Teachers, Except Special Education",1.B.1.b,Investigative,OI,Occupational Interests,3.11,02/2026,Machine Learning/Expert
25-2012.00,"Kindergarten Teachers, Except Special Education",1.B.1.c,Artistic,OI,Occupational Interests,3.99,02/2026,Machine Learning/Expert
25-2012.00,"Kindergarten Teachers, Except Special Education",1.B.1.d,Social,OI,Occupational Interests,7.00,02/2026,Machine Learning/Expert
25-2012.00,"Kindergarten Teachers, Except Special Education",1.B.1.e,Enterprising,OI,Occupational Interests,2.48,02/2026,Machine Learning/Expert
25-2012.00,"Kindergarten Teachers, Except Special Education",1.B.1.f,Conventional,OI,Occupational Interests,3.80,02/2026,Machine Learning/Expert
25-2012.00,"Kindergarten Teachers, Except Special Education",1.B.1.g,First Interest High-Point,IH,Occupational Interest High-Point,4.00,02/2026,Machine Learning/Expert
25-2012.00,"Kindergarten Teachers, Except Special Education",1.B.1.h,Second Interest High-Point,IH,Occupational Interest High-Point,3.00,02/2026,Machine Learning/Expert
25-2012.00,"Kindergarten Teachers, Except Special Education",1.B.1.i,Third Interest High-Point,IH,Occupational Interest High-Point,0.00,02/2026,Machine Learning/Expert
25-2021.00,"Elementary School Teachers, Except Special Education",1.B.1.a,Realistic,OI,Occupational Interests,2.64,02/2026,Machine Learning/Expert
25-2021.00,"Elementary School Teachers, Except Special Education",1.B.1.b,Investigative,OI,Occupational Interests,3.35,02/2026,Machine Learning/Expert
25-2021.00,"Elementary School Teachers, Except Special Education",1.B.1.c,Artistic,OI,Occupational Interests,3.87,02/2026,Machine Learning/Expert
25-2021.00,"Elementary School Teachers, Except Special Education",1.B.1.d,Social,OI,Occupational Interests,7.00,02/2026,Machine Learning/Expert
25-2021.00,"Elementary School Teachers, Except Special Education",1.B.1.e,Enterprising,OI,Occupational Interests,2.57,02/2026,Machine Learning/Expert
25-2021.00,"Elementary School Teachers, Except Special Education",1.B.1.f,Conventional,OI,Occupational Interests,3.78,02/2026,Machine Learning/Expert
25-2021.00,"Elementary School Teachers, Except Special Education",1.B.1.g,First Interest High-Point,IH,Occupational Interest High-Point,4.00,02/2026,Machine Learning/Expert
25-2021.00,"Elementary School Teachers, Except Special Education",1.B.1.h,Second Interest High-Point,IH,Occupational Interest High-Point,0.00,02/2026,Machine Learning/Expert
25-2021.00,"Elementary School Teachers, Except Special Education",1.B.1.i,Third Interest High-Point,IH,Occupational Interest High-Point,0.00,02/2026,Machine Learning/Expert
25-2022.00,"Middle School Teachers, Except Special and Career/Technical Education",1.B.1.a,Realistic,OI,Occupational Interests,2.59,02/2026,Machine Learning/Expert
25-2022.00,"Middle School Teachers, Except Special and Career/Technical Education",1.B.1.b,Investigative,OI,Occupational Interests,3.31,02/2026,Machine Learning/Expert
25-2022.00,"Middle School Teachers, Except Special and Career/Technical Education",1.B.1.c,Artistic,OI,Occupational Interests,4.10,02/2026,Machine Learning/Expert
25-2022.00,"Middle School Teachers, Except Special and Career/Technical Education",1.B.1.d,Social,OI,Occupational Interests,7.00,02/2026,Machine Learning/Expert
25-2022.00,"Middle School Teachers, Except Special and Career/Technical Education",1.B.1.e,Enterprising,OI,Occupational Interests,2.66,02/2026,Machine Learning/Expert
25-2022.00,"Middle School Teachers, Except Special and Career/Technical Education",1.B.1.f,Conventional,OI,Occupational Interests,3.56,02/2026,Machine Learning/Expert
25-2022.00,"Middle School Teachers, Except Special and Career/Technical Education",1.B.1.g,First Interest High-Point,IH,Occupational Interest High-Point,4.00,02/2026,Machine Learning/Expert
25-2022.00,"Middle School Teachers, Except Special and Career/Technical Education",1.B.1.h,Second Interest High-Point,IH,Occupational Interest High-Point,3.00,02/2026,Machine Learning/Expert
25-2022.00,"Middle School Teachers, Except Special and Career/Technical Education",1.B.1.i,Third Interest High-Point,IH,Occupational Interest High-Point,0.00,02/2026,Machine Learning/Expert
25-2023.00,"Career/Technical Education Teachers, Middle School",1.B.1.a,Realistic,OI,Occupational Interests,3.28,02/2026,Machine Learning/Expert
25-2023.00,"Career/Technical Education Teachers, Middle School",1.B.1.b,Investigative,OI,Occupational Interests,3.31,02/2026,Machine Learning/Expert
25-2023.00,"Career/Technical Education Teachers, Middle School",1.B.1.c,Artistic,OI,Occupational Interests,3.38,02/2026,Machine Learning/Expert
25-2023.00,"Career/Technical Education Teachers, Middle School",1.B.1.d,Social,OI,Occupational Interests,7.00,02/2026,Machine Learning/Expert
25-2023.00,"Career/Technical Education Teachers, Middle School",1.B.1.e,Enterprising,OI,Occupational Interests,2.27,02/2026,Machine Learning/Expert
25-2023.00,"Career/Technical Education Teachers, Middle School",1.B.1.f,Conventional,OI,Occupational Interests,3.82,02/2026,Machine Learning/Expert
25-2023.00,"Career/Technical Education Teachers, Middle School",1.B.1.g,First Interest High-Point,IH,Occupational Interest High-Point,4.00,02/2026,Machine Learning/Expert
25-2023.00,"Career/Technical Education Teachers, Middle School",1.B.1.h,Second Interest High-Point,IH,Occupational Interest High-Point,0.00,02/2026,Machine Learning/Expert
25-2023.00,"Career/Technical Education Teachers, Middle School",1.B.1.i,Third Interest High-Point,IH,Occupational Interest High-Point,0.00,02/2026,Machine Learning/Expert
25-2031.00,"Secondary School Teachers, Except Special and Career/Technical Education",1.B.1.a,Realistic,OI,Occupational Interests,2.73,02/2026,Machine Learning/Expert
25-2031.00,"Secondary School Teachers, Except Special and Career/Technical Education",1.B.1.b,Investigative,OI,Occupational Interests,3.19,02/2026,Machine Learning/Expert
25-2031.00,"Secondary School Teachers, Except Special and Career/Technical Education",1.B.1.c,Artistic,OI,Occupational Interests,3.77,02/2026,Machine Learning/Expert
25-2031.00,"Secondary School Teachers, Except Special and Career/Technical Education",1.B.1.d,Social,OI,Occupational Interests,7.00,02/2026,Machine Learning/Expert
25-2031.00,"Secondary School Teachers, Except Special and Career/Technical Education",1.B.1.e,Enterprising,OI,Occupational Interests,2.90,02/2026,Machine Learning/Expert
25-2031.00,"Secondary School Teachers, Except Special and Career/Technical Education",1.B.1.f,Conventional,OI,Occupational Interests,3.61,02/2026,Machine Learning/Expert
25-2031.00,"Secondary School Teachers, Except Special and Career/Technical Education",1.B.1.g,First Interest High-Point,IH,Occupational Interest High-Point,4.00,02/2026,Machine Learning/Expert
25-2031.00,"Secondary School Teachers, Except Special and Career/Technical Education",1.B.1.h,Second Interest High-Point,IH,Occupational Interest High-Point,0.00,02/2026,Machine Learning/Expert
25-2031.00,"Secondary School Teachers, Except Special and Career/Technical Education",1.B.1.i,Third Interest High-Point,IH,Occupational Interest High-Point,0.00,02/2026,Machine Learning/Expert
25-2032.00,"Career/Technical Education Teachers, Secondary School",1.B.1.a,Realistic,OI,Occupational Interests,2.86,02/2026,Machine Learning/Expert
25-2032.00,"Career/Technical Education Teachers, Secondary School",1.B.1.b,Investigative,OI,Occupational Interests,3.38,02/2026,Machine Learning/Expert
25-2032.00,"Career/Technical Education Teachers, Secondary School",1.B.1.c,Artistic,OI,Occupational Interests,3.46,02/2026,Machine Learning/Expert
25-2032.00,"Career/Technical Education Teachers, Secondary School",1.B.1.d,Social,OI,Occupational Interests,7.00,02/2026,Machine Learning/Expert
25-2032.00,"Career/Technical Education Teachers, Secondary School",1.B.1.e,Enterprising,OI,Occupational Interests,2.52,02/2026,Machine Learning/Expert
25-2032.00,"Career/Technical Education Teachers, Secondary School",1.B.1.f,Conventional,OI,Occupational Interests,3.92,02/2026,Machine Learning/Expert
25-2032.00,"Career/Technical Education Teachers, Secondary School",1.B.1.g,First Interest High-Point,IH,Occupational Interest High-Point,4.00,02/2026,Machine Learning/Expert
25-2032.00,"Career/Technical Education Teachers, Secondary School",1.B.1.h,Second Interest High-Point,IH,Occupational Interest High-Point,0.00,02/2026,Machine Learning/Expert
25-2032.00,"Career/Technical Education Teachers, Secondary School",1.B.1.i,Third Interest High-Point,IH,Occupational Interest High-Point,0.00,02/2026,Machine Learning/Expert
25-2051.00,"Special Education Teachers, Preschool",1.B.1.a,Realistic,OI,Occupational Interests,2.70,02/2026,Machine Learning/Expert
25-2051.00,"Special Education Teachers, Preschool",1.B.1.b,Investigative,OI,Occupational Interests,3.49,02/2026,Machine Learning/Expert
25-2051.00,"Special Education Teachers, Preschool",1.B.1.c,Artistic,OI,Occupational Interests,3.98,02/2026,Machine Learning/Expert
25-2051.00,"Special Education Teachers, Preschool",1.B.1.d,Social,OI,Occupational Interests,7.00,02/2026,Machine Learning/Expert
25-2051.00,"Special Education Teachers, Preschool",1.B.1.e,Enterprising,OI,Occupational Interests,1.70,02/2026,Machine Learning/Expert
25-2051.00,"Special Education Teachers, Preschool",1.B.1.f,Conventional,OI,Occupational Interests,3.18,02/2026,Machine Learning/Expert
25-2051.00,"Special Education Teachers, Preschool",1.B.1.g,First Interest High-Point,IH,Occupational Interest High-Point,4.00,02/2026,Machine Learning/Expert
25-2051.00,"Special Education Teachers, Preschool",1.B.1.h,Second Interest High-Point,IH,Occupational Interest High-Point,3.00,02/2026,Machine Learning/Expert
25-2051.00,"Special Education Teachers, Preschool",1.B.1.i,Third Interest High-Point,IH,Occupational Interest High-Point,0.00,02/2026,Machine Learning/Expert
25-2055.00,"Special Education Teachers, Kindergarten",1.B.1.a,Realistic,OI,Occupational Interests,2.55,02/2026,Machine Learning/Expert
25-2055.00,"Special Education Teachers, Kindergarten",1.B.1.b,Investigative,OI,Occupational Interests,3.80,02/2026,Machine Learning/Expert
25-2055.00,"Special Education Teachers, Kindergarten",1.B.1.c,Artistic,OI,Occupational Interests,3.65,02/2026,Machine Learning/Expert
25-2055.00,"Special Education Teachers, Kindergarten",1.B.1.d,Social,OI,Occupational Interests,7.00,02/2026,Machine Learning/Expert
25-2055.00,"Special Education Teachers, Kindergarten",1.B.1.e,Enterprising,OI,Occupational Interests,1.73,02/2026,Machine Learning/Expert
25-2055.00,"Special Education Teachers, Kindergarten",1.B.1.f,Conventional,OI,Occupational Interests,3.67,02/2026,Machine Learning/Expert
25-2055.00,"Special Education Teachers, Kindergarten",1.B.1.g,First Interest High-Point,IH,Occupational Interest High-Point,4.00,02/2026,Machine Learning/Expert
25-2055.00,"Special Education Teachers, Kindergarten",1.B.1.h,Second Interest High-Point,IH,Occupational Interest High-Point,0.00,02/2026,Machine Learning/Expert
25-2055.00,"Special Education Teachers, Kindergarten",1.B.1.i,Third Interest High-Point,IH,Occupational Interest High-Point,0.00,02/2026,Machine Learning/Expert
25-2056.00,"Special Education Teachers, Elementary School",1.B.1.a,Realistic,OI,Occupational Interests,2.27,02/2026,Machine Learning/Expert
25-2056.00,"Special Education Teachers, Elementary School",1.B.1.b,Investigative,OI,Occupational Interests,3.94,02/2026,Machine Learning/Expert
25-2056.00,"Special Education Teachers, Elementary School",1.B.1.c,Artistic,OI,Occupational Interests,3.65,02/2026,Machine Learning/Expert
25-2056.00,"Special Education Teachers, Elementary School",1.B.1.d,Social,OI,Occupational Interests,7.00,02/2026,Machine Learning/Expert
25-2056.00,"Special Education Teachers, Elementary School",1.B.1.e,Enterprising,OI,Occupational Interests,1.77,02/2026,Machine Learning/Expert
25-2056.00,"Special Education Teachers, Elementary School",1.B.1.f,Conventional,OI,Occupational Interests,3.48,02/2026,Machine Learning/Expert
25-2056.00,"Special Education Teachers, Elementary School",1.B.1.g,First Interest High-Point,IH,Occupational Interest High-Point,4.00,02/2026,Machine Learning/Expert
25-2056.00,"Special Education Teachers, Elementary School",1.B.1.h,Second Interest High-Point,IH,Occupational Interest High-Point,2.00,02/2026,Machine Learning/Expert
25-2056.00,"Special Education Teachers, Elementary School",1.B.1.i,Third Interest High-Point,IH,Occupational Interest High-Point,0.00,02/2026,Machine Learning/Expert
25-2057.00,"Special Education Teachers, Middle School",1.B.1.a,Realistic,OI,Occupational Interests,2.32,02/2026,Machine Learning/Expert
25-2057.00,"Special Education Teachers, Middle School",1.B.1.b,Investigative,OI,Occupational Interests,3.92,02/2026,Machine Learning/Expert
25-2057.00,"Special Education Teachers, Middle School",1.B.1.c,Artistic,OI,Occupational Interests,3.96,02/2026,Machine Learning/Expert
25-2057.00,"Special Education Teachers, Middle School",1.B.1.d,Social,OI,Occupational Interests,7.00,02/2026,Machine Learning/Expert
25-2057.00,"Special Education Teachers, Middle School",1.B.1.e,Enterprising,OI,Occupational Interests,1.80,02/2026,Machine Learning/Expert
25-2057.00,"Special Education Teachers, Middle School",1.B.1.f,Conventional,OI,Occupational Interests,3.30,02/2026,Machine Learning/Expert
25-2057.00,"Special Education Teachers, Middle School",1.B.1.g,First Interest High-Point,IH,Occupational Interest High-Point,4.00,02/2026,Machine Learning/Expert
25-2057.00,"Special Education Teachers, Middle School",1.B.1.h,Second Interest High-Point,IH,Occupational Interest High-Point,3.00,02/2026,Machine Learning/Expert
25-2057.00,"Special Education Teachers, Middle School",1.B.1.i,Third Interest High-Point,IH,Occupational Interest High-Point,2.00,02/2026,Machine Learning/Expert
25-2058.00,"Special Education Teachers, Secondary School",1.B.1.a,Realistic,OI,Occupational Interests,2.39,02/2026,Machine Learning/Expert
25-2058.00,"Special Education Teachers, Secondary School",1.B.1.b,Investigative,OI,Occupational Interests,3.81,02/2026,Machine Learning/Expert
25-2058.00,"Special Education Teachers, Secondary School",1.B.1.c,Artistic,OI,Occupational Interests,3.76,02/2026,Machine Learning/Expert
25-2058.00,"Special Education Teachers, Secondary School",1.B.1.d,Social,OI,Occupational Interests,7.00,02/2026,Machine Learning/Expert
25-2058.00,"Special Education Teachers, Secondary School",1.B.1.e,Enterprising,OI,Occupational Interests,1.93,02/2026,Machine Learning/Expert
25-2058.00,"Special Education Teachers, Secondary School",1.B.1.f,Conventional,OI,Occupational Interests,3.52,02/2026,Machine Learning/Expert
25-2058.00,"Special Education Teachers, Secondary School",1.B.1.g,First Interest High-Point,IH,Occupational Interest High-Point,4.00,02/2026,Machine Learning/Expert
25-2058.00,"Special Education Teachers, Secondary School",1.B.1.h,Second Interest High-Point,IH,Occupational Interest High-Point,2.00,02/2026,Machine Learning/Expert
25-2058.00,"Special Education Teachers, Secondary School",1.B.1.i,Third Interest High-Point,IH,Occupational Interest High-Point,0.00,02/2026,Machine Learning/Expert
25-2059.01,Adapted Physical Education Specialists,1.B.1.a,Realistic,OI,Occupational Interests,4.12,02/2026,Machine Learning/Expert
25-2059.01,Adapted Physical Education Specialists,1.B.1.b,Investigative,OI,Occupational Interests,3.65,02/2026,Machine Learning/Expert
25-2059.01,Adapted Physical Education Specialists,1.B.1.c,Artistic,OI,Occupational Interests,2.46,02/2026,Machine Learning/Expert
25-2059.01,Adapted Physical Education Specialists,1.B.1.d,Social,OI,Occupational Interests,7.00,02/2026,Machine Learning/Expert
25-2059.01,Adapted Physical Education Specialists,1.B.1.e,Enterprising,OI,Occupational Interests,1.88,02/2026,Machine Learning/Expert
25-2059.01,Adapted Physical Education Specialists,1.B.1.f,Conventional,OI,Occupational Interests,4.17,02/2026,Machine Learning/Expert
25-2059.01,Adapted Physical Education Specialists,1.B.1.g,First Interest High-Point,IH,Occupational Interest High-Point,4.00,02/2026,Machine Learning/Expert
25-2059.01,Adapted Physical Education Specialists,1.B.1.h,Second Interest High-Point,IH,Occupational Interest High-Point,6.00,02/2026,Machine Learning/Expert
25-2059.01,Adapted Physical Education Specialists,1.B.1.i,Third Interest High-Point,IH,Occupational Interest High-Point,1.00,02/2026,Machine Learning/Expert
25-3011.00,"Adult Basic Education, Adult Secondary Education, and English as a Second Language Instructors",1.B.1.a,Realistic,OI,Occupational Interests,2.32,02/2026,Machine Learning/Expert
25-3011.00,"Adult Basic Education, Adult Secondary Education, and English as a Second Language Instructors",1.B.1.b,Investigative,OI,Occupational Interests,3.14,02/2026,Machine Learning/Expert
25-3011.00,"Adult Basic Education, Adult Secondary Education, and English as a Second Language Instructors",1.B.1.c,Artistic,OI,Occupational Interests,3.91,02/2026,Machine Learning/Expert
25-3011.00,"Adult Basic Education, Adult Secondary Education, and English as a Second Language Instructors",1.B.1.d,Social,OI,Occupational Interests,7.00,02/2026,Machine Learning/Expert
25-3011.00,"Adult Basic Education, Adult Secondary Education, and English as a Second Language Instructors",1.B.1.e,Enterprising,OI,Occupational Interests,2.85,02/2026,Machine Learning/Expert
25-3011.00,"Adult Basic Education, Adult Secondary Education, and English as a Second Language Instructors",1.B.1.f,Conventional,OI,Occupational Interests,3.38,02/2026,Machine Learning/Expert
25-3011.00,"Adult Basic Education, Adult Secondary Education, and English as a Second Language Instructors",1.B.1.g,First Interest High-Point,IH,Occupational Interest High-Point,4.00,02/2026,Machine Learning/Expert
25-3011.00,"Adult Basic Education, Adult Secondary Education, and English as a Second Language Instructors",1.B.1.h,Second Interest High-Point,IH,Occupational Interest High-Point,3.00,02/2026,Machine Learning/Expert
25-3011.00,"Adult Basic Education, Adult Secondary Education, and English as a Second Language Instructors",1.B.1.i,Third Interest High-Point,IH,Occupational Interest High-Point,0.00,02/2026,Machine Learning/Expert
25-3021.00,Self-Enrichment Teachers,1.B.1.a,Realistic,OI,Occupational Interests,2.51,02/2026,Machine Learning/Expert
25-3021.00,Self-Enrichment Teachers,1.B.1.b,Investigative,OI,Occupational Interests,2.97,02/2026,Machine Learning/Expert
25-3021.00,Self-Enrichment Teachers,1.B.1.c,Artistic,OI,Occupational Interests,4.18,02/2026,Machine Learning/Expert
25-3021.00,Self-Enrichment Teachers,1.B.1.d,Social,OI,Occupational Interests,7.00,02/2026,Machine Learning/Expert
25-3021.00,Self-Enrichment Teachers,1.B.1.e,Enterprising,OI,Occupational Interests,3.20,02/2026,Machine Learning/Expert
25-3021.00,Self-Enrichment Teachers,1.B.1.f,Conventional,OI,Occupational Interests,3.08,02/2026,Machine Learning/Expert
25-3021.00,Self-Enrichment Teachers,1.B.1.g,First Interest High-Point,IH,Occupational Interest High-Point,4.00,02/2026,Machine Learning/Expert
25-3021.00,Self-Enrichment Teachers,1.B.1.h,Second Interest High-Point,IH,Occupational Interest High-Point,3.00,02/2026,Machine Learning/Expert
25-3021.00,Self-Enrichment Teachers,1.B.1.i,Third Interest High-Point,IH,Occupational Interest High-Point,0.00,02/2026,Machine Learning/Expert
25-3031.00,"Substitute Teachers, Short-Term",1.B.1.a,Realistic,OI,Occupational Interests,2.19,02/2026,Machine Learning/Expert
25-3031.00,"Substitute Teachers, Short-Term",1.B.1.b,Investigative,OI,Occupational Interests,2.52,02/2026,Machine Learning/Expert
25-3031.00,"Substitute Teachers, Short-Term",1.B.1.c,Artistic,OI,Occupational Interests,3.43,02/2026,Machine Learning/Expert
25-3031.00,"Substitute Teachers, Short-Term",1.B.1.d,Social,OI,Occupational Interests,6.73,02/2026,Machine Learning/Expert
25-3031.00,"Substitute Teachers, Short-Term",1.B.1.e,Enterprising,OI,Occupational Interests,2.45,02/2026,Machine Learning/Expert
25-3031.00,"Substitute Teachers, Short-Term",1.B.1.f,Conventional,OI,Occupational Interests,3.65,02/2026,Machine Learning/Expert
25-3031.00,"Substitute Teachers, Short-Term",1.B.1.g,First Interest High-Point,IH,Occupational Interest High-Point,4.00,02/2026,Machine Learning/Expert
25-3031.00,"Substitute Teachers, Short-Term",1.B.1.h,Second Interest High-Point,IH,Occupational Interest High-Point,6.00,02/2026,Machine Learning/Expert
25-3031.00,"Substitute Teachers, Short-Term",1.B.1.i,Third Interest High-Point,IH,Occupational Interest High-Point,0.00,02/2026,Machine Learning/Expert
25-3041.00,Tutors,1.B.1.a,Realistic,OI,Occupational Interests,2.28,02/2026,Machine Learning/Expert
25-3041.00,Tutors,1.B.1.b,Investigative,OI,Occupational Interests,2.85,02/2026,Machine Learning/Expert
25-3041.00,Tutors,1.B.1.c,Artistic,OI,Occupational Interests,3.07,02/2026,Machine Learning/Expert
25-3041.00,Tutors,1.B.1.d,Social,OI,Occupational Interests,6.75,02/2026,Machine Learning/Expert
25-3041.00,Tutors,1.B.1.e,Enterprising,OI,Occupational Interests,1.74,02/2026,Machine Learning/Expert
25-3041.00,Tutors,1.B.1.f,Conventional,OI,Occupational Interests,3.35,02/2026,Machine Learning/Expert
25-3041.00,Tutors,1.B.1.g,First Interest High-Point,IH,Occupational Interest High-Point,4.00,02/2026,Machine Learning/Expert
25-3041.00,Tutors,1.B.1.h,Second Interest High-Point,IH,Occupational Interest High-Point,0.00,02/2026,Machine Learning/Expert
25-3041.00,Tutors,1.B.1.i,Third Interest High-Point,IH,Occupational Interest High-Point,0.00,02/2026,Machine Learning/Expert
25-4011.00,Archivists,1.B.1.a,Realistic,OI,Occupational Interests,2.88,02/2026,Machine Learning/Expert
25-4011.00,Archivists,1.B.1.b,Investigative,OI,Occupational Interests,4.72,02/2026,Machine Learning/Expert
25-4011.00,Archivists,1.B.1.c,Artistic,OI,Occupational Interests,2.89,02/2026,Machine Learning/Expert
25-4011.00,Archivists,1.B.1.d,Social,OI,Occupational Interests,2.96,02/2026,Machine Learning/Expert
25-4011.00,Archivists,1.B.1.e,Enterprising,OI,Occupational Interests,1.83,02/2026,Machine Learning/Expert
25-4011.00,Archivists,1.B.1.f,Conventional,OI,Occupational Interests,5.97,02/2026,Machine Learning/Expert
25-4011.00,Archivists,1.B.1.g,First Interest High-Point,IH,Occupational Interest High-Point,6.00,02/2026,Machine Learning/Expert
25-4011.00,Archivists,1.B.1.h,Second Interest High-Point,IH,Occupational Interest High-Point,2.00,02/2026,Machine Learning/Expert
25-4011.00,Archivists,1.B.1.i,Third Interest High-Point,IH,Occupational Interest High-Point,0.00,02/2026,Machine Learning/Expert
25-4012.00,Curators,1.B.1.a,Realistic,OI,Occupational Interests,2.47,02/2026,Machine Learning/Expert
25-4012.00,Curators,1.B.1.b,Investigative,OI,Occupational Interests,3.43,02/2026,Machine Learning/Expert
25-4012.00,Curators,1.B.1.c,Artistic,OI,Occupational Interests,2.98,02/2026,Machine Learning/Expert
25-4012.00,Curators,1.B.1.d,Social,OI,Occupational Interests,3.82,02/2026,Machine Learning/Expert
25-4012.00,Curators,1.B.1.e,Enterprising,OI,Occupational Interests,3.84,02/2026,Machine Learning/Expert
25-4012.00,Curators,1.B.1.f,Conventional,OI,Occupational Interests,5.36,02/2026,Machine Learning/Expert
25-4012.00,Curators,1.B.1.g,First Interest High-Point,IH,Occupational Interest High-Point,6.00,02/2026,Machine Learning/Expert
25-4012.00,Curators,1.B.1.h,Second Interest High-Point,IH,Occupational Interest High-Point,5.00,02/2026,Machine Learning/Expert
25-4012.00,Curators,1.B.1.i,Third Interest High-Point,IH,Occupational Interest High-Point,4.00,02/2026,Machine Learning/Expert
25-4013.00,Museum Technicians and Conservators,1.B.1.a,Realistic,OI,Occupational Interests,5.67,02/2026,Machine Learning/Expert
25-4013.00,Museum Technicians and Conservators,1.B.1.b,Investigative,OI,Occupational Interests,3.21,02/2026,Machine Learning/Expert
25-4013.00,Museum Technicians and Conservators,1.B.1.c,Artistic,OI,Occupational Interests,3.14,02/2026,Machine Learning/Expert
25-4013.00,Museum Technicians and Conservators,1.B.1.d,Social,OI,Occupational Interests,2.64,02/2026,Machine Learning/Expert
25-4013.00,Museum Technicians and Conservators,1.B.1.e,Enterprising,OI,Occupational Interests,1.51,02/2026,Machine Learning/Expert
25-4013.00,Museum Technicians and Conservators,1.B.1.f,Conventional,OI,Occupational Interests,4.58,02/2026,Machine Learning/Expert
25-4013.00,Museum Technicians and Conservators,1.B.1.g,First Interest High-Point,IH,Occupational Interest High-Point,1.00,02/2026,Machine Learning/Expert
25-4013.00,Museum Technicians and Conservators,1.B.1.h,Second Interest High-Point,IH,Occupational Interest High-Point,6.00,02/2026,Machine Learning/Expert
25-4013.00,Museum Technicians and Conservators,1.B.1.i,Third Interest High-Point,IH,Occupational Interest High-Point,0.00,02/2026,Machine Learning/Expert
25-4022.00,Librarians and Media Collections Specialists,1.B.1.a,Realistic,OI,Occupational Interests,2.32,02/2026,Machine Learning/Expert
25-4022.00,Librarians and Media Collections Specialists,1.B.1.b,Investigative,OI,Occupational Interests,3.63,02/2026,Machine Learning/Expert
25-4022.00,Librarians and Media Collections Specialists,1.B.1.c,Artistic,OI,Occupational Interests,2.65,02/2026,Machine Learning/Expert
25-4022.00,Librarians and Media Collections Specialists,1.B.1.d,Social,OI,Occupational Interests,4.04,02/2026,Machine Learning/Expert
25-4022.00,Librarians and Media Collections Specialists,1.B.1.e,Enterprising,OI,Occupational Interests,2.75,02/2026,Machine Learning/Expert
25-4022.00,Librarians and Media Collections Specialists,1.B.1.f,Conventional,OI,Occupational Interests,5.83,02/2026,Machine Learning/Expert
25-4022.00,Librarians and Media Collections Specialists,1.B.1.g,First Interest High-Point,IH,Occupational Interest High-Point,6.00,02/2026,Machine Learning/Expert
25-4022.00,Librarians and Media Collections Specialists,1.B.1.h,Second Interest High-Point,IH,Occupational Interest High-Point,4.00,02/2026,Machine Learning/Expert
25-4022.00,Librarians and Media Collections Specialists,1.B.1.i,Third Interest High-Point,IH,Occupational Interest High-Point,2.00,02/2026,Machine Learning/Expert
25-4031.00,Library Technicians,1.B.1.a,Realistic,OI,Occupational Interests,3.08,02/2026,Machine Learning/Expert
25-4031.00,Library Technicians,1.B.1.b,Investigative,OI,Occupational Interests,2.70,02/2026,Machine Learning/Expert
25-4031.00,Library Technicians,1.B.1.c,Artistic,OI,Occupational Interests,1.59,02/2026,Machine Learning/Expert
25-4031.00,Library Technicians,1.B.1.d,Social,OI,Occupational Interests,4.07,02/2026,Machine Learning/Expert
25-4031.00,Library Technicians,1.B.1.e,Enterprising,OI,Occupational Interests,1.88,02/2026,Machine Learning/Expert
25-4031.00,Library Technicians,1.B.1.f,Conventional,OI,Occupational Interests,6.52,02/2026,Machine Learning/Expert
25-4031.00,Library Technicians,1.B.1.g,First Interest High-Point,IH,Occupational Interest High-Point,6.00,02/2026,Machine Learning/Expert
25-4031.00,Library Technicians,1.B.1.h,Second Interest High-Point,IH,Occupational Interest High-Point,4.00,02/2026,Machine Learning/Expert
25-4031.00,Library Technicians,1.B.1.i,Third Interest High-Point,IH,Occupational Interest High-Point,0.00,02/2026,Machine Learning/Expert
25-9021.00,Farm and Home Management Educators,1.B.1.a,Realistic,OI,Occupational Interests,3.96,02/2026,Machine Learning/Expert
25-9021.00,Farm and Home Management Educators,1.B.1.b,Investigative,OI,Occupational Interests,4.28,02/2026,Machine Learning/Expert
25-9021.00,Farm and Home Management Educators,1.B.1.c,Artistic,OI,Occupational Interests,2.31,02/2026,Machine Learning/Expert
25-9021.00,Farm and Home Management Educators,1.B.1.d,Social,OI,Occupational Interests,4.83,02/2026,Machine Learning/Expert
25-9021.00,Farm and Home Management Educators,1.B.1.e,Enterprising,OI,Occupational Interests,3.49,02/2026,Machine Learning/Expert
25-9021.00,Farm and Home Management Educators,1.B.1.f,Conventional,OI,Occupational Interests,3.18,02/2026,Machine Learning/Expert
25-9021.00,Farm and Home Management Educators,1.B.1.g,First Interest High-Point,IH,Occupational Interest High-Point,4.00,02/2026,Machine Learning/Expert
25-9021.00,Farm and Home Management Educators,1.B.1.h,Second Interest High-Point,IH,Occupational Interest High-Point,2.00,02/2026,Machine Learning/Expert
25-9021.00,Farm and Home Management Educators,1.B.1.i,Third Interest High-Point,IH,Occupational Interest High-Point,1.00,02/2026,Machine Learning/Expert
25-9031.00,Instructional Coordinators,1.B.1.a,Realistic,OI,Occupational Interests,1.62,02/2026,Machine Learning/Expert
25-9031.00,Instructional Coordinators,1.B.1.b,Investigative,OI,Occupational Interests,4.04,02/2026,Machine Learning/Expert
25-9031.00,Instructional Coordinators,1.B.1.c,Artistic,OI,Occupational Interests,3.56,02/2026,Machine Learning/Expert
25-9031.00,Instructional Coordinators,1.B.1.d,Social,OI,Occupational Interests,6.16,02/2026,Machine Learning/Expert
25-9031.00,Instructional Coordinators,1.B.1.e,Enterprising,OI,Occupational Interests,4.26,02/2026,Machine Learning/Expert
25-9031.00,Instructional Coordinators,1.B.1.f,Conventional,OI,Occupational Interests,3.98,02/2026,Machine Learning/Expert
25-9031.00,Instructional Coordinators,1.B.1.g,First Interest High-Point,IH,Occupational Interest High-Point,4.00,02/2026,Machine Learning/Expert
25-9031.00,Instructional Coordinators,1.B.1.h,Second Interest High-Point,IH,Occupational Interest High-Point,5.00,02/2026,Machine Learning/Expert
25-9031.00,Instructional Coordinators,1.B.1.i,Third Interest High-Point,IH,Occupational Interest High-Point,2.00,02/2026,Machine Learning/Expert
25-9042.00,"Teaching Assistants, Preschool, Elementary, Middle, and Secondary School, Except Special Education",1.B.1.a,Realistic,OI,Occupational Interests,2.55,02/2026,Machine Learning/Expert
25-9042.00,"Teaching Assistants, Preschool, Elementary, Middle, and Secondary School, Except Special Education",1.B.1.b,Investigative,OI,Occupational Interests,2.30,02/2026,Machine Learning/Expert
25-9042.00,"Teaching Assistants, Preschool, Elementary, Middle, and Secondary School, Except Special Education",1.B.1.c,Artistic,OI,Occupational Interests,2.78,02/2026,Machine Learning/Expert
25-9042.00,"Teaching Assistants, Preschool, Elementary, Middle, and Secondary School, Except Special Education",1.B.1.d,Social,OI,Occupational Interests,6.52,02/2026,Machine Learning/Expert
25-9042.00,"Teaching Assistants, Preschool, Elementary, Middle, and Secondary School, Except Special Education",1.B.1.e,Enterprising,OI,Occupational Interests,2.98,02/2026,Machine Learning/Expert
25-9042.00,"Teaching Assistants, Preschool, Elementary, Middle, and Secondary School, Except Special Education",1.B.1.f,Conventional,OI,Occupational Interests,4.25,02/2026,Machine Learning/Expert
25-9042.00,"Teaching Assistants, Preschool, Elementary, Middle, and Secondary School, Except Special Education",1.B.1.g,First Interest High-Point,IH,Occupational Interest High-Point,4.00,02/2026,Machine Learning/Expert
25-9042.00,"Teaching Assistants, Preschool, Elementary, Middle, and Secondary School, Except Special Education",1.B.1.h,Second Interest High-Point,IH,Occupational Interest High-Point,6.00,02/2026,Machine Learning/Expert
25-9042.00,"Teaching Assistants, Preschool, Elementary, Middle, and Secondary School, Except Special Education",1.B.1.i,Third Interest High-Point,IH,Occupational Interest High-Point,0.00,02/2026,Machine Learning/Expert
25-9043.00,"Teaching Assistants, Special Education",1.B.1.a,Realistic,OI,Occupational Interests,1.98,02/2026,Machine Learning/Expert
25-9043.00,"Teaching Assistants, Special Education",1.B.1.b,Investigative,OI,Occupational Interests,3.29,02/2026,Machine Learning/Expert
25-9043.00,"Teaching Assistants, Special Education",1.B.1.c,Artistic,OI,Occupational Interests,3.34,02/2026,Machine Learning/Expert
25-9043.00,"Teaching Assistants, Special Education",1.B.1.d,Social,OI,Occupational Interests,7.00,02/2026,Machine Learning/Expert
25-9043.00,"Teaching Assistants, Special Education",1.B.1.e,Enterprising,OI,Occupational Interests,2.14,02/2026,Machine Learning/Expert
25-9043.00,"Teaching Assistants, Special Education",1.B.1.f,Conventional,OI,Occupational Interests,3.57,02/2026,Machine Learning/Expert
25-9043.00,"Teaching Assistants, Special Education",1.B.1.g,First Interest High-Point,IH,Occupational Interest High-Point,4.00,02/2026,Machine Learning/Expert
25-9043.00,"Teaching Assistants, Special Education",1.B.1.h,Second Interest High-Point,IH,Occupational Interest High-Point,0.00,02/2026,Machine Learning/Expert
25-9043.00,"Teaching Assistants, Special Education",1.B.1.i,Third Interest High-Point,IH,Occupational Interest High-Point,0.00,02/2026,Machine Learning/Expert
25-9044.00,"Teaching Assistants, Postsecondary",1.B.1.a,Realistic,OI,Occupational Interests,2.15,02/2026,Machine Learning/Expert
25-9044.00,"Teaching Assistants, Postsecondary",1.B.1.b,Investigative,OI,Occupational Interests,3.13,02/2026,Machine Learning/Expert
25-9044.00,"Teaching Assistants, Postsecondary",1.B.1.c,Artistic,OI,Occupational Interests,2.01,02/2026,Machine Learning/Expert
25-9044.00,"Teaching Assistants, Postsecondary",1.B.1.d,Social,OI,Occupational Interests,6.53,02/2026,Machine Learning/Expert
25-9044.00,"Teaching Assistants, Postsecondary",1.B.1.e,Enterprising,OI,Occupational Interests,2.79,02/2026,Machine Learning/Expert
25-9044.00,"Teaching Assistants, Postsecondary",1.B.1.f,Conventional,OI,Occupational Interests,4.99,02/2026,Machine Learning/Expert
25-9044.00,"Teaching Assistants, Postsecondary",1.B.1.g,First Interest High-Point,IH,Occupational Interest High-Point,4.00,02/2026,Machine Learning/Expert
25-9044.00,"Teaching Assistants, Postsecondary",1.B.1.h,Second Interest High-Point,IH,Occupational Interest High-Point,6.00,02/2026,Machine Learning/Expert
25-9044.00,"Teaching Assistants, Postsecondary",1.B.1.i,Third Interest High-Point,IH,Occupational Interest High-Point,0.00,02/2026,Machine Learning/Expert
27-1011.00,Art Directors,1.B.1.a,Realistic,OI,Occupational Interests,2.95,02/2026,Machine Learning/Expert
27-1011.00,Art Directors,1.B.1.b,Investigative,OI,Occupational Interests,2.69,02/2026,Machine Learning/Expert
27-1011.00,Art Directors,1.B.1.c,Artistic,OI,Occupational Interests,7.00,02/2026,Machine Learning/Expert
27-1011.00,Art Directors,1.B.1.d,Social,OI,Occupational Interests,2.88,02/2026,Machine Learning/Expert
27-1011.00,Art Directors,1.B.1.e,Enterprising,OI,Occupational Interests,5.24,02/2026,Machine Learning/Expert
27-1011.00,Art Directors,1.B.1.f,Conventional,OI,Occupational Interests,3.60,02/2026,Machine Learning/Expert
27-1011.00,Art Directors,1.B.1.g,First Interest High-Point,IH,Occupational Interest High-Point,3.00,02/2026,Machine Learning/Expert
27-1011.00,Art Directors,1.B.1.h,Second Interest High-Point,IH,Occupational Interest High-Point,5.00,02/2026,Machine Learning/Expert
27-1011.00,Art Directors,1.B.1.i,Third Interest High-Point,IH,Occupational Interest High-Point,0.00,02/2026,Machine Learning/Expert
27-1012.00,Craft Artists,1.B.1.a,Realistic,OI,Occupational Interests,5.89,02/2026,Machine Learning/Expert
27-1012.00,Craft Artists,1.B.1.b,Investigative,OI,Occupational Interests,1.85,02/2026,Machine Learning/Expert
27-1012.00,Craft Artists,1.B.1.c,Artistic,OI,Occupational Interests,5.93,02/2026,Machine Learning/Expert
27-1012.00,Craft Artists,1.B.1.d,Social,OI,Occupational Interests,1.68,02/2026,Machine Learning/Expert
27-1012.00,Craft Artists,1.B.1.e,Enterprising,OI,Occupational Interests,2.86,02/2026,Machine Learning/Expert
27-1012.00,Craft Artists,1.B.1.f,Conventional,OI,Occupational Interests,2.66,02/2026,Machine Learning/Expert
27-1012.00,Craft Artists,1.B.1.g,First Interest High-Point,IH,Occupational Interest High-Point,3.00,02/2026,Machine Learning/Expert
27-1012.00,Craft Artists,1.B.1.h,Second Interest High-Point,IH,Occupational Interest High-Point,1.00,02/2026,Machine Learning/Expert
27-1012.00,Craft Artists,1.B.1.i,Third Interest High-Point,IH,Occupational Interest High-Point,0.00,02/2026,Machine Learning/Expert
27-1013.00,"Fine Artists, Including Painters, Sculptors, and Illustrators",1.B.1.a,Realistic,OI,Occupational Interests,4.05,02/2026,Machine Learning/Expert
27-1013.00,"Fine Artists, Including Painters, Sculptors, and Illustrators",1.B.1.b,Investigative,OI,Occupational Interests,2.68,02/2026,Machine Learning/Expert
27-1013.00,"Fine Artists, Including Painters, Sculptors, and Illustrators",1.B.1.c,Artistic,OI,Occupational Interests,7.00,02/2026,Machine Learning/Expert
27-1013.00,"Fine Artists, Including Painters, Sculptors, and Illustrators",1.B.1.d,Social,OI,Occupational Interests,2.28,02/2026,Machine Learning/Expert
27-1013.00,"Fine Artists, Including Painters, Sculptors, and Illustrators",1.B.1.e,Enterprising,OI,Occupational Interests,2.37,02/2026,Machine Learning/Expert
27-1013.00,"Fine Artists, Including Painters, Sculptors, and Illustrators",1.B.1.f,Conventional,OI,Occupational Interests,2.34,02/2026,Machine Learning/Expert
27-1013.00,"Fine Artists, Including Painters, Sculptors, and Illustrators",1.B.1.g,First Interest High-Point,IH,Occupational Interest High-Point,3.00,02/2026,Machine Learning/Expert
27-1013.00,"Fine Artists, Including Painters, Sculptors, and Illustrators",1.B.1.h,Second Interest High-Point,IH,Occupational Interest High-Point,1.00,02/2026,Machine Learning/Expert
27-1013.00,"Fine Artists, Including Painters, Sculptors, and Illustrators",1.B.1.i,Third Interest High-Point,IH,Occupational Interest High-Point,0.00,02/2026,Machine Learning/Expert
27-1014.00,Special Effects Artists and Animators,1.B.1.a,Realistic,OI,Occupational Interests,3.71,02/2026,Machine Learning/Expert
27-1014.00,Special Effects Artists and Animators,1.B.1.b,Investigative,OI,Occupational Interests,2.77,02/2026,Machine Learning/Expert
27-1014.00,Special Effects Artists and Animators,1.B.1.c,Artistic,OI,Occupational Interests,7.00,02/2026,Machine Learning/Expert
27-1014.00,Special Effects Artists and Animators,1.B.1.d,Social,OI,Occupational Interests,2.18,02/2026,Machine Learning/Expert
27-1014.00,Special Effects Artists and Animators,1.B.1.e,Enterprising,OI,Occupational Interests,2.62,02/2026,Machine Learning/Expert
27-1014.00,Special Effects Artists and Animators,1.B.1.f,Conventional,OI,Occupational Interests,3.13,02/2026,Machine Learning/Expert
27-1014.00,Special Effects Artists and Animators,1.B.1.g,First Interest High-Point,IH,Occupational Interest High-Point,3.00,02/2026,Machine Learning/Expert
27-1014.00,Special Effects Artists and Animators,1.B.1.h,Second Interest High-Point,IH,Occupational Interest High-Point,1.00,02/2026,Machine Learning/Expert
27-1014.00,Special Effects Artists and Animators,1.B.1.i,Third Interest High-Point,IH,Occupational Interest High-Point,0.00,02/2026,Machine Learning/Expert
27-1021.00,Commercial and Industrial Designers,1.B.1.a,Realistic,OI,Occupational Interests,4.62,02/2026,Machine Learning/Expert
27-1021.00,Commercial and Industrial Designers,1.B.1.b,Investigative,OI,Occupational Interests,4.06,02/2026,Machine Learning/Expert
27-1021.00,Commercial and Industrial Designers,1.B.1.c,Artistic,OI,Occupational Interests,5.54,02/2026,Machine Learning/Expert
27-1021.00,Commercial and Industrial Designers,1.B.1.d,Social,OI,Occupational Interests,1.84,02/2026,Machine Learning/Expert
27-1021.00,Commercial and Industrial Designers,1.B.1.e,Enterprising,OI,Occupational Interests,3.70,02/2026,Machine Learning/Expert
27-1021.00,Commercial and Industrial Designers,1.B.1.f,Conventional,OI,Occupational Interests,3.47,02/2026,Machine Learning/Expert
27-1021.00,Commercial and Industrial Designers,1.B.1.g,First Interest High-Point,IH,Occupational Interest High-Point,3.00,02/2026,Machine Learning/Expert
27-1021.00,Commercial and Industrial Designers,1.B.1.h,Second Interest High-Point,IH,Occupational Interest High-Point,1.00,02/2026,Machine Learning/Expert
27-1021.00,Commercial and Industrial Designers,1.B.1.i,Third Interest High-Point,IH,Occupational Interest High-Point,2.00,02/2026,Machine Learning/Expert
27-1022.00,Fashion Designers,1.B.1.a,Realistic,OI,Occupational Interests,4.34,02/2026,Machine Learning/Expert
27-1022.00,Fashion Designers,1.B.1.b,Investigative,OI,Occupational Interests,2.17,02/2026,Machine Learning/Expert
27-1022.00,Fashion Designers,1.B.1.c,Artistic,OI,Occupational Interests,7.00,02/2026,Machine Learning/Expert
27-1022.00,Fashion Designers,1.B.1.d,Social,OI,Occupational Interests,2.35,02/2026,Machine Learning/Expert
27-1022.00,Fashion Designers,1.B.1.e,Enterprising,OI,Occupational Interests,3.96,02/2026,Machine Learning/Expert
27-1022.00,Fashion Designers,1.B.1.f,Conventional,OI,Occupational Interests,2.94,02/2026,Machine Learning/Expert
27-1022.00,Fashion Designers,1.B.1.g,First Interest High-Point,IH,Occupational Interest High-Point,3.00,02/2026,Machine Learning/Expert
27-1022.00,Fashion Designers,1.B.1.h,Second Interest High-Point,IH,Occupational Interest High-Point,1.00,02/2026,Machine Learning/Expert
27-1022.00,Fashion Designers,1.B.1.i,Third Interest High-Point,IH,Occupational Interest High-Point,5.00,02/2026,Machine Learning/Expert
27-1023.00,Floral Designers,1.B.1.a,Realistic,OI,Occupational Interests,5.07,02/2026,Machine Learning/Expert
27-1023.00,Floral Designers,1.B.1.b,Investigative,OI,Occupational Interests,1.64,02/2026,Machine Learning/Expert
27-1023.00,Floral Designers,1.B.1.c,Artistic,OI,Occupational Interests,4.45,02/2026,Machine Learning/Expert
27-1023.00,Floral Designers,1.B.1.d,Social,OI,Occupational Interests,2.45,02/2026,Machine Learning/Expert
27-1023.00,Floral Designers,1.B.1.e,Enterprising,OI,Occupational Interests,3.74,02/2026,Machine Learning/Expert
27-1023.00,Floral Designers,1.B.1.f,Conventional,OI,Occupational Interests,3.88,02/2026,Machine Learning/Expert
27-1023.00,Floral Designers,1.B.1.g,First Interest High-Point,IH,Occupational Interest High-Point,1.00,02/2026,Machine Learning/Expert
27-1023.00,Floral Designers,1.B.1.h,Second Interest High-Point,IH,Occupational Interest High-Point,3.00,02/2026,Machine Learning/Expert
27-1023.00,Floral Designers,1.B.1.i,Third Interest High-Point,IH,Occupational Interest High-Point,6.00,02/2026,Machine Learning/Expert
27-1024.00,Graphic Designers,1.B.1.a,Realistic,OI,Occupational Interests,3.38,02/2026,Machine Learning/Expert
27-1024.00,Graphic Designers,1.B.1.b,Investigative,OI,Occupational Interests,2.86,02/2026,Machine Learning/Expert
27-1024.00,Graphic Designers,1.B.1.c,Artistic,OI,Occupational Interests,7.00,02/2026,Machine Learning/Expert
27-1024.00,Graphic Designers,1.B.1.d,Social,OI,Occupational Interests,2.16,02/2026,Machine Learning/Expert
27-1024.00,Graphic Designers,1.B.1.e,Enterprising,OI,Occupational Interests,3.43,02/2026,Machine Learning/Expert
27-1024.00,Graphic Designers,1.B.1.f,Conventional,OI,Occupational Interests,3.92,02/2026,Machine Learning/Expert
27-1024.00,Graphic Designers,1.B.1.g,First Interest High-Point,IH,Occupational Interest High-Point,3.00,02/2026,Machine Learning/Expert
27-1024.00,Graphic Designers,1.B.1.h,Second Interest High-Point,IH,Occupational Interest High-Point,6.00,02/2026,Machine Learning/Expert
27-1024.00,Graphic Designers,1.B.1.i,Third Interest High-Point,IH,Occupational Interest High-Point,0.00,02/2026,Machine Learning/Expert
27-1025.00,Interior Designers,1.B.1.a,Realistic,OI,Occupational Interests,4.12,02/2026,Machine Learning/Expert
27-1025.00,Interior Designers,1.B.1.b,Investigative,OI,Occupational Interests,3.07,02/2026,Machine Learning/Expert
27-1025.00,Interior Designers,1.B.1.c,Artistic,OI,Occupational Interests,5.56,02/2026,Machine Learning/Expert
27-1025.00,Interior Designers,1.B.1.d,Social,OI,Occupational Interests,2.68,02/2026,Machine Learning/Expert
27-1025.00,Interior Designers,1.B.1.e,Enterprising,OI,Occupational Interests,3.70,02/2026,Machine Learning/Expert
27-1025.00,Interior Designers,1.B.1.f,Conventional,OI,Occupational Interests,3.82,02/2026,Machine Learning/Expert
27-1025.00,Interior Designers,1.B.1.g,First Interest High-Point,IH,Occupational Interest High-Point,3.00,02/2026,Machine Learning/Expert
27-1025.00,Interior Designers,1.B.1.h,Second Interest High-Point,IH,Occupational Interest High-Point,1.00,02/2026,Machine Learning/Expert
27-1025.00,Interior Designers,1.B.1.i,Third Interest High-Point,IH,Occupational Interest High-Point,0.00,02/2026,Machine Learning/Expert
27-1026.00,Merchandise Displayers and Window Trimmers,1.B.1.a,Realistic,OI,Occupational Interests,4.45,02/2026,Machine Learning/Expert
27-1026.00,Merchandise Displayers and Window Trimmers,1.B.1.b,Investigative,OI,Occupational Interests,1.51,02/2026,Machine Learning/Expert
27-1026.00,Merchandise Displayers and Window Trimmers,1.B.1.c,Artistic,OI,Occupational Interests,4.70,02/2026,Machine Learning/Expert
27-1026.00,Merchandise Displayers and Window Trimmers,1.B.1.d,Social,OI,Occupational Interests,2.19,02/2026,Machine Learning/Expert
27-1026.00,Merchandise Displayers and Window Trimmers,1.B.1.e,Enterprising,OI,Occupational Interests,4.28,02/2026,Machine Learning/Expert
27-1026.00,Merchandise Displayers and Window Trimmers,1.B.1.f,Conventional,OI,Occupational Interests,3.09,02/2026,Machine Learning/Expert
27-1026.00,Merchandise Displayers and Window Trimmers,1.B.1.g,First Interest High-Point,IH,Occupational Interest High-Point,3.00,02/2026,Machine Learning/Expert
27-1026.00,Merchandise Displayers and Window Trimmers,1.B.1.h,Second Interest High-Point,IH,Occupational Interest High-Point,1.00,02/2026,Machine Learning/Expert
27-1026.00,Merchandise Displayers and Window Trimmers,1.B.1.i,Third Interest High-Point,IH,Occupational Interest High-Point,5.00,02/2026,Machine Learning/Expert
27-1027.00,Set and Exhibit Designers,1.B.1.a,Realistic,OI,Occupational Interests,3.70,02/2026,Machine Learning/Expert
27-1027.00,Set and Exhibit Designers,1.B.1.b,Investigative,OI,Occupational Interests,2.75,02/2026,Machine Learning/Expert
27-1027.00,Set and Exhibit Designers,1.B.1.c,Artistic,OI,Occupational Interests,6.69,02/2026,Machine Learning/Expert
27-1027.00,Set and Exhibit Designers,1.B.1.d,Social,OI,Occupational Interests,3.04,02/2026,Machine Learning/Expert
27-1027.00,Set and Exhibit Designers,1.B.1.e,Enterprising,OI,Occupational Interests,3.93,02/2026,Machine Learning/Expert
27-1027.00,Set and Exhibit Designers,1.B.1.f,Conventional,OI,Occupational Interests,3.27,02/2026,Machine Learning/Expert
27-1027.00,Set and Exhibit Designers,1.B.1.g,First Interest High-Point,IH,Occupational Interest High-Point,3.00,02/2026,Machine Learning/Expert
27-1027.00,Set and Exhibit Designers,1.B.1.h,Second Interest High-Point,IH,Occupational Interest High-Point,0.00,02/2026,Machine Learning/Expert
27-1027.00,Set and Exhibit Designers,1.B.1.i,Third Interest High-Point,IH,Occupational Interest High-Point,0.00,02/2026,Machine Learning/Expert
27-2011.00,Actors,1.B.1.a,Realistic,OI,Occupational Interests,2.29,02/2026,Machine Learning/Expert
27-2011.00,Actors,1.B.1.b,Investigative,OI,Occupational Interests,2.16,02/2026,Machine Learning/Expert
27-2011.00,Actors,1.B.1.c,Artistic,OI,Occupational Interests,7.00,02/2026,Machine Learning/Expert
27-2011.00,Actors,1.B.1.d,Social,OI,Occupational Interests,4.08,02/2026,Machine Learning/Expert
27-2011.00,Actors,1.B.1.e,Enterprising,OI,Occupational Interests,4.00,02/2026,Machine Learning/Expert
27-2011.00,Actors,1.B.1.f,Conventional,OI,Occupational Interests,1.81,02/2026,Machine Learning/Expert
27-2011.00,Actors,1.B.1.g,First Interest High-Point,IH,Occupational Interest High-Point,3.00,02/2026,Machine Learning/Expert
27-2011.00,Actors,1.B.1.h,Second Interest High-Point,IH,Occupational Interest High-Point,4.00,02/2026,Machine Learning/Expert
27-2011.00,Actors,1.B.1.i,Third Interest High-Point,IH,Occupational Interest High-Point,5.00,02/2026,Machine Learning/Expert
27-2012.00,Producers and Directors,1.B.1.a,Realistic,OI,Occupational Interests,2.13,02/2026,Machine Learning/Expert
27-2012.00,Producers and Directors,1.B.1.b,Investigative,OI,Occupational Interests,2.24,02/2026,Machine Learning/Expert
27-2012.00,Producers and Directors,1.B.1.c,Artistic,OI,Occupational Interests,6.14,02/2026,Machine Learning/Expert
27-2012.00,Producers and Directors,1.B.1.d,Social,OI,Occupational Interests,3.12,02/2026,Machine Learning/Expert
27-2012.00,Producers and Directors,1.B.1.e,Enterprising,OI,Occupational Interests,5.78,02/2026,Machine Learning/Expert
27-2012.00,Producers and Directors,1.B.1.f,Conventional,OI,Occupational Interests,3.56,02/2026,Machine Learning/Expert
27-2012.00,Producers and Directors,1.B.1.g,First Interest High-Point,IH,Occupational Interest High-Point,3.00,02/2026,Machine Learning/Expert
27-2012.00,Producers and Directors,1.B.1.h,Second Interest High-Point,IH,Occupational Interest High-Point,5.00,02/2026,Machine Learning/Expert
27-2012.00,Producers and Directors,1.B.1.i,Third Interest High-Point,IH,Occupational Interest High-Point,0.00,02/2026,Machine Learning/Expert
27-2012.03,Media Programming Directors,1.B.1.a,Realistic,OI,Occupational Interests,1.43,02/2026,Machine Learning/Expert
27-2012.03,Media Programming Directors,1.B.1.b,Investigative,OI,Occupational Interests,2.25,02/2026,Machine Learning/Expert
27-2012.03,Media Programming Directors,1.B.1.c,Artistic,OI,Occupational Interests,4.09,02/2026,Machine Learning/Expert
27-2012.03,Media Programming Directors,1.B.1.d,Social,OI,Occupational Interests,3.68,02/2026,Machine Learning/Expert
27-2012.03,Media Programming Directors,1.B.1.e,Enterprising,OI,Occupational Interests,6.55,02/2026,Machine Learning/Expert
27-2012.03,Media Programming Directors,1.B.1.f,Conventional,OI,Occupational Interests,4.63,02/2026,Machine Learning/Expert
27-2012.03,Media Programming Directors,1.B.1.g,First Interest High-Point,IH,Occupational Interest High-Point,5.00,02/2026,Machine Learning/Expert
27-2012.03,Media Programming Directors,1.B.1.h,Second Interest High-Point,IH,Occupational Interest High-Point,6.00,02/2026,Machine Learning/Expert
27-2012.03,Media Programming Directors,1.B.1.i,Third Interest High-Point,IH,Occupational Interest High-Point,3.00,02/2026,Machine Learning/Expert
27-2012.04,Talent Directors,1.B.1.a,Realistic,OI,Occupational Interests,1.22,02/2026,Machine Learning/Expert
27-2012.04,Talent Directors,1.B.1.b,Investigative,OI,Occupational Interests,1.42,02/2026,Machine Learning/Expert
27-2012.04,Talent Directors,1.B.1.c,Artistic,OI,Occupational Interests,5.69,02/2026,Machine Learning/Expert
27-2012.04,Talent Directors,1.B.1.d,Social,OI,Occupational Interests,4.27,02/2026,Machine Learning/Expert
27-2012.04,Talent Directors,1.B.1.e,Enterprising,OI,Occupational Interests,5.93,02/2026,Machine Learning/Expert
27-2012.04,Talent Directors,1.B.1.f,Conventional,OI,Occupational Interests,3.57,02/2026,Machine Learning/Expert
27-2012.04,Talent Directors,1.B.1.g,First Interest High-Point,IH,Occupational Interest High-Point,5.00,02/2026,Machine Learning/Expert
27-2012.04,Talent Directors,1.B.1.h,Second Interest High-Point,IH,Occupational Interest High-Point,3.00,02/2026,Machine Learning/Expert
27-2012.04,Talent Directors,1.B.1.i,Third Interest High-Point,IH,Occupational Interest High-Point,4.00,02/2026,Machine Learning/Expert
27-2012.05,Media Technical Directors/Managers,1.B.1.a,Realistic,OI,Occupational Interests,3.96,02/2026,Machine Learning/Expert
27-2012.05,Media Technical Directors/Managers,1.B.1.b,Investigative,OI,Occupational Interests,2.78,02/2026,Machine Learning/Expert
27-2012.05,Media Technical Directors/Managers,1.B.1.c,Artistic,OI,Occupational Interests,3.44,02/2026,Machine Learning/Expert
27-2012.05,Media Technical Directors/Managers,1.B.1.d,Social,OI,Occupational Interests,2.61,02/2026,Machine Learning/Expert
27-2012.05,Media Technical Directors/Managers,1.B.1.e,Enterprising,OI,Occupational Interests,5.18,02/2026,Machine Learning/Expert
27-2012.05,Media Technical Directors/Managers,1.B.1.f,Conventional,OI,Occupational Interests,4.47,02/2026,Machine Learning/Expert
27-2012.05,Media Technical Directors/Managers,1.B.1.g,First Interest High-Point,IH,Occupational Interest High-Point,5.00,02/2026,Machine Learning/Expert
27-2012.05,Media Technical Directors/Managers,1.B.1.h,Second Interest High-Point,IH,Occupational Interest High-Point,6.00,02/2026,Machine Learning/Expert
27-2012.05,Media Technical Directors/Managers,1.B.1.i,Third Interest High-Point,IH,Occupational Interest High-Point,1.00,02/2026,Machine Learning/Expert
27-2021.00,Athletes and Sports Competitors,1.B.1.a,Realistic,OI,Occupational Interests,5.18,02/2026,Machine Learning/Expert
27-2021.00,Athletes and Sports Competitors,1.B.1.b,Investigative,OI,Occupational Interests,1.40,02/2026,Machine Learning/Expert
27-2021.00,Athletes and Sports Competitors,1.B.1.c,Artistic,OI,Occupational Interests,2.14,02/2026,Machine Learning/Expert
27-2021.00,Athletes and Sports Competitors,1.B.1.d,Social,OI,Occupational Interests,4.30,02/2026,Machine Learning/Expert
27-2021.00,Athletes and Sports Competitors,1.B.1.e,Enterprising,OI,Occupational Interests,4.53,02/2026,Machine Learning/Expert
27-2021.00,Athletes and Sports Competitors,1.B.1.f,Conventional,OI,Occupational Interests,3.01,02/2026,Machine Learning/Expert
27-2021.00,Athletes and Sports Competitors,1.B.1.g,First Interest High-Point,IH,Occupational Interest High-Point,1.00,02/2026,Machine Learning/Expert
27-2021.00,Athletes and Sports Competitors,1.B.1.h,Second Interest High-Point,IH,Occupational Interest High-Point,5.00,02/2026,Machine Learning/Expert
27-2021.00,Athletes and Sports Competitors,1.B.1.i,Third Interest High-Point,IH,Occupational Interest High-Point,4.00,02/2026,Machine Learning/Expert
27-2022.00,Coaches and Scouts,1.B.1.a,Realistic,OI,Occupational Interests,4.25,02/2026,Machine Learning/Expert
27-2022.00,Coaches and Scouts,1.B.1.b,Investigative,OI,Occupational Interests,2.15,02/2026,Machine Learning/Expert
27-2022.00,Coaches and Scouts,1.B.1.c,Artistic,OI,Occupational Interests,2.43,02/2026,Machine Learning/Expert
27-2022.00,Coaches and Scouts,1.B.1.d,Social,OI,Occupational Interests,5.31,02/2026,Machine Learning/Expert
27-2022.00,Coaches and Scouts,1.B.1.e,Enterprising,OI,Occupational Interests,5.15,02/2026,Machine Learning/Expert
27-2022.00,Coaches and Scouts,1.B.1.f,Conventional,OI,Occupational Interests,3.45,02/2026,Machine Learning/Expert
27-2022.00,Coaches and Scouts,1.B.1.g,First Interest High-Point,IH,Occupational Interest High-Point,4.00,02/2026,Machine Learning/Expert
27-2022.00,Coaches and Scouts,1.B.1.h,Second Interest High-Point,IH,Occupational Interest High-Point,5.00,02/2026,Machine Learning/Expert
27-2022.00,Coaches and Scouts,1.B.1.i,Third Interest High-Point,IH,Occupational Interest High-Point,1.00,02/2026,Machine Learning/Expert
27-2023.00,"Umpires, Referees, and Other Sports Officials",1.B.1.a,Realistic,OI,Occupational Interests,4.30,02/2026,Machine Learning/Expert
27-2023.00,"Umpires, Referees, and Other Sports Officials",1.B.1.b,Investigative,OI,Occupational Interests,1.60,02/2026,Machine Learning/Expert
27-2023.00,"Umpires, Referees, and Other Sports Officials",1.B.1.c,Artistic,OI,Occupational Interests,1.15,02/2026,Machine Learning/Expert
27-2023.00,"Umpires, Referees, and Other Sports Officials",1.B.1.d,Social,OI,Occupational Interests,3.44,02/2026,Machine Learning/Expert
27-2023.00,"Umpires, Referees, and Other Sports Officials",1.B.1.e,Enterprising,OI,Occupational Interests,5.77,02/2026,Machine Learning/Expert
27-2023.00,"Umpires, Referees, and Other Sports Officials",1.B.1.f,Conventional,OI,Occupational Interests,4.53,02/2026,Machine Learning/Expert
27-2023.00,"Umpires, Referees, and Other Sports Officials",1.B.1.g,First Interest High-Point,IH,Occupational Interest High-Point,5.00,02/2026,Machine Learning/Expert
27-2023.00,"Umpires, Referees, and Other Sports Officials",1.B.1.h,Second Interest High-Point,IH,Occupational Interest High-Point,6.00,02/2026,Machine Learning/Expert
27-2023.00,"Umpires, Referees, and Other Sports Officials",1.B.1.i,Third Interest High-Point,IH,Occupational Interest High-Point,1.00,02/2026,Machine Learning/Expert
27-2031.00,Dancers,1.B.1.a,Realistic,OI,Occupational Interests,4.83,02/2026,Machine Learning/Expert
27-2031.00,Dancers,1.B.1.b,Investigative,OI,Occupational Interests,1.43,02/2026,Machine Learning/Expert
27-2031.00,Dancers,1.B.1.c,Artistic,OI,Occupational Interests,6.39,02/2026,Machine Learning/Expert
27-2031.00,Dancers,1.B.1.d,Social,OI,Occupational Interests,3.65,02/2026,Machine Learning/Expert
27-2031.00,Dancers,1.B.1.e,Enterprising,OI,Occupational Interests,3.18,02/2026,Machine Learning/Expert
27-2031.00,Dancers,1.B.1.f,Conventional,OI,Occupational Interests,1.61,02/2026,Machine Learning/Expert
27-2031.00,Dancers,1.B.1.g,First Interest High-Point,IH,Occupational Interest High-Point,3.00,02/2026,Machine Learning/Expert
27-2031.00,Dancers,1.B.1.h,Second Interest High-Point,IH,Occupational Interest High-Point,1.00,02/2026,Machine Learning/Expert
27-2031.00,Dancers,1.B.1.i,Third Interest High-Point,IH,Occupational Interest High-Point,4.00,02/2026,Machine Learning/Expert
27-2032.00,Choreographers,1.B.1.a,Realistic,OI,Occupational Interests,3.63,02/2026,Machine Learning/Expert
27-2032.00,Choreographers,1.B.1.b,Investigative,OI,Occupational Interests,2.22,02/2026,Machine Learning/Expert
27-2032.00,Choreographers,1.B.1.c,Artistic,OI,Occupational Interests,7.00,02/2026,Machine Learning/Expert
27-2032.00,Choreographers,1.B.1.d,Social,OI,Occupational Interests,3.96,02/2026,Machine Learning/Expert
27-2032.00,Choreographers,1.B.1.e,Enterprising,OI,Occupational Interests,3.77,02/2026,Machine Learning/Expert
27-2032.00,Choreographers,1.B.1.f,Conventional,OI,Occupational Interests,2.13,02/2026,Machine Learning/Expert
27-2032.00,Choreographers,1.B.1.g,First Interest High-Point,IH,Occupational Interest High-Point,3.00,02/2026,Machine Learning/Expert
27-2032.00,Choreographers,1.B.1.h,Second Interest High-Point,IH,Occupational Interest High-Point,4.00,02/2026,Machine Learning/Expert
27-2032.00,Choreographers,1.B.1.i,Third Interest High-Point,IH,Occupational Interest High-Point,0.00,02/2026,Machine Learning/Expert
27-2041.00,Music Directors and Composers,1.B.1.a,Realistic,OI,Occupational Interests,2.07,02/2026,Machine Learning/Expert
27-2041.00,Music Directors and Composers,1.B.1.b,Investigative,OI,Occupational Interests,2.28,02/2026,Machine Learning/Expert
27-2041.00,Music Directors and Composers,1.B.1.c,Artistic,OI,Occupational Interests,7.00,02/2026,Machine Learning/Expert
27-2041.00,Music Directors and Composers,1.B.1.d,Social,OI,Occupational Interests,3.04,02/2026,Machine Learning/Expert
27-2041.00,Music Directors and Composers,1.B.1.e,Enterprising,OI,Occupational Interests,4.82,02/2026,Machine Learning/Expert
27-2041.00,Music Directors and Composers,1.B.1.f,Conventional,OI,Occupational Interests,2.63,02/2026,Machine Learning/Expert
27-2041.00,Music Directors and Composers,1.B.1.g,First Interest High-Point,IH,Occupational Interest High-Point,3.00,02/2026,Machine Learning/Expert
27-2041.00,Music Directors and Composers,1.B.1.h,Second Interest High-Point,IH,Occupational Interest High-Point,5.00,02/2026,Machine Learning/Expert
27-2041.00,Music Directors and Composers,1.B.1.i,Third Interest High-Point,IH,Occupational Interest High-Point,0.00,02/2026,Machine Learning/Expert
27-2042.00,Musicians and Singers,1.B.1.a,Realistic,OI,Occupational Interests,2.87,02/2026,Machine Learning/Expert
27-2042.00,Musicians and Singers,1.B.1.b,Investigative,OI,Occupational Interests,1.53,02/2026,Machine Learning/Expert
27-2042.00,Musicians and Singers,1.B.1.c,Artistic,OI,Occupational Interests,6.66,02/2026,Machine Learning/Expert
27-2042.00,Musicians and Singers,1.B.1.d,Social,OI,Occupational Interests,3.41,02/2026,Machine Learning/Expert
27-2042.00,Musicians and Singers,1.B.1.e,Enterprising,OI,Occupational Interests,3.42,02/2026,Machine Learning/Expert
27-2042.00,Musicians and Singers,1.B.1.f,Conventional,OI,Occupational Interests,2.17,02/2026,Machine Learning/Expert
27-2042.00,Musicians and Singers,1.B.1.g,First Interest High-Point,IH,Occupational Interest High-Point,3.00,02/2026,Machine Learning/Expert
27-2042.00,Musicians and Singers,1.B.1.h,Second Interest High-Point,IH,Occupational Interest High-Point,5.00,02/2026,Machine Learning/Expert
27-2042.00,Musicians and Singers,1.B.1.i,Third Interest High-Point,IH,Occupational Interest High-Point,0.00,02/2026,Machine Learning/Expert
27-2091.00,"Disc Jockeys, Except Radio",1.B.1.a,Realistic,OI,Occupational Interests,3.00,02/2026,Machine Learning/Expert
27-2091.00,"Disc Jockeys, Except Radio",1.B.1.b,Investigative,OI,Occupational Interests,1.55,02/2026,Machine Learning/Expert
27-2091.00,"Disc Jockeys, Except Radio",1.B.1.c,Artistic,OI,Occupational Interests,4.82,02/2026,Machine Learning/Expert
27-2091.00,"Disc Jockeys, Except Radio",1.B.1.d,Social,OI,Occupational Interests,2.93,02/2026,Machine Learning/Expert
27-2091.00,"Disc Jockeys, Except Radio",1.B.1.e,Enterprising,OI,Occupational Interests,3.55,02/2026,Machine Learning/Expert
27-2091.00,"Disc Jockeys, Except Radio",1.B.1.f,Conventional,OI,Occupational Interests,3.50,02/2026,Machine Learning/Expert
27-2091.00,"Disc Jockeys, Except Radio",1.B.1.g,First Interest High-Point,IH,Occupational Interest High-Point,3.00,02/2026,Machine Learning/Expert
27-2091.00,"Disc Jockeys, Except Radio",1.B.1.h,Second Interest High-Point,IH,Occupational Interest High-Point,5.00,02/2026,Machine Learning/Expert
27-2091.00,"Disc Jockeys, Except Radio",1.B.1.i,Third Interest High-Point,IH,Occupational Interest High-Point,6.00,02/2026,Machine Learning/Expert
27-3011.00,Broadcast Announcers and Radio Disc Jockeys,1.B.1.a,Realistic,OI,Occupational Interests,1.66,02/2026,Machine Learning/Expert
27-3011.00,Broadcast Announcers and Radio Disc Jockeys,1.B.1.b,Investigative,OI,Occupational Interests,2.01,02/2026,Machine Learning/Expert
27-3011.00,Broadcast Announcers and Radio Disc Jockeys,1.B.1.c,Artistic,OI,Occupational Interests,5.68,02/2026,Machine Learning/Expert
27-3011.00,Broadcast Announcers and Radio Disc Jockeys,1.B.1.d,Social,OI,Occupational Interests,3.54,02/2026,Machine Learning/Expert
27-3011.00,Broadcast Announcers and Radio Disc Jockeys,1.B.1.e,Enterprising,OI,Occupational Interests,4.38,02/2026,Machine Learning/Expert
27-3011.00,Broadcast Announcers and Radio Disc Jockeys,1.B.1.f,Conventional,OI,Occupational Interests,3.11,02/2026,Machine Learning/Expert
27-3011.00,Broadcast Announcers and Radio Disc Jockeys,1.B.1.g,First Interest High-Point,IH,Occupational Interest High-Point,3.00,02/2026,Machine Learning/Expert
27-3011.00,Broadcast Announcers and Radio Disc Jockeys,1.B.1.h,Second Interest High-Point,IH,Occupational Interest High-Point,5.00,02/2026,Machine Learning/Expert
27-3011.00,Broadcast Announcers and Radio Disc Jockeys,1.B.1.i,Third Interest High-Point,IH,Occupational Interest High-Point,4.00,02/2026,Machine Learning/Expert
27-3023.00,"News Analysts, Reporters, and Journalists",1.B.1.a,Realistic,OI,Occupational Interests,1.47,02/2026,Machine Learning/Expert
27-3023.00,"News Analysts, Reporters, and Journalists",1.B.1.b,Investigative,OI,Occupational Interests,4.16,02/2026,Machine Learning/Expert
27-3023.00,"News Analysts, Reporters, and Journalists",1.B.1.c,Artistic,OI,Occupational Interests,5.09,02/2026,Machine Learning/Expert
27-3023.00,"News Analysts, Reporters, and Journalists",1.B.1.d,Social,OI,Occupational Interests,2.80,02/2026,Machine Learning/Expert
27-3023.00,"News Analysts, Reporters, and Journalists",1.B.1.e,Enterprising,OI,Occupational Interests,3.95,02/2026,Machine Learning/Expert
27-3023.00,"News Analysts, Reporters, and Journalists",1.B.1.f,Conventional,OI,Occupational Interests,3.64,02/2026,Machine Learning/Expert
27-3023.00,"News Analysts, Reporters, and Journalists",1.B.1.g,First Interest High-Point,IH,Occupational Interest High-Point,3.00,02/2026,Machine Learning/Expert
27-3023.00,"News Analysts, Reporters, and Journalists",1.B.1.h,Second Interest High-Point,IH,Occupational Interest High-Point,2.00,02/2026,Machine Learning/Expert
27-3023.00,"News Analysts, Reporters, and Journalists",1.B.1.i,Third Interest High-Point,IH,Occupational Interest High-Point,5.00,02/2026,Machine Learning/Expert
27-3031.00,Public Relations Specialists,1.B.1.a,Realistic,OI,Occupational Interests,1.00,02/2026,Machine Learning/Expert
27-3031.00,Public Relations Specialists,1.B.1.b,Investigative,OI,Occupational Interests,2.72,02/2026,Machine Learning/Expert
27-3031.00,Public Relations Specialists,1.B.1.c,Artistic,OI,Occupational Interests,4.68,02/2026,Machine Learning/Expert
27-3031.00,Public Relations Specialists,1.B.1.d,Social,OI,Occupational Interests,3.94,02/2026,Machine Learning/Expert
27-3031.00,Public Relations Specialists,1.B.1.e,Enterprising,OI,Occupational Interests,5.82,02/2026,Machine Learning/Expert
27-3031.00,Public Relations Specialists,1.B.1.f,Conventional,OI,Occupational Interests,3.45,02/2026,Machine Learning/Expert
27-3031.00,Public Relations Specialists,1.B.1.g,First Interest High-Point,IH,Occupational Interest High-Point,5.00,02/2026,Machine Learning/Expert
27-3031.00,Public Relations Specialists,1.B.1.h,Second Interest High-Point,IH,Occupational Interest High-Point,3.00,02/2026,Machine Learning/Expert
27-3031.00,Public Relations Specialists,1.B.1.i,Third Interest High-Point,IH,Occupational Interest High-Point,4.00,02/2026,Machine Learning/Expert
27-3041.00,Editors,1.B.1.a,Realistic,OI,Occupational Interests,1.03,02/2026,Machine Learning/Expert
27-3041.00,Editors,1.B.1.b,Investigative,OI,Occupational Interests,2.90,02/2026,Machine Learning/Expert
27-3041.00,Editors,1.B.1.c,Artistic,OI,Occupational Interests,5.39,02/2026,Machine Learning/Expert
27-3041.00,Editors,1.B.1.d,Social,OI,Occupational Interests,2.56,02/2026,Machine Learning/Expert
27-3041.00,Editors,1.B.1.e,Enterprising,OI,Occupational Interests,4.13,02/2026,Machine Learning/Expert
27-3041.00,Editors,1.B.1.f,Conventional,OI,Occupational Interests,4.68,02/2026,Machine Learning/Expert
27-3041.00,Editors,1.B.1.g,First Interest High-Point,IH,Occupational Interest High-Point,3.00,02/2026,Machine Learning/Expert
27-3041.00,Editors,1.B.1.h,Second Interest High-Point,IH,Occupational Interest High-Point,6.00,02/2026,Machine Learning/Expert
27-3041.00,Editors,1.B.1.i,Third Interest High-Point,IH,Occupational Interest High-Point,5.00,02/2026,Machine Learning/Expert
27-3042.00,Technical Writers,1.B.1.a,Realistic,OI,Occupational Interests,2.78,02/2026,Machine Learning/Expert
27-3042.00,Technical Writers,1.B.1.b,Investigative,OI,Occupational Interests,3.69,02/2026,Machine Learning/Expert
27-3042.00,Technical Writers,1.B.1.c,Artistic,OI,Occupational Interests,4.23,02/2026,Machine Learning/Expert
27-3042.00,Technical Writers,1.B.1.d,Social,OI,Occupational Interests,2.01,02/2026,Machine Learning/Expert
27-3042.00,Technical Writers,1.B.1.e,Enterprising,OI,Occupational Interests,1.97,02/2026,Machine Learning/Expert
27-3042.00,Technical Writers,1.B.1.f,Conventional,OI,Occupational Interests,5.32,02/2026,Machine Learning/Expert
27-3042.00,Technical Writers,1.B.1.g,First Interest High-Point,IH,Occupational Interest High-Point,6.00,02/2026,Machine Learning/Expert
27-3042.00,Technical Writers,1.B.1.h,Second Interest High-Point,IH,Occupational Interest High-Point,3.00,02/2026,Machine Learning/Expert
27-3042.00,Technical Writers,1.B.1.i,Third Interest High-Point,IH,Occupational Interest High-Point,2.00,02/2026,Machine Learning/Expert
27-3043.00,Writers and Authors,1.B.1.a,Realistic,OI,Occupational Interests,1.00,02/2026,Machine Learning/Expert
27-3043.00,Writers and Authors,1.B.1.b,Investigative,OI,Occupational Interests,3.25,02/2026,Machine Learning/Expert
27-3043.00,Writers and Authors,1.B.1.c,Artistic,OI,Occupational Interests,6.68,02/2026,Machine Learning/Expert
27-3043.00,Writers and Authors,1.B.1.d,Social,OI,Occupational Interests,2.86,02/2026,Machine Learning/Expert
27-3043.00,Writers and Authors,1.B.1.e,Enterprising,OI,Occupational Interests,4.75,02/2026,Machine Learning/Expert
27-3043.00,Writers and Authors,1.B.1.f,Conventional,OI,Occupational Interests,3.34,02/2026,Machine Learning/Expert
27-3043.00,Writers and Authors,1.B.1.g,First Interest High-Point,IH,Occupational Interest High-Point,3.00,02/2026,Machine Learning/Expert
27-3043.00,Writers and Authors,1.B.1.h,Second Interest High-Point,IH,Occupational Interest High-Point,5.00,02/2026,Machine Learning/Expert
27-3043.00,Writers and Authors,1.B.1.i,Third Interest High-Point,IH,Occupational Interest High-Point,0.00,02/2026,Machine Learning/Expert
27-3043.05,"Poets, Lyricists and Creative Writers",1.B.1.a,Realistic,OI,Occupational Interests,1.17,02/2026,Machine Learning/Expert
27-3043.05,"Poets, Lyricists and Creative Writers",1.B.1.b,Investigative,OI,Occupational Interests,3.58,02/2026,Machine Learning/Expert
27-3043.05,"Poets, Lyricists and Creative Writers",1.B.1.c,Artistic,OI,Occupational Interests,7.00,02/2026,Machine Learning/Expert
27-3043.05,"Poets, Lyricists and Creative Writers",1.B.1.d,Social,OI,Occupational Interests,2.83,02/2026,Machine Learning/Expert
27-3043.05,"Poets, Lyricists and Creative Writers",1.B.1.e,Enterprising,OI,Occupational Interests,3.17,02/2026,Machine Learning/Expert
27-3043.05,"Poets, Lyricists and Creative Writers",1.B.1.f,Conventional,OI,Occupational Interests,2.88,02/2026,Machine Learning/Expert
27-3043.05,"Poets, Lyricists and Creative Writers",1.B.1.g,First Interest High-Point,IH,Occupational Interest High-Point,3.00,02/2026,Machine Learning/Expert
27-3043.05,"Poets, Lyricists and Creative Writers",1.B.1.h,Second Interest High-Point,IH,Occupational Interest High-Point,2.00,02/2026,Machine Learning/Expert
27-3043.05,"Poets, Lyricists and Creative Writers",1.B.1.i,Third Interest High-Point,IH,Occupational Interest High-Point,0.00,02/2026,Machine Learning/Expert
27-3091.00,Interpreters and Translators,1.B.1.a,Realistic,OI,Occupational Interests,1.89,02/2026,Machine Learning/Expert
27-3091.00,Interpreters and Translators,1.B.1.b,Investigative,OI,Occupational Interests,3.19,02/2026,Machine Learning/Expert
27-3091.00,Interpreters and Translators,1.B.1.c,Artistic,OI,Occupational Interests,4.28,02/2026,Machine Learning/Expert
27-3091.00,Interpreters and Translators,1.B.1.d,Social,OI,Occupational Interests,3.48,02/2026,Machine Learning/Expert
27-3091.00,Interpreters and Translators,1.B.1.e,Enterprising,OI,Occupational Interests,1.90,02/2026,Machine Learning/Expert
27-3091.00,Interpreters and Translators,1.B.1.f,Conventional,OI,Occupational Interests,4.79,02/2026,Machine Learning/Expert
27-3091.00,Interpreters and Translators,1.B.1.g,First Interest High-Point,IH,Occupational Interest High-Point,6.00,02/2026,Machine Learning/Expert
27-3091.00,Interpreters and Translators,1.B.1.h,Second Interest High-Point,IH,Occupational Interest High-Point,3.00,02/2026,Machine Learning/Expert
27-3091.00,Interpreters and Translators,1.B.1.i,Third Interest High-Point,IH,Occupational Interest High-Point,4.00,02/2026,Machine Learning/Expert
27-3092.00,Court Reporters and Simultaneous Captioners,1.B.1.a,Realistic,OI,Occupational Interests,2.21,02/2026,Machine Learning/Expert
27-3092.00,Court Reporters and Simultaneous Captioners,1.B.1.b,Investigative,OI,Occupational Interests,2.13,02/2026,Machine Learning/Expert
27-3092.00,Court Reporters and Simultaneous Captioners,1.B.1.c,Artistic,OI,Occupational Interests,2.92,02/2026,Machine Learning/Expert
27-3092.00,Court Reporters and Simultaneous Captioners,1.B.1.d,Social,OI,Occupational Interests,2.90,02/2026,Machine Learning/Expert
27-3092.00,Court Reporters and Simultaneous Captioners,1.B.1.e,Enterprising,OI,Occupational Interests,2.64,02/2026,Machine Learning/Expert
27-3092.00,Court Reporters and Simultaneous Captioners,1.B.1.f,Conventional,OI,Occupational Interests,5.62,02/2026,Machine Learning/Expert
27-3092.00,Court Reporters and Simultaneous Captioners,1.B.1.g,First Interest High-Point,IH,Occupational Interest High-Point,6.00,02/2026,Machine Learning/Expert
27-3092.00,Court Reporters and Simultaneous Captioners,1.B.1.h,Second Interest High-Point,IH,Occupational Interest High-Point,0.00,02/2026,Machine Learning/Expert
27-3092.00,Court Reporters and Simultaneous Captioners,1.B.1.i,Third Interest High-Point,IH,Occupational Interest High-Point,0.00,02/2026,Machine Learning/Expert
27-4011.00,Audio and Video Technicians,1.B.1.a,Realistic,OI,Occupational Interests,5.20,02/2026,Machine Learning/Expert
27-4011.00,Audio and Video Technicians,1.B.1.b,Investigative,OI,Occupational Interests,2.74,02/2026,Machine Learning/Expert
27-4011.00,Audio and Video Technicians,1.B.1.c,Artistic,OI,Occupational Interests,3.24,02/2026,Machine Learning/Expert
27-4011.00,Audio and Video Technicians,1.B.1.d,Social,OI,Occupational Interests,1.97,02/2026,Machine Learning/Expert
27-4011.00,Audio and Video Technicians,1.B.1.e,Enterprising,OI,Occupational Interests,1.87,02/2026,Machine Learning/Expert
27-4011.00,Audio and Video Technicians,1.B.1.f,Conventional,OI,Occupational Interests,4.58,02/2026,Machine Learning/Expert
27-4011.00,Audio and Video Technicians,1.B.1.g,First Interest High-Point,IH,Occupational Interest High-Point,1.00,02/2026,Machine Learning/Expert
27-4011.00,Audio and Video Technicians,1.B.1.h,Second Interest High-Point,IH,Occupational Interest High-Point,6.00,02/2026,Machine Learning/Expert
27-4011.00,Audio and Video Technicians,1.B.1.i,Third Interest High-Point,IH,Occupational Interest High-Point,0.00,02/2026,Machine Learning/Expert
27-4012.00,Broadcast Technicians,1.B.1.a,Realistic,OI,Occupational Interests,4.80,02/2026,Machine Learning/Expert
27-4012.00,Broadcast Technicians,1.B.1.b,Investigative,OI,Occupational Interests,2.99,02/2026,Machine Learning/Expert
27-4012.00,Broadcast Technicians,1.B.1.c,Artistic,OI,Occupational Interests,2.82,02/2026,Machine Learning/Expert
27-4012.00,Broadcast Technicians,1.B.1.d,Social,OI,Occupational Interests,2.13,02/2026,Machine Learning/Expert
27-4012.00,Broadcast Technicians,1.B.1.e,Enterprising,OI,Occupational Interests,2.50,02/2026,Machine Learning/Expert
27-4012.00,Broadcast Technicians,1.B.1.f,Conventional,OI,Occupational Interests,5.14,02/2026,Machine Learning/Expert
27-4012.00,Broadcast Technicians,1.B.1.g,First Interest High-Point,IH,Occupational Interest High-Point,6.00,02/2026,Machine Learning/Expert
27-4012.00,Broadcast Technicians,1.B.1.h,Second Interest High-Point,IH,Occupational Interest High-Point,1.00,02/2026,Machine Learning/Expert
27-4012.00,Broadcast Technicians,1.B.1.i,Third Interest High-Point,IH,Occupational Interest High-Point,0.00,02/2026,Machine Learning/Expert
27-4014.00,Sound Engineering Technicians,1.B.1.a,Realistic,OI,Occupational Interests,5.14,02/2026,Machine Learning/Expert
27-4014.00,Sound Engineering Technicians,1.B.1.b,Investigative,OI,Occupational Interests,2.68,02/2026,Machine Learning/Expert
27-4014.00,Sound Engineering Technicians,1.B.1.c,Artistic,OI,Occupational Interests,4.45,02/2026,Machine Learning/Expert
27-4014.00,Sound Engineering Technicians,1.B.1.d,Social,OI,Occupational Interests,1.69,02/2026,Machine Learning/Expert
27-4014.00,Sound Engineering Technicians,1.B.1.e,Enterprising,OI,Occupational Interests,2.16,02/2026,Machine Learning/Expert
27-4014.00,Sound Engineering Technicians,1.B.1.f,Conventional,OI,Occupational Interests,4.22,02/2026,Machine Learning/Expert
27-4014.00,Sound Engineering Technicians,1.B.1.g,First Interest High-Point,IH,Occupational Interest High-Point,1.00,02/2026,Machine Learning/Expert
27-4014.00,Sound Engineering Technicians,1.B.1.h,Second Interest High-Point,IH,Occupational Interest High-Point,3.00,02/2026,Machine Learning/Expert
27-4014.00,Sound Engineering Technicians,1.B.1.i,Third Interest High-Point,IH,Occupational Interest High-Point,6.00,02/2026,Machine Learning/Expert
27-4015.00,Lighting Technicians,1.B.1.a,Realistic,OI,Occupational Interests,6.99,02/2026,Machine Learning/Expert
27-4015.00,Lighting Technicians,1.B.1.b,Investigative,OI,Occupational Interests,2.02,02/2026,Machine Learning/Expert
27-4015.00,Lighting Technicians,1.B.1.c,Artistic,OI,Occupational Interests,2.38,02/2026,Machine Learning/Expert
27-4015.00,Lighting Technicians,1.B.1.d,Social,OI,Occupational Interests,1.24,02/2026,Machine Learning/Expert
27-4015.00,Lighting Technicians,1.B.1.e,Enterprising,OI,Occupational Interests,1.95,02/2026,Machine Learning/Expert
27-4015.00,Lighting Technicians,1.B.1.f,Conventional,OI,Occupational Interests,4.11,02/2026,Machine Learning/Expert
27-4015.00,Lighting Technicians,1.B.1.g,First Interest High-Point,IH,Occupational Interest High-Point,1.00,02/2026,Machine Learning/Expert
27-4015.00,Lighting Technicians,1.B.1.h,Second Interest High-Point,IH,Occupational Interest High-Point,6.00,02/2026,Machine Learning/Expert
27-4015.00,Lighting Technicians,1.B.1.i,Third Interest High-Point,IH,Occupational Interest High-Point,0.00,02/2026,Machine Learning/Expert
27-4021.00,Photographers,1.B.1.a,Realistic,OI,Occupational Interests,5.54,02/2026,Machine Learning/Expert
27-4021.00,Photographers,1.B.1.b,Investigative,OI,Occupational Interests,2.18,02/2026,Machine Learning/Expert
27-4021.00,Photographers,1.B.1.c,Artistic,OI,Occupational Interests,5.28,02/2026,Machine Learning/Expert
27-4021.00,Photographers,1.B.1.d,Social,OI,Occupational Interests,1.94,02/2026,Machine Learning/Expert
27-4021.00,Photographers,1.B.1.e,Enterprising,OI,Occupational Interests,2.28,02/2026,Machine Learning/Expert
27-4021.00,Photographers,1.B.1.f,Conventional,OI,Occupational Interests,3.35,02/2026,Machine Learning/Expert
27-4021.00,Photographers,1.B.1.g,First Interest High-Point,IH,Occupational Interest High-Point,1.00,02/2026,Machine Learning/Expert
27-4021.00,Photographers,1.B.1.h,Second Interest High-Point,IH,Occupational Interest High-Point,3.00,02/2026,Machine Learning/Expert
27-4021.00,Photographers,1.B.1.i,Third Interest High-Point,IH,Occupational Interest High-Point,0.00,02/2026,Machine Learning/Expert
27-4031.00,"Camera Operators, Television, Video, and Film",1.B.1.a,Realistic,OI,Occupational Interests,4.89,02/2026,Machine Learning/Expert
27-4031.00,"Camera Operators, Television, Video, and Film",1.B.1.b,Investigative,OI,Occupational Interests,2.00,02/2026,Machine Learning/Expert
27-4031.00,"Camera Operators, Television, Video, and Film",1.B.1.c,Artistic,OI,Occupational Interests,5.04,02/2026,Machine Learning/Expert
27-4031.00,"Camera Operators, Television, Video, and Film",1.B.1.d,Social,OI,Occupational Interests,1.80,02/2026,Machine Learning/Expert
27-4031.00,"Camera Operators, Television, Video, and Film",1.B.1.e,Enterprising,OI,Occupational Interests,2.28,02/2026,Machine Learning/Expert
27-4031.00,"Camera Operators, Television, Video, and Film",1.B.1.f,Conventional,OI,Occupational Interests,3.65,02/2026,Machine Learning/Expert
27-4031.00,"Camera Operators, Television, Video, and Film",1.B.1.g,First Interest High-Point,IH,Occupational Interest High-Point,3.00,02/2026,Machine Learning/Expert
27-4031.00,"Camera Operators, Television, Video, and Film",1.B.1.h,Second Interest High-Point,IH,Occupational Interest High-Point,1.00,02/2026,Machine Learning/Expert
27-4031.00,"Camera Operators, Television, Video, and Film",1.B.1.i,Third Interest High-Point,IH,Occupational Interest High-Point,6.00,02/2026,Machine Learning/Expert
27-4032.00,Film and Video Editors,1.B.1.a,Realistic,OI,Occupational Interests,3.14,02/2026,Machine Learning/Expert
27-4032.00,Film and Video Editors,1.B.1.b,Investigative,OI,Occupational Interests,1.91,02/2026,Machine Learning/Expert
27-4032.00,Film and Video Editors,1.B.1.c,Artistic,OI,Occupational Interests,5.61,02/2026,Machine Learning/Expert
27-4032.00,Film and Video Editors,1.B.1.d,Social,OI,Occupational Interests,1.96,02/2026,Machine Learning/Expert
27-4032.00,Film and Video Editors,1.B.1.e,Enterprising,OI,Occupational Interests,3.08,02/2026,Machine Learning/Expert
27-4032.00,Film and Video Editors,1.B.1.f,Conventional,OI,Occupational Interests,3.75,02/2026,Machine Learning/Expert
27-4032.00,Film and Video Editors,1.B.1.g,First Interest High-Point,IH,Occupational Interest High-Point,3.00,02/2026,Machine Learning/Expert
27-4032.00,Film and Video Editors,1.B.1.h,Second Interest High-Point,IH,Occupational Interest High-Point,6.00,02/2026,Machine Learning/Expert
27-4032.00,Film and Video Editors,1.B.1.i,Third Interest High-Point,IH,Occupational Interest High-Point,0.00,02/2026,Machine Learning/Expert
29-1011.00,Chiropractors,1.B.1.a,Realistic,OI,Occupational Interests,5.53,02/2026,Machine Learning/Expert
29-1011.00,Chiropractors,1.B.1.b,Investigative,OI,Occupational Interests,4.77,02/2026,Machine Learning/Expert
29-1011.00,Chiropractors,1.B.1.c,Artistic,OI,Occupational Interests,1.34,02/2026,Machine Learning/Expert
29-1011.00,Chiropractors,1.B.1.d,Social,OI,Occupational Interests,5.56,02/2026,Machine Learning/Expert
29-1011.00,Chiropractors,1.B.1.e,Enterprising,OI,Occupational Interests,2.13,02/2026,Machine Learning/Expert
29-1011.00,Chiropractors,1.B.1.f,Conventional,OI,Occupational Interests,3.55,02/2026,Machine Learning/Expert
29-1011.00,Chiropractors,1.B.1.g,First Interest High-Point,IH,Occupational Interest High-Point,4.00,02/2026,Machine Learning/Expert
29-1011.00,Chiropractors,1.B.1.h,Second Interest High-Point,IH,Occupational Interest High-Point,1.00,02/2026,Machine Learning/Expert
29-1011.00,Chiropractors,1.B.1.i,Third Interest High-Point,IH,Occupational Interest High-Point,2.00,02/2026,Machine Learning/Expert
29-1021.00,"Dentists, General",1.B.1.a,Realistic,OI,Occupational Interests,5.23,02/2026,Machine Learning/Expert
29-1021.00,"Dentists, General",1.B.1.b,Investigative,OI,Occupational Interests,5.48,02/2026,Machine Learning/Expert
29-1021.00,"Dentists, General",1.B.1.c,Artistic,OI,Occupational Interests,1.17,02/2026,Machine Learning/Expert
29-1021.00,"Dentists, General",1.B.1.d,Social,OI,Occupational Interests,4.41,02/2026,Machine Learning/Expert
29-1021.00,"Dentists, General",1.B.1.e,Enterprising,OI,Occupational Interests,2.00,02/2026,Machine Learning/Expert
29-1021.00,"Dentists, General",1.B.1.f,Conventional,OI,Occupational Interests,3.71,02/2026,Machine Learning/Expert
29-1021.00,"Dentists, General",1.B.1.g,First Interest High-Point,IH,Occupational Interest High-Point,2.00,02/2026,Machine Learning/Expert
29-1021.00,"Dentists, General",1.B.1.h,Second Interest High-Point,IH,Occupational Interest High-Point,1.00,02/2026,Machine Learning/Expert
29-1021.00,"Dentists, General",1.B.1.i,Third Interest High-Point,IH,Occupational Interest High-Point,4.00,02/2026,Machine Learning/Expert
29-1022.00,Oral and Maxillofacial Surgeons,1.B.1.a,Realistic,OI,Occupational Interests,5.75,02/2026,Machine Learning/Expert
29-1022.00,Oral and Maxillofacial Surgeons,1.B.1.b,Investigative,OI,Occupational Interests,5.84,02/2026,Machine Learning/Expert
29-1022.00,Oral and Maxillofacial Surgeons,1.B.1.c,Artistic,OI,Occupational Interests,1.17,02/2026,Machine Learning/Expert
29-1022.00,Oral and Maxillofacial Surgeons,1.B.1.d,Social,OI,Occupational Interests,4.47,02/2026,Machine Learning/Expert
29-1022.00,Oral and Maxillofacial Surgeons,1.B.1.e,Enterprising,OI,Occupational Interests,2.17,02/2026,Machine Learning/Expert
29-1022.00,Oral and Maxillofacial Surgeons,1.B.1.f,Conventional,OI,Occupational Interests,3.60,02/2026,Machine Learning/Expert
29-1022.00,Oral and Maxillofacial Surgeons,1.B.1.g,First Interest High-Point,IH,Occupational Interest High-Point,2.00,02/2026,Machine Learning/Expert
29-1022.00,Oral and Maxillofacial Surgeons,1.B.1.h,Second Interest High-Point,IH,Occupational Interest High-Point,1.00,02/2026,Machine Learning/Expert
29-1022.00,Oral and Maxillofacial Surgeons,1.B.1.i,Third Interest High-Point,IH,Occupational Interest High-Point,4.00,02/2026,Machine Learning/Expert
29-1023.00,Orthodontists,1.B.1.a,Realistic,OI,Occupational Interests,5.60,02/2026,Machine Learning/Expert
29-1023.00,Orthodontists,1.B.1.b,Investigative,OI,Occupational Interests,5.72,02/2026,Machine Learning/Expert
29-1023.00,Orthodontists,1.B.1.c,Artistic,OI,Occupational Interests,1.57,02/2026,Machine Learning/Expert
29-1023.00,Orthodontists,1.B.1.d,Social,OI,Occupational Interests,4.01,02/2026,Machine Learning/Expert
29-1023.00,Orthodontists,1.B.1.e,Enterprising,OI,Occupational Interests,1.45,02/2026,Machine Learning/Expert
29-1023.00,Orthodontists,1.B.1.f,Conventional,OI,Occupational Interests,4.58,02/2026,Machine Learning/Expert
29-1023.00,Orthodontists,1.B.1.g,First Interest High-Point,IH,Occupational Interest High-Point,2.00,02/2026,Machine Learning/Expert
29-1023.00,Orthodontists,1.B.1.h,Second Interest High-Point,IH,Occupational Interest High-Point,1.00,02/2026,Machine Learning/Expert
29-1023.00,Orthodontists,1.B.1.i,Third Interest High-Point,IH,Occupational Interest High-Point,6.00,02/2026,Machine Learning/Expert
29-1024.00,Prosthodontists,1.B.1.a,Realistic,OI,Occupational Interests,6.17,02/2026,Machine Learning/Expert
