O*NET-SOC Code,Title,Task ID,Task,Task Type,Incumbents Responding,Date,Domain Source
11-1011.00,Chief Executives,8823,"Direct or coordinate an organization's financial or budget activities to fund operations, maximize investments, or increase efficiency.",Core,95,08/2023,Incumbent
11-1011.00,Chief Executives,8824,"Confer with board members, organization officials, or staff members to discuss issues, coordinate activities, or resolve problems.",Core,95,08/2023,Incumbent
11-1011.00,Chief Executives,8827,"Prepare budgets for approval, including those for funding or implementation of programs.",Core,95,08/2023,Incumbent
11-1011.00,Chief Executives,8826,"Direct, plan, or implement policies, objectives, or activities of organizations or businesses to ensure continuing operations, to maximize returns on investments, or to increase productivity.",Core,94,08/2023,Incumbent
11-1011.00,Chief Executives,8834,"Prepare or present reports concerning activities, expenses, budgets, government statutes or rulings, or other items affecting businesses or program services.",Core,95,08/2023,Incumbent
11-1011.00,Chief Executives,8836,Implement corrective action plans to solve organizational or departmental problems.,Core,94,08/2023,Incumbent
11-1011.00,Chief Executives,8825,"Analyze operations to evaluate performance of a company or its staff in meeting objectives or to determine areas of potential cost reduction, program improvement, or policy change.",Core,94,08/2023,Incumbent
11-1011.00,Chief Executives,8828,"Direct or coordinate activities of businesses or departments concerned with production, pricing, sales, or distribution of products.",Core,94,08/2023,Incumbent
11-1011.00,Chief Executives,8832,"Direct human resources activities, including the approval of human resource plans or activities, the selection of directors or other high-level staff, or establishment or organization of major departments.",Core,94,08/2023,Incumbent
11-1011.00,Chief Executives,8831,Appoint department heads or managers and assign or delegate responsibilities to them.,Core,93,08/2023,Incumbent
11-1011.00,Chief Executives,8843,"Interpret and explain policies, rules, regulations, or laws to organizations, government or corporate officials, or individuals.",Core,95,08/2023,Incumbent
11-1011.00,Chief Executives,8830,Review reports submitted by staff members to recommend approval or to suggest changes.,Core,95,08/2023,Incumbent
11-1011.00,Chief Executives,8829,"Negotiate or approve contracts or agreements with suppliers, distributors, federal or state agencies, or other organizational entities.",Core,95,08/2023,Incumbent
11-1011.00,Chief Executives,8835,Establish departmental responsibilities and coordinate functions among departments and sites.,Core,95,08/2023,Incumbent
11-1011.00,Chief Executives,8839,"Deliver speeches, write articles, or present information at meetings or conventions to promote services, exchange ideas, or accomplish objectives.",Core,95,08/2023,Incumbent
11-1011.00,Chief Executives,8840,"Serve as liaisons between organizations, shareholders, and outside organizations.",Core,95,08/2023,Incumbent
11-1011.00,Chief Executives,8837,"Coordinate the development or implementation of budgetary control systems, recordkeeping systems, or other administrative control processes.",Core,94,08/2023,Incumbent
11-1011.00,Chief Executives,8833,"Preside over, or serve on, boards of directors, management committees, or other governing boards.",Core,94,08/2023,Incumbent
11-1011.00,Chief Executives,8849,Attend and participate in meetings of municipal councils or council committees.,Core,94,08/2023,Incumbent
11-1011.00,Chief Executives,8850,Organize or approve promotional campaigns.,Core,95,08/2023,Incumbent
11-1011.00,Chief Executives,8842,Nominate citizens to boards or commissions.,Supplemental,94,08/2023,Incumbent
11-1011.00,Chief Executives,8851,"Conduct or direct investigations or hearings to resolve complaints or violations of laws, or testify at such hearings.",Supplemental,95,08/2023,Incumbent
11-1011.00,Chief Executives,8847,Direct or coordinate activities of businesses involved with buying or selling investment products or financial services.,Supplemental,94,08/2023,Incumbent
11-1011.00,Chief Executives,8853,"Prepare bylaws approved by elected officials, and ensure that bylaws are enforced.",Supplemental,94,08/2023,Incumbent
11-1011.00,Chief Executives,8844,"Make presentations to legislative or other government committees regarding policies, programs, or budgets.",Supplemental,94,08/2023,Incumbent
11-1011.00,Chief Executives,20461,"Review and analyze legislation, laws, or public policy and recommend changes to promote or support interests of the general population or special groups.",Supplemental,94,08/2023,Incumbent
11-1011.00,Chief Executives,8838,"Direct non-merchandising departments, such as advertising, purchasing, credit, or accounting.",Supplemental,94,08/2023,Incumbent
11-1011.00,Chief Executives,8845,Refer major policy matters to elected representatives for final decisions.,Supplemental,94,08/2023,Incumbent
11-1011.00,Chief Executives,8848,Direct or conduct studies or research on issues affecting areas of responsibility.,Supplemental,94,08/2023,Incumbent
11-1011.00,Chief Executives,8846,"Administer programs for selection of sites, construction of buildings, or provision of equipment or supplies.",Supplemental,94,08/2023,Incumbent
11-1011.00,Chief Executives,8852,"Represent organizations or promote their objectives at official functions, or delegate representatives to do so.",Supplemental,94,08/2023,Incumbent
11-1011.03,Chief Sustainability Officers,15382,Monitor and evaluate effectiveness of sustainability programs.,Core,27,08/2021,Occupational Expert
11-1011.03,Chief Sustainability Officers,15384,"Develop or execute strategies to address issues such as energy use, resource conservation, recycling, pollution reduction, waste elimination, transportation, education, and building design.",Core,27,08/2021,Occupational Expert
11-1011.03,Chief Sustainability Officers,15379,"Develop, or oversee the development of, sustainability evaluation or monitoring systems.",Core,27,08/2021,Occupational Expert
11-1011.03,Chief Sustainability Officers,15372,Supervise employees or volunteers working on sustainability projects.,Core,27,08/2021,Occupational Expert
11-1011.03,Chief Sustainability Officers,15378,"Develop sustainability reports, presentations, or proposals for supplier, employee, academia, media, government, public interest, or other groups.",Core,27,08/2021,Occupational Expert
11-1011.03,Chief Sustainability Officers,15380,"Develop, or oversee the development of, marketing or outreach media for sustainability projects or events.",Core,27,08/2021,Occupational Expert
11-1011.03,Chief Sustainability Officers,15368,Identify and evaluate pilot projects or programs to enhance the sustainability research agenda.,Core,27,08/2021,Occupational Expert
11-1011.03,Chief Sustainability Officers,15370,"Create and maintain sustainability program documents, such as schedules and budgets.",Core,27,08/2021,Occupational Expert
11-1011.03,Chief Sustainability Officers,15375,Formulate or implement sustainability campaign or marketing strategies.,Core,27,08/2021,Occupational Expert
11-1011.03,Chief Sustainability Officers,15376,"Research environmental sustainability issues, concerns, or stakeholder interests.",Core,27,08/2021,Occupational Expert
11-1011.03,Chief Sustainability Officers,15383,Direct sustainability program operations to ensure compliance with environmental or governmental regulations.,Core,27,08/2021,Occupational Expert
11-1011.03,Chief Sustainability Officers,15377,"Evaluate and approve proposals for sustainability projects, considering factors such as cost effectiveness, technical feasibility, and integration with other initiatives.",Core,27,08/2021,Occupational Expert
11-1011.03,Chief Sustainability Officers,15381,Develop methodologies to assess the viability or success of sustainability initiatives.,Core,27,08/2021,Occupational Expert
11-1011.03,Chief Sustainability Officers,15374,"Review sustainability program objectives, progress, or status to ensure compliance with policies, standards, regulations, or laws.",Core,27,08/2021,Occupational Expert
11-1011.03,Chief Sustainability Officers,15373,Write and distribute financial or environmental impact reports.,Core,27,08/2021,Occupational Expert
11-1011.03,Chief Sustainability Officers,15371,"Write project proposals, grant applications, or other documents to pursue funding for environmental initiatives.",Core,27,08/2021,Occupational Expert
11-1011.03,Chief Sustainability Officers,15367,"Identify educational, training, or other development opportunities for sustainability employees or volunteers.",Core,27,08/2021,Occupational Expert
11-1011.03,Chief Sustainability Officers,15369,Conduct risk assessments related to sustainability and the environment.,Core,27,08/2021,Occupational Expert
11-1021.00,General and Operations Managers,20699,"Review financial statements, sales or activity reports, or other performance data to measure productivity or goal achievement or to identify areas needing cost reduction or program improvement.",Core,82,08/2023,Incumbent
11-1021.00,General and Operations Managers,933,"Direct and coordinate activities of businesses or departments concerned with the production, pricing, sales, or distribution of products.",Core,82,08/2023,Incumbent
11-1021.00,General and Operations Managers,20700,Direct administrative activities directly related to making products or providing services.,Core,82,08/2023,Incumbent
11-1021.00,General and Operations Managers,20701,Prepare staff work schedules and assign specific duties.,Core,82,08/2023,Incumbent
11-1021.00,General and Operations Managers,20703,"Direct or coordinate financial or budget activities to fund operations, maximize investments, or increase efficiency.",Core,82,08/2023,Incumbent
11-1021.00,General and Operations Managers,20706,"Plan or direct activities, such as sales promotions, that require coordination with other department managers.",Core,82,08/2023,Incumbent
11-1021.00,General and Operations Managers,20705,"Perform personnel functions, such as selection, training, or evaluation.",Core,82,08/2023,Incumbent
11-1021.00,General and Operations Managers,20704,"Establish or implement departmental policies, goals, objectives, or procedures in conjunction with board members, organization officials, or staff members.",Core,82,08/2023,Incumbent
11-1021.00,General and Operations Managers,20702,Monitor suppliers to ensure that they efficiently and effectively provide needed goods or services within budgetary limits.,Core,82,08/2023,Incumbent
11-1021.00,General and Operations Managers,20708,"Manage the movement of goods into and out of production facilities to ensure efficiency, effectiveness, or sustainability of operations.",Supplemental,82,08/2023,Incumbent
11-1021.00,General and Operations Managers,20707,"Set prices or credit terms for goods or services, based on forecasts of customer demand.",Supplemental,81,08/2023,Incumbent
11-1021.00,General and Operations Managers,944,"Perform sales floor work, such as greeting or assisting customers, stocking shelves, or taking inventory.",Supplemental,82,08/2023,Incumbent
11-1021.00,General and Operations Managers,945,"Develop or implement product-marketing strategies, including advertising campaigns or sales promotions.",Supplemental,81,08/2023,Incumbent
11-1021.00,General and Operations Managers,947,"Direct non-merchandising departments of businesses, such as advertising or purchasing.",Supplemental,82,08/2023,Incumbent
11-1021.00,General and Operations Managers,19501,"Implement or oversee environmental management or sustainability programs addressing issues such as recycling, conservation, or waste management.",Supplemental,82,08/2023,Incumbent
11-1021.00,General and Operations Managers,949,Plan store layouts or design displays.,Supplemental,82,08/2023,Incumbent
11-1021.00,General and Operations Managers,948,"Recommend locations for new facilities, or oversee the remodeling or renovating of current facilities.",Supplemental,82,08/2023,Incumbent
11-1031.00,Legislators,15267,Analyze and understand the local and national implications of proposed legislation.,,,06/2006,Analyst
11-1031.00,Legislators,15268,"Appoint nominees to leadership posts, or approve such appointments.",,,06/2006,Analyst
11-1031.00,Legislators,15269,Confer with colleagues to formulate positions and strategies pertaining to pending issues.,,,06/2006,Analyst
11-1031.00,Legislators,15270,"Debate the merits of proposals and bill amendments during floor sessions, following the appropriate rules of procedure.",,,06/2006,Analyst
11-1031.00,Legislators,15271,Develop expertise in subject matters related to committee assignments.,,,06/2006,Analyst
11-1031.00,Legislators,15272,"Hear testimony from constituents, representatives of interest groups, board and commission members, and others with an interest in bills or issues under consideration.",,,06/2006,Analyst
11-1031.00,Legislators,15273,"Keep abreast of the issues affecting constituents by making personal visits and phone calls, reading local newspapers, and viewing or listening to local broadcasts.",,,06/2006,Analyst
11-1031.00,Legislators,15274,Maintain knowledge of relevant national and international current events.,,,06/2006,Analyst
11-1031.00,Legislators,15275,"Make decisions that balance the perspectives of private citizens, public officials, and party leaders.",,,06/2006,Analyst
11-1031.00,Legislators,15276,"Negotiate with colleagues or members of other political parties in order to reconcile differing interests, and to create policies and agreements.",,,06/2006,Analyst
11-1031.00,Legislators,15277,"Prepare drafts of amendments, government policies, laws, rules, regulations, budgets, programs and procedures.",,,06/2006,Analyst
11-1031.00,Legislators,15278,Read and review concerns of constituents or the general public and determine if governmental action is necessary.,,,06/2006,Analyst
11-1031.00,Legislators,15279,"Represent their parties in negotiations with political executives or members of other parties, and when speaking with the media.",,,06/2006,Analyst
11-1031.00,Legislators,15280,"Review bills in committee, and make recommendations about their future.",,,06/2006,Analyst
11-1031.00,Legislators,15281,Seek federal funding for local projects and programs.,,,06/2006,Analyst
11-1031.00,Legislators,15282,"Serve on commissions, investigative panels, study groups, and committees in order to examine specialized areas and recommend action.",,,06/2006,Analyst
11-1031.00,Legislators,15283,"Vote on motions, amendments, and decisions on whether or not to report a bill out from committee to the assembly floor.",,,06/2006,Analyst
11-1031.00,Legislators,15284,"Write, prepare, and deliver statements for the Congressional Record.",,,06/2006,Analyst
11-1031.00,Legislators,15285,"Alert constituents of government actions and programs by way of newsletters, personal appearances at town meetings, phone calls, and individual meetings.",,,06/2006,Analyst
11-1031.00,Legislators,15286,"Attend receptions, dinners, and conferences to meet people, exchange views and information, and develop working relationships.",,,06/2006,Analyst
11-1031.00,Legislators,15287,"Conduct ""head counts"" to help predict the outcome of upcoming votes.",,,06/2006,Analyst
11-1031.00,Legislators,15288,"Determine campaign strategies for media advertising, positions on issues, and public appearances.",,,06/2006,Analyst
11-1031.00,Legislators,15289,Encourage and support party candidates for political office.,,,06/2006,Analyst
11-1031.00,Legislators,15290,"Establish personal offices in local districts or states, and manage office staff.",,,06/2006,Analyst
11-1031.00,Legislators,15291,"Evaluate the structure, efficiency, activities, and performance of government agencies.",,,06/2006,Analyst
11-1031.00,Legislators,15292,"Organize and maintain campaign organizations and fundraisers, in order to raise money for election or re-election.",,,06/2006,Analyst
11-1031.00,Legislators,15293,"Oversee expense allowances, ensuring that accounts are balanced at the end of each fiscal year.",,,06/2006,Analyst
11-1031.00,Legislators,15294,Promote the industries and products of their electoral districts.,,,06/2006,Analyst
11-1031.00,Legislators,15295,"Represent their government at local, national, and international meetings and conferences.",,,06/2006,Analyst
11-1031.00,Legislators,15296,Speak to students to encourage and support the development of future political leaders.,,,06/2006,Analyst
11-2011.00,Advertising and Promotions Managers,3224,"Plan and prepare advertising and promotional material to increase sales of products or services, working with customers, company officials, sales departments, and advertising agencies.",Core,48,08/2026,Incumbent
11-2011.00,Advertising and Promotions Managers,3226,"Inspect layouts and advertising copy, and edit scripts, audio, video, and other promotional material for adherence to specifications.",Core,48,08/2026,Incumbent
11-2011.00,Advertising and Promotions Managers,3227,"Coordinate activities of departments, such as sales, graphic arts, media, finance, and research.",Core,47,08/2026,Incumbent
11-2011.00,Advertising and Promotions Managers,21222,"Develop communications materials, advertisements, presentations, or public relations initiatives to promote awareness of products and services.",Core,47,08/2026,Incumbent
11-2011.00,Advertising and Promotions Managers,21223,"Develop comprehensive marketing strategies, using knowledge of products and technologies, markets, and regulations.",Core,47,08/2026,Incumbent
11-2011.00,Advertising and Promotions Managers,3237,"Direct, motivate, and monitor the mobilization of a campaign team to advance campaign goals.",Core,48,08/2026,Incumbent
11-2011.00,Advertising and Promotions Managers,3223,Prepare budgets and submit estimates for program costs as part of campaign plan development.,Core,47,08/2026,Incumbent
11-2011.00,Advertising and Promotions Managers,21225,"Maintain portfolios of marketing campaigns, strategies, and other marketing products or ideas.",Core,48,08/2026,Incumbent
11-2011.00,Advertising and Promotions Managers,21218,Analyze the effectiveness of marketing tactics or channels.,Core,48,08/2026,Incumbent
11-2011.00,Advertising and Promotions Managers,21221,"Coordinate with marketing team members, graphic artists, and other workers to develop and implement marketing programs.",Core,47,08/2026,Incumbent
11-2011.00,Advertising and Promotions Managers,21220,"Conduct research on consumer opinions and buying habits, and identify target audiences for products, services, or technologies.",Core,48,08/2026,Incumbent
11-2011.00,Advertising and Promotions Managers,3239,"Track program budgets, expenses, and campaign response rates to evaluate each campaign, based on program objectives and industry norms.",Core,47,08/2026,Incumbent
11-2011.00,Advertising and Promotions Managers,3242,Coordinate with the media to disseminate advertising.,Core,48,08/2026,Incumbent
11-2011.00,Advertising and Promotions Managers,3231,"Confer with department heads or staff to discuss topics such as contracts, selection of advertising media, or product to be advertised.",Core,48,08/2026,Incumbent
11-2011.00,Advertising and Promotions Managers,21217,Analyze marketing or sales trends to forecast future conditions.,Core,48,08/2026,Incumbent
11-2011.00,Advertising and Promotions Managers,3228,Prepare and negotiate advertising and sales contracts.,Core,47,08/2026,Incumbent
11-2011.00,Advertising and Promotions Managers,3233,Monitor and analyze sales promotion results to determine cost effectiveness of promotion campaigns.,Core,47,08/2026,Incumbent
11-2011.00,Advertising and Promotions Managers,3245,Represent company at trade association meetings to promote products.,Core,47,08/2026,Incumbent
11-2011.00,Advertising and Promotions Managers,21224,"Devise or evaluate methods and procedures for collecting data, such as surveys, opinion polls, and questionnaires.",Core,48,08/2026,Incumbent
11-2011.00,Advertising and Promotions Managers,3243,Contact organizations to explain services and facilities offered.,Core,48,08/2026,Incumbent
11-2011.00,Advertising and Promotions Managers,3234,"Read trade journals and professional literature to stay informed on trends, innovations, and changes that affect media planning.",Core,47,08/2026,Incumbent
11-2011.00,Advertising and Promotions Managers,21219,"Attend or participate in conferences, community events, and promotional events related to products or technologies.",Core,48,08/2026,Incumbent
11-2011.00,Advertising and Promotions Managers,18586,"Manage sales team, including setting goals, providing incentives, and evaluating employee performance.",Supplemental,47,08/2026,Incumbent
11-2011.00,Advertising and Promotions Managers,3235,Formulate plans to extend business with established accounts and to transact business as agent for advertising accounts.,Supplemental,48,08/2026,Incumbent
11-2011.00,Advertising and Promotions Managers,3238,Plan and execute advertising policies and strategies for organizations.,Supplemental,47,08/2026,Incumbent
11-2011.00,Advertising and Promotions Managers,3229,"Identify and develop contacts for promotional campaigns and industry programs that meet identified buyer targets, such as dealers, distributors, or consumers.",Supplemental,48,08/2026,Incumbent
11-2011.00,Advertising and Promotions Managers,3241,Train and direct workers engaged in developing and producing advertisements.,Supplemental,48,08/2026,Incumbent
11-2011.00,Advertising and Promotions Managers,3236,Provide presentation and product demonstration support during the introduction of new products and services to field staff and customers.,Supplemental,48,08/2026,Incumbent
11-2011.00,Advertising and Promotions Managers,3240,"Assemble and communicate with a strong, diverse coalition of organizations or public figures, securing their cooperation, support, and action, to further campaign goals.",Supplemental,47,08/2026,Incumbent
11-2011.00,Advertising and Promotions Managers,3244,Direct and coordinate product research and development.,Supplemental,47,08/2026,Incumbent
11-2021.00,Marketing Managers,20709,"Formulate, direct, or coordinate marketing activities or policies to promote products or services, working with advertising or promotion managers.",Core,66,08/2026,Incumbent
11-2021.00,Marketing Managers,958,"Use sales forecasting or strategic planning to ensure the sale and profitability of products, lines, or services, analyzing business developments and monitoring market trends.",Core,66,08/2026,Incumbent
11-2021.00,Marketing Managers,951,"Identify, develop, or evaluate marketing strategy, based on knowledge of establishment objectives, market characteristics, and cost and markup factors.",Core,66,08/2026,Incumbent
11-2021.00,Marketing Managers,954,"Direct the hiring, training, or performance evaluations of marketing or sales staff and oversee their daily activities.",Core,66,08/2026,Incumbent
11-2021.00,Marketing Managers,952,"Evaluate the financial aspects of product development, such as budgets, expenditures, research and development appropriations, or return-on-investment and profit-loss projections.",Core,66,08/2026,Incumbent
11-2021.00,Marketing Managers,950,"Develop pricing strategies, balancing firm objectives and customer satisfaction.",Core,66,08/2026,Incumbent
11-2021.00,Marketing Managers,963,"Initiate market research studies, or analyze their findings.",Core,66,08/2026,Incumbent
11-2021.00,Marketing Managers,957,Compile lists describing product or service offerings.,Core,66,08/2026,Incumbent
11-2021.00,Marketing Managers,956,"Consult with product development personnel on product specifications, such as design, color, or packaging.",Core,66,08/2026,Incumbent
11-2021.00,Marketing Managers,19505,"Recommend modifications to products, packaging, production processes, or other characteristics to improve the environmental soundness or sustainability of products.",Core,66,08/2026,Incumbent
11-2021.00,Marketing Managers,965,Conduct economic or commercial surveys to identify potential markets for products or services.,Core,66,08/2026,Incumbent
11-2021.00,Marketing Managers,961,"Coordinate or participate in promotional activities or trade shows, working with developers, advertisers, or production managers, to market products or services.",Core,66,08/2026,Incumbent
11-2021.00,Marketing Managers,964,Consult with buying personnel to gain advice regarding the types of products or services expected to be in demand.,Supplemental,66,08/2026,Incumbent
11-2021.00,Marketing Managers,955,"Negotiate contracts with vendors or distributors to manage product distribution, establishing distribution networks or developing distribution strategies.",Supplemental,66,08/2026,Incumbent
11-2021.00,Marketing Managers,960,"Confer with legal staff to resolve problems, such as copyright infringement or royalty sharing with outside producers or distributors.",Supplemental,66,08/2026,Incumbent
11-2021.00,Marketing Managers,19502,Consult with buying personnel to gain advice regarding environmentally sound or sustainable products.,Supplemental,66,08/2026,Incumbent
11-2021.00,Marketing Managers,962,"Advise business or other groups on local, national, or international factors affecting the buying or selling of products or services.",Supplemental,65,08/2026,Incumbent
11-2021.00,Marketing Managers,959,Select products or accessories to be displayed at trade or special production shows.,Supplemental,65,08/2026,Incumbent
11-2021.00,Marketing Managers,19504,"Integrate environmental information into product or company marketing strategies, policies, or activities.",Supplemental,65,08/2026,Incumbent
11-2021.00,Marketing Managers,19503,Develop business cases for environmental marketing strategies.,Supplemental,66,08/2026,Incumbent
11-2022.00,Sales Managers,14,Oversee regional and local sales managers and their staffs.,Core,21,08/2025,Occupational Expert
11-2022.00,Sales Managers,1,Resolve customer complaints regarding sales and service.,Core,21,08/2025,Occupational Expert
11-2022.00,Sales Managers,2,Monitor customer preferences to determine focus of sales efforts.,Core,21,08/2025,Occupational Expert
11-2022.00,Sales Managers,13,"Confer with potential customers regarding equipment needs, and advise customers on types of equipment to purchase.",Core,21,08/2025,Occupational Expert
11-2022.00,Sales Managers,5,Review operational records and reports to project sales and determine profitability.,Core,21,08/2025,Occupational Expert
11-2022.00,Sales Managers,11,"Plan and direct staffing, training, and performance evaluations to develop and control sales and service programs.",Core,21,08/2025,Occupational Expert
11-2022.00,Sales Managers,3,"Direct and coordinate activities involving sales of manufactured products, services, commodities, real estate, or other subjects of sale.",Core,21,08/2025,Occupational Expert
11-2022.00,Sales Managers,4,Determine price schedules and discount rates.,Core,21,08/2025,Occupational Expert
11-2022.00,Sales Managers,9,Prepare budgets and approve budget expenditures.,Core,21,08/2025,Occupational Expert
11-2022.00,Sales Managers,7,Confer or consult with department heads to plan advertising services and to secure information on equipment and customer specifications.,Core,21,08/2025,Occupational Expert
11-2022.00,Sales Managers,12,Visit franchised dealers to stimulate interest in establishment or expansion of leasing programs.,Core,21,08/2025,Occupational Expert
11-2022.00,Sales Managers,10,Represent company at trade association meetings to promote products.,Core,21,08/2025,Occupational Expert
11-2022.00,Sales Managers,8,Advise dealers and distributors on policies and operating procedures to ensure functional effectiveness of business.,Core,21,08/2025,Occupational Expert
11-2022.00,Sales Managers,6,"Direct, coordinate, and review sales and service accounting and record-keeping, as well as receiving and shipping.",Core,21,08/2025,Occupational Expert
11-2022.00,Sales Managers,15,"Direct clerical staff to keep records of export correspondence, bid requests, and credit collections, and to maintain current information on tariffs, licenses, and restrictions.",Core,21,08/2025,Occupational Expert
11-2022.00,Sales Managers,17,"Assess marketing potential of new and existing store locations, considering statistics and expenditures.",Supplemental,21,08/2025,Occupational Expert
11-2022.00,Sales Managers,16,Direct foreign sales and service outlets of an organization.,Supplemental,21,08/2025,Occupational Expert
11-2032.00,Public Relations Managers,21233,"Establish and maintain effective working relationships with clients, government officials, and media representatives and use these relationships to develop new business opportunities.",Core,31,08/2026,Occupational Expert
11-2032.00,Public Relations Managers,21226,"Assign, supervise, and review the activities of public relations staff.",Core,31,08/2026,Occupational Expert
11-2032.00,Public Relations Managers,21237,"Identify main client groups and audiences, determine the best way to communicate publicity information to them, and develop and implement a communication plan.",Core,31,08/2026,Occupational Expert
11-2032.00,Public Relations Managers,21230,"Develop, implement, or maintain crisis communication plans.",Core,31,08/2026,Occupational Expert
11-2032.00,Public Relations Managers,21245,"Write interesting and effective press releases, prepare information for media kits, and develop and maintain company internet or intranet web pages.",Core,31,08/2026,Occupational Expert
11-2032.00,Public Relations Managers,21239,Manage communications budgets.,Core,31,08/2026,Occupational Expert
11-2032.00,Public Relations Managers,21229,"Develop and maintain the company's corporate image and identity, which includes the use of logos and signage.",Core,31,08/2026,Occupational Expert
11-2032.00,Public Relations Managers,21235,"Facilitate consumer relations or the relationship between parts of the company, such as the managers and employees, or different branch offices.",Core,31,08/2026,Occupational Expert
11-2032.00,Public Relations Managers,21242,"Observe and report on social, economic, and political trends that might affect employers.",Core,31,08/2026,Occupational Expert
11-2032.00,Public Relations Managers,21232,Draft speeches for company executives and arrange interviews and other forms of contact for them.,Core,31,08/2026,Occupational Expert
11-2032.00,Public Relations Managers,21236,"Formulate policies and procedures related to public information programs, working with public relations executives.",Core,31,08/2026,Occupational Expert
11-2032.00,Public Relations Managers,21231,"Direct activities of external agencies, establishments, or departments that develop and implement communication strategies and information programs.",Core,31,08/2026,Occupational Expert
11-2032.00,Public Relations Managers,21244,Respond to requests for information about employers' activities or status.,Core,31,08/2026,Occupational Expert
11-2032.00,Public Relations Managers,21227,Confer with labor relations managers to develop internal communications that keep employees informed of company activities.,Core,31,08/2026,Occupational Expert
11-2032.00,Public Relations Managers,21234,Evaluate advertising and promotion programs for compatibility with public relations efforts.,Core,31,08/2026,Occupational Expert
11-2032.00,Public Relations Managers,21243,"Produce films and other video products, regulate their distribution, and operate film library.",Core,31,08/2026,Occupational Expert
11-2032.00,Public Relations Managers,21241,"Manage special events, such as sponsorship of races, parties introducing new products, or other activities the firm supports, to gain public attention through the media without advertising directly.",Core,31,08/2026,Occupational Expert
11-2032.00,Public Relations Managers,21228,"Design and edit promotional publications, such as brochures.",Core,31,08/2026,Occupational Expert
11-2032.00,Public Relations Managers,21240,Manage in-house communication courses.,Core,31,08/2026,Occupational Expert
11-2032.00,Public Relations Managers,21238,Maintain company archives.,Supplemental,31,08/2026,Occupational Expert
11-2033.00,Fundraising Managers,21252,Develop strategies to encourage new or increased contributions.,Core,56,08/2025,Incumbent
11-2033.00,Fundraising Managers,21258,Manage fundraising budgets.,Core,55,08/2025,Incumbent
11-2033.00,Fundraising Managers,21251,Develop fundraising activity plans that maximize participation or contributions and minimize costs.,Core,55,08/2025,Incumbent
11-2033.00,Fundraising Managers,21259,"Plan and direct special events for fundraising, such as silent auctions, dances, golf events, or walks.",Core,56,08/2025,Incumbent
11-2033.00,Fundraising Managers,21255,"Establish goals for soliciting funds, develop policies for collection and safeguarding of contributions, and coordinate disbursement of funds.",Core,55,08/2025,Incumbent
11-2033.00,Fundraising Managers,21254,"Establish and maintain effective working relationships with clients, government officials, and media representatives and use these relationships to develop new fundraising opportunities.",Core,55,08/2025,Incumbent
11-2033.00,Fundraising Managers,21247,Compile or develop materials to submit to granting or other funding organizations.,Core,56,08/2025,Incumbent
11-2033.00,Fundraising Managers,21249,"Contact corporate representatives, government officials, or community leaders to increase awareness of organizational causes, activities, or needs.",Core,55,08/2025,Incumbent
11-2033.00,Fundraising Managers,21248,"Conduct research to identify the goals, net worth, charitable donation history, or other data related to potential donors, potential investors, or general donor markets.",Core,55,08/2025,Incumbent
11-2033.00,Fundraising Managers,21261,"Write interesting and effective press releases, prepare information for media kits, and develop and maintain company internet or intranet Web pages.",Core,56,08/2025,Incumbent
11-2033.00,Fundraising Managers,21257,Formulate policies and procedures related to fundraising programs.,Core,55,08/2025,Incumbent
11-2033.00,Fundraising Managers,21246,"Assign, supervise, and review the activities of fundraising staff.",Core,55,08/2025,Incumbent
11-2033.00,Fundraising Managers,21256,Evaluate advertising and promotion programs for compatibility with fundraising efforts.,Core,55,08/2025,Incumbent
11-2033.00,Fundraising Managers,21250,"Design and edit promotional publications, such as brochures.",Core,55,08/2025,Incumbent
11-2033.00,Fundraising Managers,21253,"Direct activities of external agencies, establishments, or departments that develop and implement fundraising strategies and programs.",Supplemental,56,08/2025,Incumbent
11-2033.00,Fundraising Managers,21260,"Produce films and other video products, regulate their distribution, and operate film library.",Supplemental,55,08/2025,Incumbent
11-3012.00,Administrative Services Managers,21,Prepare and review operational reports and schedules to ensure accuracy and efficiency.,Core,133,07/2017,Incumbent
11-3012.00,Administrative Services Managers,20,Set goals and deadlines for the department.,Core,133,07/2017,Incumbent
11-3012.00,Administrative Services Managers,23,"Acquire, distribute and store supplies.",Core,133,07/2017,Incumbent
11-3012.00,Administrative Services Managers,22,"Analyze internal processes and recommend and implement procedural or policy changes to improve operations, such as supply changes or the disposal of records.",Core,134,07/2017,Incumbent
11-3012.00,Administrative Services Managers,30,Conduct classes to teach procedures to staff.,Core,134,07/2017,Incumbent
11-3012.00,Administrative Services Managers,24,"Plan, administer, and control budgets for contracts, equipment, and supplies.",Supplemental,133,07/2017,Incumbent
11-3012.00,Administrative Services Managers,26,Hire and terminate clerical and administrative personnel.,Supplemental,133,07/2017,Incumbent
11-3012.00,Administrative Services Managers,19,"Direct or coordinate the supportive services department of a business, agency, or organization.",Supplemental,133,07/2017,Incumbent
11-3012.00,Administrative Services Managers,21262,"Communicate with and provide guidance for external vendors and service providers to ensure the organization, department, or work unit's business needs are met.",,,11/2020,Analyst
11-3012.00,Administrative Services Managers,21263,Develop operational standards and procedures for the work unit or department.,,,11/2020,Analyst
11-3012.00,Administrative Services Managers,21264,Establish work procedures or schedules to organize the daily work of administrative staff.,,,11/2020,Analyst
11-3012.00,Administrative Services Managers,21265,Learn to operate new office technologies as they are developed and implemented.,,,11/2020,Analyst
11-3012.00,Administrative Services Managers,21266,"Manage paper or electronic filing systems by recording information, updating paperwork, or maintaining documents, such as attendance records or correspondence.",,,11/2020,Analyst
11-3012.00,Administrative Services Managers,21267,"Meet with other departmental leaders to establish organizational goals, strategic plans, and objectives, as well as make decisions about personnel, resources, and space or equipment needs.",,,11/2020,Analyst
11-3012.00,Administrative Services Managers,21268,"Oversee payroll functions, such as maintaining timekeeping information and processing and submitting payroll.",,,11/2020,Analyst
11-3012.00,Administrative Services Managers,21269,"Read through contracts, regulations, and procedural guidelines to ensure comprehension and compliance.",,,11/2020,Analyst
11-3012.00,Administrative Services Managers,21270,Represent work unit at meetings or conferences and serve as liaison for requests or complaints.,,,11/2020,Analyst
11-3012.00,Administrative Services Managers,21271,Supervise administrative staff and provide training and orientation to new staff.,,,11/2020,Analyst
11-3013.00,Facilities Managers,21276,"Monitor the facility to ensure that it remains safe, secure, and well-maintained.",Core,95,08/2024,Incumbent
11-3013.00,Facilities Managers,21278,"Oversee the maintenance and repair of machinery, equipment, and electrical and mechanical systems.",Core,95,08/2024,Incumbent
11-3013.00,Facilities Managers,21277,"Oversee construction and renovation projects to improve efficiency and to ensure that facilities meet environmental, health, and security standards, and comply with government regulations.",Core,94,08/2024,Incumbent
11-3013.00,Facilities Managers,21280,"Plan, administer, and control budgets for contracts, equipment, and supplies.",Core,94,08/2024,Incumbent
11-3013.00,Facilities Managers,21279,"Participate in architectural and engineering planning and design, including space and installation management.",Core,94,08/2024,Incumbent
11-3013.00,Facilities Managers,21282,Set goals and deadlines for the department.,Core,95,08/2024,Incumbent
11-3013.00,Facilities Managers,21273,Conduct classes to teach procedures to staff.,Core,95,08/2024,Incumbent
11-3013.00,Facilities Managers,21281,Prepare and review operational reports and schedules to ensure accuracy and efficiency.,Core,94,08/2024,Incumbent
11-3013.00,Facilities Managers,21272,"Acquire, distribute and store supplies.",Core,96,08/2024,Incumbent
11-3013.00,Facilities Managers,21274,"Dispose of, or oversee the disposal of, surplus or unclaimed property.",Core,96,08/2024,Incumbent
11-3013.00,Facilities Managers,21275,Manage leasing of facility space.,Supplemental,95,08/2024,Incumbent
11-3013.01,Security Managers,21291,Develop budgets for security operations.,Core,20,08/2025,Occupational Expert
11-3013.01,Security Managers,21298,"Identify, investigate, or resolve security breaches.",Core,20,08/2025,Occupational Expert
11-3013.01,Security Managers,21302,"Plan, direct, or coordinate security activities to safeguard company employees, guests, or others on company property.",Core,20,08/2025,Occupational Expert
11-3013.01,Security Managers,21297,Direct or participate in emergency management and contingency planning.,Core,20,08/2025,Occupational Expert
11-3013.01,Security Managers,21305,"Respond to medical emergencies, bomb threats, fire alarms, or intrusion alarms, following emergency response procedures.",Core,20,08/2025,Occupational Expert
11-3013.01,Security Managers,21283,"Analyze and evaluate security operations to identify risks or opportunities for improvement through auditing, review, or assessment.",Core,20,08/2025,Occupational Expert
11-3013.01,Security Managers,21290,"Create or implement security standards, policies, and procedures.",Core,20,08/2025,Occupational Expert
11-3013.01,Security Managers,21284,Assess risks to mitigate potential consequences of incidents and develop a plan to respond to incidents.,Core,20,08/2025,Occupational Expert
11-3013.01,Security Managers,21307,"Supervise or provide leadership to subordinate security professionals, performing activities such as hiring, investigating applicants' backgrounds, training, assigning work, evaluating performance, or disciplining.",Core,20,08/2025,Occupational Expert
11-3013.01,Security Managers,21295,"Develop, implement, manage, or evaluate policies and methods to protect personnel against harassment, threats, or violence.",Core,20,08/2025,Occupational Expert
11-3013.01,Security Managers,21296,"Develop, recommend, or manage security procedures for operations or processes, such as security call centers, access control, and reporting tools.",Core,20,08/2025,Occupational Expert
11-3013.01,Security Managers,21301,Plan security for special and high-risk events.,Core,20,08/2025,Occupational Expert
11-3013.01,Security Managers,21288,"Conduct threat or vulnerability analyses to determine probable frequency, criticality, consequence, or severity of natural or man-made disasters or criminal activity on the organization's profitability or delivery of products or services.",Core,20,08/2025,Occupational Expert
11-3013.01,Security Managers,21287,Conduct physical examinations of property to ensure compliance with security policies and regulations.,Core,20,08/2025,Occupational Expert
11-3013.01,Security Managers,21300,"Monitor security policies, programs or procedures to ensure compliance with internal security policies, or applicable government security requirements, policies, and directives.",Core,20,08/2025,Occupational Expert
11-3013.01,Security Managers,21289,"Coordinate security operations or activities with public law enforcement, fire and other agencies.",Core,20,08/2025,Occupational Expert
11-3013.01,Security Managers,21299,"Monitor and ensure a sound, ethical environment.",Core,20,08/2025,Occupational Expert
11-3013.01,Security Managers,21310,"Write or review security-related documents, such as incident reports, proposals, and tactical or strategic initiatives.",Core,20,08/2025,Occupational Expert
11-3013.01,Security Managers,21286,"Communicate security status, updates, and actual or potential problems, using established protocols.",Core,20,08/2025,Occupational Expert
11-3013.01,Security Managers,21309,Train subordinate security professionals or other organization members in security rules and procedures.,Core,20,08/2025,Occupational Expert
11-3013.01,Security Managers,21292,"Develop or manage investigation programs, including collection and preservation of video and notes of surveillance processes or investigative interviews.",Core,20,08/2025,Occupational Expert
11-3013.01,Security Managers,21303,"Prepare reports or make presentations on internal investigations, losses, or violations of regulations, policies and procedures.",Core,20,08/2025,Occupational Expert
11-3013.01,Security Managers,21285,"Attend meetings, professional seminars, or conferences to keep abreast of changes in executive legislative directives or new technologies impacting security operations.",Core,20,08/2025,Occupational Expert
11-3013.01,Security Managers,21304,"Purchase security-related supplies, equipment, or technology.",Core,20,08/2025,Occupational Expert
11-3013.01,Security Managers,21293,"Develop, arrange for, perform, or assess executive protection activities to reduce security risks.",Core,20,08/2025,Occupational Expert
11-3013.01,Security Managers,21306,Review financial reports to ensure efficiency and quality of security operations.,Core,20,08/2025,Occupational Expert
11-3013.01,Security Managers,21294,"Develop, conduct, support, or assist in governmental reviews, internal corporate evaluations, or assessments of the overall effectiveness of facility and personnel security processes.",Core,20,08/2025,Occupational Expert
11-3013.01,Security Managers,21308,Support efforts to reduce substance abuse or other illegal activities in the workplace.,Core,20,08/2025,Occupational Expert
11-3021.00,Computer and Information Systems Managers,968,"Direct daily operations of department, analyzing workflow, establishing priorities, developing standards and setting deadlines.",Core,76,07/2016,Incumbent
11-3021.00,Computer and Information Systems Managers,975,"Meet with department heads, managers, supervisors, vendors, and others, to solicit cooperation and resolve problems.",Core,76,07/2016,Incumbent
11-3021.00,Computer and Information Systems Managers,978,Review project plans to plan and coordinate project activity.,Core,75,07/2016,Incumbent
11-3021.00,Computer and Information Systems Managers,969,"Assign and review the work of systems analysts, programmers, and other computer-related workers.",Core,76,07/2016,Incumbent
11-3021.00,Computer and Information Systems Managers,15198,Provide users with technical support for computer problems.,Core,76,07/2016,Incumbent
11-3021.00,Computer and Information Systems Managers,971,"Develop computer information resources, providing for data security and control, strategic computing, and disaster recovery.",Core,76,07/2016,Incumbent
11-3021.00,Computer and Information Systems Managers,977,"Recruit, hire, train and supervise staff, or participate in staffing decisions.",Core,76,07/2016,Incumbent
11-3021.00,Computer and Information Systems Managers,970,Stay abreast of advances in technology.,Core,76,07/2016,Incumbent
11-3021.00,Computer and Information Systems Managers,967,"Consult with users, management, vendors, and technicians to assess computing needs and system requirements.",Core,76,07/2016,Incumbent
11-3021.00,Computer and Information Systems Managers,976,"Develop and interpret organizational goals, policies, and procedures.",Core,76,07/2016,Incumbent
11-3021.00,Computer and Information Systems Managers,973,"Evaluate the organization's technology use and needs and recommend improvements, such as hardware and software upgrades.",Core,76,07/2016,Incumbent
11-3021.00,Computer and Information Systems Managers,972,Review and approve all systems charts and programs prior to their implementation.,Core,76,07/2016,Incumbent
11-3021.00,Computer and Information Systems Managers,980,Prepare and review operational reports or project progress reports.,Core,76,07/2016,Incumbent
11-3021.00,Computer and Information Systems Managers,979,Evaluate data processing proposals to assess project feasibility and requirements.,Core,76,07/2016,Incumbent
11-3021.00,Computer and Information Systems Managers,974,Control operational budget and expenditures.,Core,76,07/2016,Incumbent
11-3021.00,Computer and Information Systems Managers,981,Purchase necessary equipment.,Core,76,07/2016,Incumbent
11-3021.00,Computer and Information Systems Managers,966,"Manage backup, security and user help systems.",Supplemental,76,07/2016,Incumbent
11-3031.00,Financial Managers,21311,Establish and maintain relationships with individual or business customers or provide assistance with problems these customers may encounter.,Core,61,08/2022,Incumbent
11-3031.00,Financial Managers,21319,Oversee the flow of cash or financial instruments.,Core,60,08/2022,Incumbent
11-3031.00,Financial Managers,21312,"Plan, direct, or coordinate the activities of workers in branches, offices, or departments of establishments, such as branch banks, brokerage firms, risk and insurance departments, or credit departments.",Core,61,08/2022,Incumbent
11-3031.00,Financial Managers,21313,Recruit staff members.,Core,60,08/2022,Incumbent
11-3031.00,Financial Managers,21315,Evaluate data pertaining to costs to plan budgets.,Core,59,08/2022,Incumbent
11-3031.00,Financial Managers,21316,Oversee training programs.,Core,61,08/2022,Incumbent
11-3031.00,Financial Managers,21327,"Establish procedures for custody or control of assets, records, loan collateral, or securities to ensure safekeeping.",Supplemental,61,08/2022,Incumbent
11-3031.00,Financial Managers,21322,Communicate with stockholders or other investors to provide information or to raise capital.,Supplemental,61,08/2022,Incumbent
11-3031.00,Financial Managers,21321,Develop or analyze information to assess the current or future financial status of firms.,Supplemental,61,08/2022,Incumbent
11-3031.00,Financial Managers,21318,"Approve, reject, or coordinate the approval or rejection of lines of credit or commercial, real estate, or personal loans.",Supplemental,61,08/2022,Incumbent
11-3031.00,Financial Managers,21320,"Prepare financial or regulatory reports required by laws, regulations, or boards of directors.",Supplemental,61,08/2022,Incumbent
11-3031.00,Financial Managers,21317,"Examine, evaluate, or process loan applications.",Supplemental,61,08/2022,Incumbent
11-3031.00,Financial Managers,21323,"Evaluate financial reporting systems, accounting or collection procedures, or investment activities and make recommendations for changes to procedures, operating systems, budgets, or other financial control functions.",Supplemental,60,08/2022,Incumbent
11-3031.00,Financial Managers,21325,Network within communities to find and attract new business.,Supplemental,61,08/2022,Incumbent
11-3031.00,Financial Managers,21314,Prepare operational or risk reports for management analysis.,Supplemental,61,08/2022,Incumbent
11-3031.00,Financial Managers,21326,Review collection reports to determine the status of collections and the amounts of outstanding balances.,Supplemental,61,08/2022,Incumbent
11-3031.00,Financial Managers,21329,Review reports of securities transactions or price lists to analyze market conditions.,Supplemental,61,08/2022,Incumbent
11-3031.01,Treasurers and Controllers,20168,"Monitor financial activities and details, such as cash flow and reserve levels, to ensure that all legal and regulatory requirements are met.",Core,24,08/2026,Occupational Expert
11-3031.01,Treasurers and Controllers,8870,Evaluate needs for procurement of funds and investment of surpluses and make appropriate recommendations.,Core,24,08/2026,Occupational Expert
11-3031.01,Treasurers and Controllers,8864,"Develop and maintain relationships with banking, insurance, and external accounting personnel to facilitate financial activities.",Core,23,08/2026,Occupational Expert
11-3031.01,Treasurers and Controllers,8858,"Delegate authority for the receipt, disbursement, banking, protection, and custody of funds, securities, and financial instruments.",Core,24,08/2026,Occupational Expert
11-3031.01,Treasurers and Controllers,8861,"Receive, record, and authorize requests for disbursements in accordance with company policies and procedures.",Core,24,08/2026,Occupational Expert
11-3031.01,Treasurers and Controllers,8868,"Advise management on short-term and long-term financial objectives, policies, and actions.",Core,24,08/2026,Occupational Expert
11-3031.01,Treasurers and Controllers,8865,"Coordinate and direct the financial planning, budgeting, procurement, or investment activities of all or part of an organization.",Core,24,08/2026,Occupational Expert
11-3031.01,Treasurers and Controllers,8856,"Prepare or direct preparation of financial statements, business activity reports, financial position forecasts, annual budgets, or reports required by regulatory agencies.",Core,24,08/2026,Occupational Expert
11-3031.01,Treasurers and Controllers,8866,"Develop internal control policies, guidelines, and procedures for activities, such as budget administration, cash and credit management, and accounting.",Core,24,08/2026,Occupational Expert
11-3031.01,Treasurers and Controllers,8872,Receive cash and checks and make deposits.,Core,24,08/2026,Occupational Expert
11-3031.01,Treasurers and Controllers,8867,"Analyze the financial details of past, present, and expected operations to identify development opportunities and areas where improvement is needed.",Core,23,08/2026,Occupational Expert
11-3031.01,Treasurers and Controllers,8859,"Maintain current knowledge of organizational policies and procedures, federal and state policies and directives, and current accounting standards.",Core,24,08/2026,Occupational Expert
11-3031.01,Treasurers and Controllers,8863,"Monitor and evaluate the performance of accounting and other financial staff, recommending and implementing personnel actions, such as promotions and dismissals.",Core,24,08/2026,Occupational Expert
11-3031.01,Treasurers and Controllers,8855,Prepare and file annual tax returns or prepare financial information so that outside accountants can complete tax returns.,Supplemental,24,08/2026,Occupational Expert
11-3031.01,Treasurers and Controllers,8857,"Supervise employees performing financial reporting, accounting, billing, collections, payroll, and budgeting duties.",Supplemental,23,08/2026,Occupational Expert
11-3031.01,Treasurers and Controllers,8873,"Compute, withhold, and account for all payroll deductions.",Supplemental,24,08/2026,Occupational Expert
11-3031.01,Treasurers and Controllers,20169,"Handle all aspects of employee insurance, benefits, and casualty programs, including monitoring changes in health insurance regulations and creating budgets for benefits and worker's compensation.",Supplemental,24,08/2026,Occupational Expert
11-3031.01,Treasurers and Controllers,8860,Conduct or coordinate audits of company accounts and financial transactions to ensure compliance with state and federal requirements and statutes.,Supplemental,23,08/2026,Occupational Expert
11-3031.01,Treasurers and Controllers,8874,Perform tax planning work.,Supplemental,24,08/2026,Occupational Expert
11-3031.01,Treasurers and Controllers,8869,Provide direction and assistance to other organizational units regarding accounting and budgeting policies and procedures and efficient control and utilization of financial resources.,Supplemental,24,08/2026,Occupational Expert
11-3031.01,Treasurers and Controllers,8875,"Determine depreciation rates to apply to capitalized items and advise management on actions regarding the purchase, lease, or disposal of such items.",Supplemental,23,08/2026,Occupational Expert
11-3031.01,Treasurers and Controllers,8871,Lead staff training and development in budgeting and financial management areas.,Supplemental,23,08/2026,Occupational Expert
11-3031.03,Investment Fund Managers,15678,Manage investment funds to maximize return on client investments.,Core,81,07/2014,Incumbent
11-3031.03,Investment Fund Managers,15679,Select specific investments or investment mixes for purchase by an investment fund.,Core,81,07/2014,Incumbent
11-3031.03,Investment Fund Managers,15669,Monitor financial or operational performance of individual investments to ensure portfolios meet risk goals.,Core,81,07/2014,Incumbent
11-3031.03,Investment Fund Managers,15676,Select or direct the execution of trades.,Core,81,07/2014,Incumbent
11-3031.03,Investment Fund Managers,15675,Develop or implement fund investment policies or strategies.,Core,81,07/2014,Incumbent
11-3031.03,Investment Fund Managers,15667,"Perform or evaluate research, such as detailed company or industry analyses, to inform financial forecasting, decision making, or valuation.",Core,81,07/2014,Incumbent
11-3031.03,Investment Fund Managers,15668,"Present investment information, such as product risks, fees, or fund performance statistics.",Core,81,07/2014,Incumbent
11-3031.03,Investment Fund Managers,15664,"Develop, implement, or monitor security valuation policies.",Core,80,07/2014,Incumbent
11-3031.03,Investment Fund Managers,15671,Meet with investors to determine investment goals or to discuss investment strategies.,Core,81,07/2014,Incumbent
11-3031.03,Investment Fund Managers,15665,Attend investment briefings or consult financial media to stay abreast of relevant investment markets.,Core,80,07/2014,Incumbent
11-3031.03,Investment Fund Managers,15660,Prepare for and respond to regulatory inquiries.,Core,81,07/2014,Incumbent
11-3031.03,Investment Fund Managers,15674,"Evaluate the potential of new product developments or market opportunities, according to factors such as business plans, technologies, or market potential.",Core,81,07/2014,Incumbent
11-3031.03,Investment Fund Managers,15662,Hire or evaluate staff.,Core,81,07/2014,Incumbent
11-3031.03,Investment Fund Managers,15670,Monitor regulatory or tax law changes to ensure fund compliance or to capitalize on development opportunities.,Core,81,07/2014,Incumbent
11-3031.03,Investment Fund Managers,15673,Develop or direct development of offering documents or marketing materials.,Core,81,07/2014,Incumbent
11-3031.03,Investment Fund Managers,15677,Analyze acquisitions to ensure conformance with strategic goals or regulatory requirements.,Supplemental,79,07/2014,Incumbent
11-3031.03,Investment Fund Managers,15661,Verify regulatory compliance of transaction reporting.,Supplemental,79,07/2014,Incumbent
11-3031.03,Investment Fund Managers,15666,Review offering documents or marketing materials to ensure regulatory compliance.,Supplemental,80,07/2014,Incumbent
11-3031.03,Investment Fund Managers,15672,Identify group or individual target investors for a specific fund.,Supplemental,81,07/2014,Incumbent
11-3031.03,Investment Fund Managers,15663,Direct activities of accounting or operations departments.,Supplemental,81,07/2014,Incumbent
11-3051.00,Industrial Production Managers,39,"Set and monitor product standards, examining samples of raw products or directing testing during processing, to ensure finished products are of prescribed quality.",Core,115,08/2021,Incumbent
11-3051.00,Industrial Production Managers,32,"Direct or coordinate production, processing, distribution, or marketing activities of industrial organizations.",Core,115,08/2021,Incumbent
11-3051.00,Industrial Production Managers,34,"Review processing schedules or production orders to make decisions concerning inventory requirements, staffing requirements, work procedures, or duty assignments, considering budgetary limitations and time constraints.",Core,115,08/2021,Incumbent
11-3051.00,Industrial Production Managers,35,Review operations and confer with technical or administrative staff to resolve production or processing problems.,Core,115,08/2021,Incumbent
11-3051.00,Industrial Production Managers,36,"Hire, train, evaluate, or discharge staff or resolve personnel grievances.",Core,115,08/2021,Incumbent
11-3051.00,Industrial Production Managers,40,"Develop or implement production tracking or quality control systems, analyzing production, quality control, maintenance, or other operational reports to detect production problems.",Core,115,08/2021,Incumbent
11-3051.00,Industrial Production Managers,38,Prepare and maintain production reports or personnel records.,Core,115,08/2021,Incumbent
11-3051.00,Industrial Production Managers,41,Review plans and confer with research or support staff to develop new products or processes.,Core,114,08/2021,Incumbent
11-3051.00,Industrial Production Managers,33,"Develop budgets or approve expenditures for supplies, materials, or human resources, ensuring that materials, labor, or equipment are used efficiently to meet production targets.",Core,115,08/2021,Incumbent
11-3051.00,Industrial Production Managers,44,"Maintain current knowledge of the quality control field, relying on current literature pertaining to materials use, technological advances, or statistical studies.",Core,114,08/2021,Incumbent
11-3051.00,Industrial Production Managers,43,"Coordinate or recommend procedures for facility or equipment maintenance or modification, including the replacement of machines.",Core,114,08/2021,Incumbent
11-3051.00,Industrial Production Managers,37,Initiate or coordinate inventory or cost control programs.,Core,115,08/2021,Incumbent
11-3051.00,Industrial Production Managers,45,Negotiate materials prices with suppliers.,Supplemental,114,08/2021,Incumbent
11-3051.00,Industrial Production Managers,21332,Conduct site audits to ensure adherence to safety and environmental regulations.,,,11/2020,Analyst
11-3051.00,Industrial Production Managers,21333,Develop or enforce procedures for normal operation of manufacturing systems.,,,11/2020,Analyst
11-3051.00,Industrial Production Managers,21334,Implement operational and emergency procedures.,,,11/2020,Analyst
11-3051.00,Industrial Production Managers,21335,"Maintain records to demonstrate compliance with safety and environmental laws, regulations, or policies.",,,11/2020,Analyst
11-3051.00,Industrial Production Managers,21336,Monitor permit requirements for updates.,,,11/2020,Analyst
11-3051.00,Industrial Production Managers,21337,Optimize operational costs and productivity consistent with safety and environmental rules and regulations.,,,11/2020,Analyst
11-3051.00,Industrial Production Managers,21338,Prepare reports on operations and system productivity or efficiency.,,,11/2020,Analyst
11-3051.00,Industrial Production Managers,21339,Supervise subordinate employees.,,,11/2020,Analyst
11-3051.01,Quality Control Systems Managers,15405,Stop production if serious product defects are present.,Core,59,08/2022,Incumbent
11-3051.01,Quality Control Systems Managers,15415,Review and update standard operating procedures or quality assurance manuals.,Core,59,08/2022,Incumbent
11-3051.01,Quality Control Systems Managers,15430,Monitor performance of quality control systems to ensure effectiveness and efficiency.,Core,59,08/2022,Incumbent
11-3051.01,Quality Control Systems Managers,15414,Review quality documentation necessary for regulatory submissions and inspections.,Core,59,08/2022,Incumbent
11-3051.01,Quality Control Systems Managers,15428,Analyze quality control test results and provide feedback and interpretation to production management or staff.,Core,59,08/2022,Incumbent
11-3051.01,Quality Control Systems Managers,15413,"Verify that raw materials, purchased parts or components, in-process samples, and finished products meet established testing and inspection standards.",Core,59,08/2022,Incumbent
11-3051.01,Quality Control Systems Managers,15429,"Oversee workers including supervisors, inspectors, or laboratory workers engaged in testing activities.",Core,59,08/2022,Incumbent
11-3051.01,Quality Control Systems Managers,15431,Direct product testing activities throughout production cycles.,Core,59,08/2022,Incumbent
11-3051.01,Quality Control Systems Managers,15421,Instruct staff in quality control and analytical procedures.,Core,59,08/2022,Incumbent
11-3051.01,Quality Control Systems Managers,15424,"Direct the tracking of defects, test results, or other regularly reported quality control data.",Core,59,08/2022,Incumbent
11-3051.01,Quality Control Systems Managers,15417,Participate in the development of product specifications.,Core,59,08/2022,Incumbent
11-3051.01,Quality Control Systems Managers,15420,Identify quality problems or areas for improvement and recommend solutions.,Core,59,08/2022,Incumbent
11-3051.01,Quality Control Systems Managers,15411,Collect and analyze production samples to evaluate quality.,Core,59,08/2022,Incumbent
11-3051.01,Quality Control Systems Managers,15416,"Produce reports regarding nonconformance of products or processes, daily production quality, root cause analyses, or quality trends.",Core,59,08/2022,Incumbent
11-3051.01,Quality Control Systems Managers,15427,"Communicate quality control information to all relevant organizational departments, outside vendors, or contractors.",Core,59,08/2022,Incumbent
11-3051.01,Quality Control Systems Managers,15418,Monitor development of new products to help identify possible problems for mass production.,Core,59,08/2022,Incumbent
11-3051.01,Quality Control Systems Managers,15422,Identify critical points in the manufacturing process and specify sampling procedures to be used at these points.,Core,59,08/2022,Incumbent
11-3051.01,Quality Control Systems Managers,15425,Create and implement inspection and testing criteria or procedures.,Core,59,08/2022,Incumbent
11-3051.01,Quality Control Systems Managers,15423,"Document testing procedures, methodologies, or criteria.",Core,59,08/2022,Incumbent
11-3051.01,Quality Control Systems Managers,15407,"Review statistical studies, technological advances, or regulatory standards and trends to stay abreast of issues in the field of quality control.",Core,59,08/2022,Incumbent
11-3051.01,Quality Control Systems Managers,15410,"Coordinate the selection and implementation of quality control equipment, such as inspection gauges.",Core,59,08/2022,Incumbent
11-3051.01,Quality Control Systems Managers,15408,Generate and maintain quality control operating budgets.,Core,59,08/2022,Incumbent
11-3051.01,Quality Control Systems Managers,15419,"Instruct vendors or contractors on quality guidelines, testing procedures, or ways to eliminate deficiencies.",Core,59,08/2022,Incumbent
11-3051.01,Quality Control Systems Managers,15426,Confer with marketing and sales departments to define client requirements and expectations.,Core,59,08/2022,Incumbent
11-3051.01,Quality Control Systems Managers,15409,Evaluate new testing and sampling methodologies or technologies to determine usefulness.,Core,59,08/2022,Incumbent
11-3051.01,Quality Control Systems Managers,15406,Review and approve quality plans submitted by contractors.,Core,59,08/2022,Incumbent
11-3051.01,Quality Control Systems Managers,15412,Audit and inspect subcontractor facilities including external laboratories.,Supplemental,59,08/2022,Incumbent
11-3051.02,Geothermal Production Managers,15446,Supervise employees in geothermal power plants or well fields.,Core,51,07/2011,Incumbent
11-3051.02,Geothermal Production Managers,15447,"Oversee geothermal plant operations, maintenance, and repairs to ensure compliance with applicable standards or regulations.",Core,50,07/2011,Incumbent
11-3051.02,Geothermal Production Managers,15434,Communicate geothermal plant conditions to employees.,Core,51,07/2011,Incumbent
11-3051.02,Geothermal Production Managers,15443,"Identify and evaluate equipment, procedural, or conditional inefficiencies involving geothermal plant systems.",Core,51,07/2011,Incumbent
11-3051.02,Geothermal Production Managers,15439,Perform or direct the performance of preventative maintenance on geothermal plant equipment.,Core,51,07/2011,Incumbent
11-3051.02,Geothermal Production Managers,15448,Inspect geothermal plant or injection well fields to verify proper equipment operations.,Core,51,07/2011,Incumbent
11-3051.02,Geothermal Production Managers,15445,Develop or manage budgets for geothermal operations.,Core,52,07/2011,Incumbent
11-3051.02,Geothermal Production Managers,15433,Select and implement corrosion control or mitigation systems for geothermal plants.,Core,51,07/2011,Incumbent
11-3051.02,Geothermal Production Managers,15444,Develop operating plans and schedules for geothermal operations.,Core,52,07/2011,Incumbent
11-3051.02,Geothermal Production Managers,15436,"Record, review, or maintain daily logs, reports, maintenance, and other records associated with geothermal operations.",Core,51,07/2011,Incumbent
11-3051.02,Geothermal Production Managers,15441,"Monitor geothermal operations, using programmable logic controllers.",Core,51,07/2011,Incumbent
11-3051.02,Geothermal Production Managers,15432,Conduct well field site assessments.,Core,51,07/2011,Incumbent
11-3051.02,Geothermal Production Managers,15442,"Identify opportunities to improve plant electrical equipment, controls, or process control methodologies.",Core,51,07/2011,Incumbent
11-3051.02,Geothermal Production Managers,15437,Prepare environmental permit applications or compliance reports.,Supplemental,52,07/2011,Incumbent
11-3051.02,Geothermal Production Managers,15440,Negotiate interconnection agreements with other utilities.,Supplemental,50,07/2011,Incumbent
11-3051.02,Geothermal Production Managers,15438,"Obtain permits for constructing, upgrading, or operating geothermal power plants.",Supplemental,52,07/2011,Incumbent
11-3051.02,Geothermal Production Managers,15435,Troubleshoot and make minor repairs to geothermal plant instrumentation or electrical systems.,Supplemental,51,07/2011,Incumbent
11-3051.03,Biofuels Production Managers,15454,"Supervise production employees in the manufacturing of biofuels, such as biodiesel or ethanol.",Core,63,07/2016,Incumbent
11-3051.03,Biofuels Production Managers,15462,"Manage operations at biofuels power generation facilities, including production, shipping, maintenance, or quality assurance activities.",Core,65,07/2016,Incumbent
11-3051.03,Biofuels Production Managers,15450,"Provide direction to employees to ensure compliance with biofuels plant safety, environmental, or operational standards and regulations.",Core,64,07/2016,Incumbent
11-3051.03,Biofuels Production Managers,15453,"Confer with technical and supervisory personnel to report or resolve conditions affecting biofuels plant safety, operational efficiency, and product quality.",Core,62,07/2016,Incumbent
11-3051.03,Biofuels Production Managers,15456,"Review logs, datasheets, or reports to ensure adequate production levels or to identify abnormalities with biofuels production equipment or processes.",Core,63,07/2016,Incumbent
11-3051.03,Biofuels Production Managers,15458,"Monitor meters, flow gauges, or other real-time data to ensure proper operation of biofuels production equipment, implementing corrective measures as needed.",Core,65,07/2016,Incumbent
11-3051.03,Biofuels Production Managers,15461,"Adjust temperature, pressure, vacuum, level, flow rate, or transfer of biofuels to maintain processes at required levels.",Core,63,07/2016,Incumbent
11-3051.03,Biofuels Production Managers,15449,Provide training to subordinate or new employees to improve biofuels plant safety or increase the production of biofuels.,Core,64,07/2016,Incumbent
11-3051.03,Biofuels Production Managers,15455,"Shut down and restart biofuels plant or equipment in emergency situations or for equipment maintenance, repairs, or replacements.",Core,64,07/2016,Incumbent
11-3051.03,Biofuels Production Managers,15451,Monitor transportation and storage of flammable or other potentially dangerous feedstocks or products to ensure adherence to safety guidelines.,Core,63,07/2016,Incumbent
11-3051.03,Biofuels Production Managers,15452,Draw samples of biofuels products or secondary by-products for quality control testing.,Core,64,07/2016,Incumbent
11-3051.03,Biofuels Production Managers,15460,"Approve proposals for the acquisition, replacement, or repair of biofuels processing equipment or the implementation of new production processes.",Core,63,07/2016,Incumbent
11-3051.03,Biofuels Production Managers,15457,Prepare and manage biofuels plant or unit budgets.,Core,65,07/2016,Incumbent
11-3051.03,Biofuels Production Managers,15459,"Conduct cost, material, and efficiency studies for biofuels production plants or operations.",Core,63,07/2016,Incumbent
11-3051.04,Biomass Power Plant Managers,21162,Manage safety programs at power generation facilities.,Core,61,08/2020,Incumbent
11-3051.04,Biomass Power Plant Managers,15471,Review biomass operations performance specifications to ensure compliance with regulatory requirements.,Core,61,08/2020,Incumbent
11-3051.04,Biomass Power Plant Managers,15470,"Review logs, datasheets, or reports to ensure adequate production levels and safe production environments or to identify abnormalities with power production equipment or processes.",Core,61,08/2020,Incumbent
11-3051.04,Biomass Power Plant Managers,15468,"Supervise operations or maintenance employees in the production of power from biomass, such as wood, coal, paper sludge, or other waste or refuse.",Core,61,08/2020,Incumbent
11-3051.04,Biomass Power Plant Managers,15478,"Supervise biomass plant or substation operations, maintenance, repair, or testing activities.",Core,62,08/2020,Incumbent
11-3051.04,Biomass Power Plant Managers,15480,"Conduct field inspections of biomass plants, stations, or substations to ensure normal and safe operating conditions.",Core,62,08/2020,Incumbent
11-3051.04,Biomass Power Plant Managers,15474,"Plan and schedule plant activities, such as wood, waste, or refuse fuel deliveries, ash removal, and regular maintenance.",Core,62,08/2020,Incumbent
11-3051.04,Biomass Power Plant Managers,15473,Prepare and manage biomass plant budgets.,Core,61,08/2020,Incumbent
11-3051.04,Biomass Power Plant Managers,15477,Evaluate power production or demand trends to identify opportunities for improved operations.,Core,62,08/2020,Incumbent
11-3051.04,Biomass Power Plant Managers,15476,"Inspect biomass gasification processes, equipment, and facilities for ways to maximize capacity and minimize operating costs.",Core,61,08/2020,Incumbent
11-3051.04,Biomass Power Plant Managers,15472,"Prepare reports on biomass plant operations, status, maintenance, and other information.",Core,60,08/2020,Incumbent
11-3051.04,Biomass Power Plant Managers,15464,Manage parts and supply inventories for biomass plants.,Core,61,08/2020,Incumbent
11-3051.04,Biomass Power Plant Managers,15465,"Monitor and operate communications systems, such as mobile radios.",Core,61,08/2020,Incumbent
11-3051.04,Biomass Power Plant Managers,15469,"Shut down and restart biomass power plants or equipment in emergency situations or for equipment maintenance, repairs, or replacements.",Supplemental,61,08/2020,Incumbent
11-3051.04,Biomass Power Plant Managers,15466,Compile and record operational data on forms or in log books.,Supplemental,62,08/2020,Incumbent
11-3051.04,Biomass Power Plant Managers,15479,"Monitor the operating status of biomass plants by observing control system parameters, distributed control systems, switchboard gauges, dials, or other indicators.",Supplemental,61,08/2020,Incumbent
11-3051.04,Biomass Power Plant Managers,15467,Adjust equipment controls to generate specified amounts of electrical power.,Supplemental,60,08/2020,Incumbent
11-3051.04,Biomass Power Plant Managers,15463,"Test, maintain, or repair electrical power distribution machinery or equipment, using hand tools, power tools, and testing devices.",Supplemental,61,08/2020,Incumbent
11-3051.04,Biomass Power Plant Managers,15475,"Operate controls to start, stop, or regulate biomass-fueled generators, generator units, boilers, engines, or auxiliary systems.",Supplemental,62,08/2020,Incumbent
11-3051.06,Hydroelectric Production Managers,15520,"Direct operations, maintenance, or repair of hydroelectric power facilities.",Core,86,07/2016,Incumbent
11-3051.06,Hydroelectric Production Managers,15515,Identify and communicate power system emergencies.,Core,86,07/2016,Incumbent
11-3051.06,Hydroelectric Production Managers,15512,"Maintain records of hydroelectric facility operations, maintenance, or repairs.",Core,86,07/2016,Incumbent
11-3051.06,Hydroelectric Production Managers,15509,Perform or direct preventive or corrective containment or cleanup to protect the environment.,Core,86,07/2016,Incumbent
11-3051.06,Hydroelectric Production Managers,15513,"Monitor or inspect hydroelectric equipment, such as hydro-turbines, generators, or control systems.",Core,86,07/2016,Incumbent
11-3051.06,Hydroelectric Production Managers,15514,"Inspect hydroelectric facilities, including switchyards, control houses, or relay houses, for normal operation or adherence to safety standards.",Core,85,07/2016,Incumbent
11-3051.06,Hydroelectric Production Managers,15519,Supervise or monitor hydroelectric facility operations to ensure that generation or mechanical equipment conform to applicable regulations or standards.,Core,86,07/2016,Incumbent
11-3051.06,Hydroelectric Production Managers,15508,Plan or coordinate hydroelectric production operations to meet customer requirements.,Core,85,07/2016,Incumbent
11-3051.06,Hydroelectric Production Managers,15518,"Check hydroelectric operations for compliance with prescribed operating limits, such as loads, voltages, temperatures, lines, or equipment.",Core,85,07/2016,Incumbent
11-3051.06,Hydroelectric Production Managers,15504,"Develop or implement projects to improve efficiency, economy, or effectiveness of hydroelectric plant operations.",Core,86,07/2016,Incumbent
11-3051.06,Hydroelectric Production Managers,15503,Provide technical direction in the erection or commissioning of hydroelectric equipment or supporting electrical or mechanical systems.,Core,86,07/2016,Incumbent
11-3051.06,Hydroelectric Production Managers,15505,"Supervise hydropower plant equipment installations, upgrades, or maintenance.",Core,86,07/2016,Incumbent
11-3051.06,Hydroelectric Production Managers,15507,Plan or manage hydroelectric plant upgrades.,Core,85,07/2016,Incumbent
11-3051.06,Hydroelectric Production Managers,15506,"Respond to problems related to ratepayers, water users, power users, government agencies, educational institutions, or other private or public power resource interests.",Core,86,07/2016,Incumbent
11-3051.06,Hydroelectric Production Managers,15516,"Develop or review budgets, annual plans, power contracts, power rates, standing operating procedures, power reviews, or engineering studies.",Core,86,07/2016,Incumbent
11-3051.06,Hydroelectric Production Managers,15502,Develop or implement policy evaluation procedures for hydroelectric generation activities.,Core,86,07/2016,Incumbent
11-3051.06,Hydroelectric Production Managers,15510,"Operate energized high- or low-voltage hydroelectric power transmission system substations, according to procedures and safety requirements.",Supplemental,86,07/2016,Incumbent
11-3051.06,Hydroelectric Production Managers,15517,Create or enforce hydrostation voltage schedules.,Supplemental,85,07/2016,Incumbent
11-3061.00,Purchasing Managers,1027,"Develop and implement purchasing and contract management instructions, policies, and procedures.",Core,19,08/2023,Occupational Expert
11-3061.00,Purchasing Managers,1021,"Locate vendors of materials, equipment or supplies, and interview them to determine product availability and terms of sales.",Core,19,08/2023,Occupational Expert
11-3061.00,Purchasing Managers,1033,Prepare bid awards requiring board approval.,Core,19,08/2023,Occupational Expert
11-3061.00,Purchasing Managers,1032,"Direct and coordinate activities of personnel engaged in buying, selling, and distributing materials, equipment, machinery, and supplies.",Core,19,08/2023,Occupational Expert
11-3061.00,Purchasing Managers,1025,Review purchase order claims and contracts for conformance to company policy.,Core,19,08/2023,Occupational Expert
11-3061.00,Purchasing Managers,1031,"Review, evaluate, and approve specifications for issuing and awarding bids.",Core,19,08/2023,Occupational Expert
11-3061.00,Purchasing Managers,1035,Administer online purchasing systems.,Core,19,08/2023,Occupational Expert
11-3061.00,Purchasing Managers,1022,Prepare and process requisitions and purchase orders for supplies and equipment.,Core,19,08/2023,Occupational Expert
11-3061.00,Purchasing Managers,1024,"Interview and hire staff, and oversee staff training.",Core,19,08/2023,Occupational Expert
11-3061.00,Purchasing Managers,21039,Develop cost reduction strategies and savings plans.,Core,19,08/2023,Occupational Expert
11-3061.00,Purchasing Managers,1023,Control purchasing department budgets.,Core,19,08/2023,Occupational Expert
11-3061.00,Purchasing Managers,1029,Resolve vendor or contractor grievances and claims against suppliers.,Core,19,08/2023,Occupational Expert
11-3061.00,Purchasing Managers,1026,Analyze market and delivery systems to assess present and future material availability.,Core,19,08/2023,Occupational Expert
11-3061.00,Purchasing Managers,1028,"Participate in the development of specifications for equipment, products, or substitute materials.",Core,19,08/2023,Occupational Expert
11-3061.00,Purchasing Managers,1020,Maintain records of goods ordered and received.,Core,19,08/2023,Occupational Expert
11-3061.00,Purchasing Managers,1030,Represent companies in negotiating contracts and formulating policies with suppliers.,Core,19,08/2023,Occupational Expert
11-3061.00,Purchasing Managers,1034,Prepare reports regarding market conditions and merchandise costs.,Core,19,08/2023,Occupational Expert
11-3061.00,Purchasing Managers,1036,Arrange for disposal of surplus materials.,Core,19,08/2023,Occupational Expert
11-3071.00,"Transportation, Storage, and Distribution Managers",21340,"Supervise the activities of workers engaged in receiving, storing, testing, and shipping products or materials.",Core,,11/2020,Analyst - Transition
11-3071.00,"Transportation, Storage, and Distribution Managers",21341,"Plan, develop, or implement warehouse safety and security programs and activities.",Core,,11/2020,Analyst - Transition
11-3071.00,"Transportation, Storage, and Distribution Managers",21342,"Inspect physical conditions of warehouses, vehicle fleets, or equipment and order testing, maintenance, repairs, or replacements.",Core,,11/2020,Analyst - Transition
11-3071.00,"Transportation, Storage, and Distribution Managers",21343,"Plan, organize, or manage the work of subordinate staff to ensure that the work is accomplished in a manner consistent with organizational requirements.",Core,,11/2020,Analyst - Transition
11-3071.00,"Transportation, Storage, and Distribution Managers",21344,"Collaborate with other departments to integrate logistics with business systems or processes, such as customer sales, order management, accounting, or shipping.",Core,,11/2020,Analyst - Transition
11-3071.00,"Transportation, Storage, and Distribution Managers",21345,Analyze all aspects of corporate logistics to determine the most cost-effective or efficient means of transporting products or supplies.,Core,,11/2020,Analyst - Transition
11-3071.00,"Transportation, Storage, and Distribution Managers",21346,"Resolve problems concerning transportation, logistics systems, imports or exports, or customer issues.",Core,,11/2020,Analyst - Transition
11-3071.00,"Transportation, Storage, and Distribution Managers",21347,"Develop and document standard and emergency operating procedures for receiving, handling, storing, shipping, or salvaging products or materials.",Core,,11/2020,Analyst - Transition
11-3071.00,"Transportation, Storage, and Distribution Managers",21348,"Monitor operations to ensure that staff members comply with administrative policies and procedures, safety rules, union contracts, environmental policies, or government regulations.",Core,,11/2020,Analyst - Transition
11-3071.00,"Transportation, Storage, and Distribution Managers",21349,"Analyze the financial impact of proposed logistics changes, such as routing, shipping modes, product volumes or mixes, or carriers.",Core,,11/2020,Analyst - Transition
11-3071.00,"Transportation, Storage, and Distribution Managers",21350,Monitor inventory levels of products or materials in warehouses.,Core,,11/2020,Analyst - Transition
11-3071.00,"Transportation, Storage, and Distribution Managers",21351,Establish or monitor specific supply chain-based performance measurement systems.,Core,,11/2020,Analyst - Transition
11-3071.00,"Transportation, Storage, and Distribution Managers",21352,Prepare and manage departmental budgets.,Core,,11/2020,Analyst - Transition
11-3071.00,"Transportation, Storage, and Distribution Managers",21353,Monitor product import or export processes to ensure compliance with regulatory or legal requirements.,Core,,11/2020,Analyst - Transition
11-3071.00,"Transportation, Storage, and Distribution Managers",21354,"Prepare management recommendations, such as proposed fee and tariff increases or schedule changes.",Core,,11/2020,Analyst - Transition
11-3071.00,"Transportation, Storage, and Distribution Managers",21355,"Interview, select, and train warehouse and supervisory personnel.",Core,,11/2020,Analyst - Transition
11-3071.00,"Transportation, Storage, and Distribution Managers",21356,Advise sales and billing departments of transportation charges for customers' accounts.,Core,,11/2020,Analyst - Transition
11-3071.00,"Transportation, Storage, and Distribution Managers",21357,"Analyze expenditures and other financial information to develop plans, policies, or budgets for increasing profits or improving services.",Core,,11/2020,Analyst - Transition
11-3071.00,"Transportation, Storage, and Distribution Managers",21358,"Confer with department heads to coordinate warehouse activities, such as production, sales, records control, or purchasing.",Core,,11/2020,Analyst - Transition
11-3071.00,"Transportation, Storage, and Distribution Managers",21359,"Implement specific customer requirements, such as internal reporting or customized transportation metrics.",Core,,11/2020,Analyst - Transition
11-3071.00,"Transportation, Storage, and Distribution Managers",21360,"Maintain metrics, reports, process documentation, customer service logs, or training or safety records.",Core,,11/2020,Analyst - Transition
11-3071.00,"Transportation, Storage, and Distribution Managers",21361,Examine invoices and shipping manifests for conformity to tariff and customs regulations.,Core,,11/2020,Analyst - Transition
11-3071.00,"Transportation, Storage, and Distribution Managers",21362,"Plan or implement energy saving changes to transportation services, such as reducing routes, optimizing capacities, employing alternate modes of transportation, or minimizing idling.",Core,,11/2020,Analyst - Transition
11-3071.00,"Transportation, Storage, and Distribution Managers",21363,Evaluate contractors or business partners for operational efficiency or safety or environmental performance records.,Core,,11/2020,Analyst - Transition
11-3071.00,"Transportation, Storage, and Distribution Managers",21364,"Negotiate with carriers, warehouse operators, or insurance company representatives for services and preferential rates.",Core,,11/2020,Analyst - Transition
11-3071.00,"Transportation, Storage, and Distribution Managers",21365,"Develop or implement plans for facility modification or expansion, such as equipment purchase or changes in space allocation or structural design.",Core,,11/2020,Analyst - Transition
11-3071.00,"Transportation, Storage, and Distribution Managers",21366,"Direct inbound or outbound operations, such as transportation or warehouse activities, safety performance, and logistics quality management.",,,11/2020,Analyst
11-3071.00,"Transportation, Storage, and Distribution Managers",21367,Plan or implement improvements to internal or external systems or processes.,,,11/2020,Analyst
11-3071.00,"Transportation, Storage, and Distribution Managers",21368,Recommend or authorize capital expenditures for acquisition of new equipment or property to increase efficiency and services.,,,11/2020,Analyst
11-3071.00,"Transportation, Storage, and Distribution Managers",21369,"Review invoices, work orders, consumption reports, or demand forecasts to estimate peak performance periods and to issue work assignments.",,,11/2020,Analyst
11-3071.04,Supply Chain Managers,20942,"Determine appropriate equipment and staffing levels to load, unload, move, or store materials.",Core,21,07/2017,Occupational Expert
11-3071.04,Supply Chain Managers,20943,"Manage activities related to strategic or tactical purchasing, material requirements planning, controlling inventory, warehousing, or receiving.",Core,21,07/2017,Occupational Expert
11-3071.04,Supply Chain Managers,15680,Select transportation routes to maximize economy by combining shipments or consolidating warehousing and distribution.,Core,21,07/2017,Occupational Expert
11-3071.04,Supply Chain Managers,15695,"Define performance metrics for measurement, comparison, or evaluation of supply chain factors, such as product cost or quality.",Core,21,07/2017,Occupational Expert
11-3071.04,Supply Chain Managers,20944,Implement new or improved supply chain processes to improve efficiency or performance.,Core,21,07/2017,Occupational Expert
11-3071.04,Supply Chain Managers,15700,"Develop procedures for coordination of supply chain management with other functional areas, such as sales, marketing, finance, production, or quality assurance.",Core,21,07/2017,Occupational Expert
11-3071.04,Supply Chain Managers,15694,Confer with supply chain planners to forecast demand or create supply plans that ensure availability of materials or products.,Core,21,07/2017,Occupational Expert
11-3071.04,Supply Chain Managers,15696,"Analyze inventories to determine how to increase inventory turns, reduce waste, or optimize customer service.",Core,21,07/2017,Occupational Expert
11-3071.04,Supply Chain Managers,15685,"Negotiate prices and terms with suppliers, vendors, or freight forwarders.",Core,21,07/2017,Occupational Expert
11-3071.04,Supply Chain Managers,15697,Analyze information about supplier performance or procurement program success.,Core,21,07/2017,Occupational Expert
11-3071.04,Supply Chain Managers,20945,Monitor suppliers' activities to assess performance in meeting quality or delivery requirements.,Core,21,07/2017,Occupational Expert
11-3071.04,Supply Chain Managers,15701,"Design or implement supply chains that support business strategies adapted to changing market conditions, new business opportunities, or cost reduction strategies.",Core,21,07/2017,Occupational Expert
11-3071.04,Supply Chain Managers,15688,"Meet with suppliers to discuss performance metrics, to provide performance feedback, or to discuss production forecasts or changes.",Core,21,07/2017,Occupational Expert
11-3071.04,Supply Chain Managers,20946,Monitor forecasts and quotas to identify changes and predict effects on supply chain activities.,Core,21,07/2017,Occupational Expert
11-3071.04,Supply Chain Managers,15698,"Participate in the coordination of engineering changes, product line extensions, or new product launches to ensure orderly and timely transitions in material or production flow.",Core,21,07/2017,Occupational Expert
11-3071.04,Supply Chain Managers,20947,"Identify or qualify new suppliers in collaboration with other departments, such as procurement, engineering, or quality assurance.",Core,21,07/2017,Occupational Expert
11-3071.04,Supply Chain Managers,15693,Design or implement plant warehousing strategies for production materials or finished products.,Core,21,07/2017,Occupational Expert
11-3071.04,Supply Chain Managers,19541,"Design, implement, or oversee product take back or reverse logistics programs to ensure products are recycled, reused, or responsibly disposed.",Core,21,07/2017,Occupational Expert
11-3071.04,Supply Chain Managers,15692,Develop or implement procedures or systems to evaluate or select suppliers.,Core,21,07/2017,Occupational Expert
11-3071.04,Supply Chain Managers,15691,"Document physical supply chain processes, such as workflows, cycle times, position responsibilities, or system flows.",Core,21,07/2017,Occupational Expert
11-3071.04,Supply Chain Managers,15681,Diagram supply chain models to help facilitate discussions with customers.,Core,21,07/2017,Occupational Expert
11-3071.04,Supply Chain Managers,19542,"Evaluate and select information or other technology solutions to improve tracking and reporting of materials or products distribution, storage, or inventory.",Core,21,07/2017,Occupational Expert
11-3071.04,Supply Chain Managers,19543,"Identify opportunities to reuse or recycle materials to minimize consumption of new materials, minimize waste, or to convert wastes to by-products.",Core,21,07/2017,Occupational Expert
11-3071.04,Supply Chain Managers,19546,"Review or update supply chain practices in accordance with new or changing environmental policies, standards, regulations, or laws.",Core,21,07/2017,Occupational Expert
11-3071.04,Supply Chain Managers,19540,Design or implement supply chains that support environmental policies.,Core,21,07/2017,Occupational Expert
11-3071.04,Supply Chain Managers,20948,Forecast material costs or develop standard cost lists.,Supplemental,21,07/2017,Occupational Expert
11-3071.04,Supply Chain Managers,19545,"Locate or select biodegradable, non-toxic, or other environmentally friendly raw materials for manufacturing processes.",Supplemental,21,07/2017,Occupational Expert
11-3071.04,Supply Chain Managers,20949,Appraise vendor manufacturing capabilities through on-site observations or other measurements.,Supplemental,21,07/2017,Occupational Expert
11-3071.04,Supply Chain Managers,19539,"Conduct or oversee the conduct of life cycle analyses to determine the environmental impacts of products, processes, or systems.",Supplemental,21,07/2017,Occupational Expert
11-3071.04,Supply Chain Managers,19544,Investigate or review the carbon footprints and environmental performance records of current or potential storage and distribution service providers.,Supplemental,21,07/2017,Occupational Expert
11-3111.00,Compensation and Benefits Managers,3267,"Direct preparation and distribution of written and verbal information to inform employees of benefits, compensation, and personnel policies.",Core,21,08/2023,Occupational Expert
11-3111.00,Compensation and Benefits Managers,3272,"Design, evaluate, and modify benefits policies to ensure that programs are current, competitive, and in compliance with legal requirements.",Core,21,08/2023,Occupational Expert
11-3111.00,Compensation and Benefits Managers,3276,"Fulfill all reporting requirements of all relevant government rules and regulations, including the Employee Retirement Income Security Act (ERISA).",Core,21,08/2023,Occupational Expert
11-3111.00,Compensation and Benefits Managers,3273,"Analyze compensation policies, government regulations, and prevailing wage rates to develop competitive compensation plan.",Core,21,08/2023,Occupational Expert
11-3111.00,Compensation and Benefits Managers,3271,Identify and implement benefits to increase the quality of life for employees by working with brokers and researching benefits issues.,Core,21,08/2023,Occupational Expert
11-3111.00,Compensation and Benefits Managers,3285,"Manage the design and development of tools to assist employees in benefits selection, and to guide managers through compensation decisions.",Core,21,08/2023,Occupational Expert
11-3111.00,Compensation and Benefits Managers,3268,"Administer, direct, and review employee benefit programs, including the integration of benefit programs following mergers and acquisitions.",Core,21,08/2023,Occupational Expert
11-3111.00,Compensation and Benefits Managers,3275,"Mediate between benefits providers and employees, such as by assisting in handling employees' benefits-related questions or taking suggestions.",Core,21,08/2023,Occupational Expert
11-3111.00,Compensation and Benefits Managers,3270,"Plan, direct, supervise, and coordinate work activities of subordinates and staff relating to employment, compensation, labor relations, and employee relations.",Core,21,08/2023,Occupational Expert
11-3111.00,Compensation and Benefits Managers,3283,"Prepare detailed job descriptions and classification systems and define job levels and families, in partnership with other managers.",Core,21,08/2023,Occupational Expert
11-3111.00,Compensation and Benefits Managers,3279,"Develop methods to improve employment policies, processes, and practices, and recommend changes to management.",Core,21,08/2023,Occupational Expert
11-3111.00,Compensation and Benefits Managers,3274,"Formulate policies, procedures and programs for recruitment, testing, placement, classification, orientation, benefits and compensation, and labor and industrial relations.",Core,21,08/2023,Occupational Expert
11-3111.00,Compensation and Benefits Managers,3290,"Study legislation, arbitration decisions, and collective bargaining contracts to assess industry trends.",Core,21,08/2023,Occupational Expert
11-3111.00,Compensation and Benefits Managers,3269,Plan and conduct new-employee orientations to foster positive attitude toward organizational objectives.,Supplemental,21,08/2023,Occupational Expert
11-3111.00,Compensation and Benefits Managers,3287,Prepare budgets for personnel operations.,Supplemental,21,08/2023,Occupational Expert
11-3111.00,Compensation and Benefits Managers,3280,Negotiate bargaining agreements.,Supplemental,21,08/2023,Occupational Expert
11-3111.00,Compensation and Benefits Managers,3288,Prepare personnel forecasts to project employment needs.,Supplemental,21,08/2023,Occupational Expert
11-3111.00,Compensation and Benefits Managers,3277,"Maintain records and compile statistical reports concerning personnel-related data, such as hires, transfers, performance appraisals, and absenteeism rates.",Supplemental,21,08/2023,Occupational Expert
11-3111.00,Compensation and Benefits Managers,3278,"Analyze statistical data and reports to identify and determine causes of personnel problems, and develop recommendations for improvement of organization's personnel policies and practices.",Supplemental,21,08/2023,Occupational Expert
11-3111.00,Compensation and Benefits Managers,3289,"Contract with vendors to provide employee services, such as food services, transportation, or relocation service.",Supplemental,21,08/2023,Occupational Expert
11-3111.00,Compensation and Benefits Managers,3266,"Advise management on such matters as equal employment opportunity, sexual harassment, and discrimination.",Supplemental,21,08/2023,Occupational Expert
11-3111.00,Compensation and Benefits Managers,3282,Represent organization at personnel-related hearings and investigations.,Supplemental,21,08/2023,Occupational Expert
11-3121.00,Human Resources Managers,990,"Serve as a link between management and employees by handling questions, interpreting and administering contracts and helping resolve work-related problems.",Core,22,08/2025,Occupational Expert
11-3121.00,Human Resources Managers,991,"Plan, direct, supervise, and coordinate work activities of subordinates and staff relating to employment, compensation, labor relations, and employee relations.",Core,22,08/2025,Occupational Expert
11-3121.00,Human Resources Managers,986,"Perform difficult staffing duties, including dealing with understaffing, refereeing disputes, firing employees, and administering disciplinary procedures.",Core,22,08/2025,Occupational Expert
11-3121.00,Human Resources Managers,998,Represent organization at personnel-related hearings and investigations.,Core,22,08/2025,Occupational Expert
11-3121.00,Human Resources Managers,999,Negotiate bargaining agreements and help interpret labor contracts.,Core,22,08/2025,Occupational Expert
11-3121.00,Human Resources Managers,987,"Advise managers on organizational policy matters, such as equal employment opportunity and sexual harassment, and recommend needed changes.",Core,22,08/2025,Occupational Expert
11-3121.00,Human Resources Managers,989,Plan and conduct new employee orientation to foster positive attitude toward organizational objectives.,Core,22,08/2025,Occupational Expert
11-3121.00,Human Resources Managers,988,Analyze and modify compensation and benefits policies to establish competitive programs and ensure compliance with legal requirements.,Core,21,08/2025,Occupational Expert
11-3121.00,Human Resources Managers,983,"Identify staff vacancies and recruit, interview, and select applicants.",Core,22,08/2025,Occupational Expert
11-3121.00,Human Resources Managers,997,Investigate and report on industrial accidents for insurance carriers.,Core,22,08/2025,Occupational Expert
11-3121.00,Human Resources Managers,994,Analyze statistical data and reports to identify and determine causes of personnel problems and develop recommendations for improvement of organization's personnel policies and practices.,Core,22,08/2025,Occupational Expert
11-3121.00,Human Resources Managers,982,"Administer compensation, benefits, and performance management systems, and safety and recreation programs.",Core,22,08/2025,Occupational Expert
11-3121.00,Human Resources Managers,1001,Prepare and follow budgets for personnel operations.,Core,22,08/2025,Occupational Expert
11-3121.00,Human Resources Managers,993,"Maintain records and compile statistical reports concerning personnel-related data such as hires, transfers, performance appraisals, and absenteeism rates.",Core,22,08/2025,Occupational Expert
11-3121.00,Human Resources Managers,985,"Provide current and prospective employees with information about policies, job duties, working conditions, wages, opportunities for promotion, and employee benefits.",Core,22,08/2025,Occupational Expert
11-3121.00,Human Resources Managers,995,"Plan, organize, direct, control, or coordinate the personnel, training, or labor relations activities of an organization.",Core,22,08/2025,Occupational Expert
11-3121.00,Human Resources Managers,996,Conduct exit interviews to identify reasons for employee termination.,Core,22,08/2025,Occupational Expert
11-3121.00,Human Resources Managers,1003,"Oversee the evaluation, classification, and rating of occupations and job positions.",Core,22,08/2025,Occupational Expert
11-3121.00,Human Resources Managers,992,"Analyze training needs to design employee development, language training, and health and safety programs.",Core,22,08/2025,Occupational Expert
11-3121.00,Human Resources Managers,984,"Allocate human resources, ensuring appropriate matches between personnel.",Core,22,08/2025,Occupational Expert
11-3121.00,Human Resources Managers,1000,Prepare personnel forecast to project employment needs.,Core,22,08/2025,Occupational Expert
11-3121.00,Human Resources Managers,1004,"Study legislation, arbitration decisions, and collective bargaining contracts to assess industry trends.",Core,22,08/2025,Occupational Expert
11-3121.00,Human Resources Managers,1005,"Develop or administer special projects in areas such as pay equity, savings bond programs, day care, and employee awards.",Core,22,08/2025,Occupational Expert
11-3121.00,Human Resources Managers,1002,"Develop, administer, and evaluate applicant tests.",Supplemental,22,08/2025,Occupational Expert
11-3121.00,Human Resources Managers,1007,"Contract with vendors to provide employee services, such as food service, transportation, or relocation service.",Supplemental,22,08/2025,Occupational Expert
11-3121.00,Human Resources Managers,1006,Provide terminated employees with outplacement or relocation assistance.,Supplemental,22,08/2025,Occupational Expert
11-3131.00,Training and Development Managers,1015,Analyze training needs to develop new training programs or modify and improve existing programs.,Core,28,08/2024,Occupational Expert
11-3131.00,Training and Development Managers,1009,"Evaluate instructor performance and the effectiveness of training programs, providing recommendations for improvement.",Core,28,08/2024,Occupational Expert
11-3131.00,Training and Development Managers,1014,"Plan, develop, and provide training and staff development programs, using knowledge of the effectiveness of methods such as classroom training, demonstrations, on-the-job training, meetings, conferences, and workshops.",Core,28,08/2024,Occupational Expert
11-3131.00,Training and Development Managers,1012,"Confer with management and conduct surveys to identify training needs based on projected production processes, changes, and other factors.",Core,28,08/2024,Occupational Expert
11-3131.00,Training and Development Managers,1008,Conduct orientation sessions and arrange on-the-job training for new hires.,Core,28,08/2024,Occupational Expert
11-3131.00,Training and Development Managers,1017,Train instructors and supervisors in techniques and skills for training and dealing with employees.,Core,28,08/2024,Occupational Expert
11-3131.00,Training and Development Managers,1013,"Develop and organize training manuals, multimedia visual aids, and other educational materials.",Core,28,08/2024,Occupational Expert
11-3131.00,Training and Development Managers,1019,Prepare training budget for department or organization.,Core,28,08/2024,Occupational Expert
11-3131.00,Training and Development Managers,1010,Develop testing and evaluation procedures.,Core,28,08/2024,Occupational Expert
11-3131.00,Training and Development Managers,1011,Conduct or arrange for ongoing technical training and personal development classes for staff members.,Core,28,08/2024,Occupational Expert
11-3131.00,Training and Development Managers,1016,Review and evaluate training and apprenticeship programs for compliance with government standards.,Core,27,08/2024,Occupational Expert
11-3131.00,Training and Development Managers,1018,"Coordinate established courses with technical and professional courses provided by community schools, and designate training procedures.",Supplemental,28,08/2024,Occupational Expert
11-9013.00,"Farmers, Ranchers, and Other Agricultural Managers",21370,"Collect and record growth, production, and environmental data.",Core,,11/2020,Analyst - Transition
11-9013.00,"Farmers, Ranchers, and Other Agricultural Managers",21371,"Manage nurseries that grow horticultural plants for sale to trade or retail customers, for display or exhibition, or for research.",Core,,11/2020,Analyst - Transition
11-9013.00,"Farmers, Ranchers, and Other Agricultural Managers",21372,"Direct and monitor trapping and spawning of fish, egg incubation, and fry rearing, applying knowledge of management and fish culturing techniques.",Core,,11/2020,Analyst - Transition
11-9013.00,"Farmers, Ranchers, and Other Agricultural Managers",21373,"Direct and monitor the transfer of mature fish to lakes, ponds, streams, or commercial tanks.",Core,,11/2020,Analyst - Transition
11-9013.00,"Farmers, Ranchers, and Other Agricultural Managers",21374,"Determine how to allocate resources and to respond to unanticipated problems, such as insect infestation, drought, and fire.",Core,,11/2020,Analyst - Transition
11-9013.00,"Farmers, Ranchers, and Other Agricultural Managers",21375,"Determine plant growing conditions, such as greenhouses, hydroponics, or natural settings, and set planting and care schedules.",Core,,11/2020,Analyst - Transition
11-9013.00,"Farmers, Ranchers, and Other Agricultural Managers",21376,"Devise and participate in activities to improve fish hatching and growth rates, and to prevent disease in hatcheries.",Core,,11/2020,Analyst - Transition
11-9013.00,"Farmers, Ranchers, and Other Agricultural Managers",21377,"Position and regulate plant irrigation systems, and program environmental and irrigation control computers.",Core,,11/2020,Analyst - Transition
11-9013.00,"Farmers, Ranchers, and Other Agricultural Managers",21378,Prepare reports required by state and federal laws.,Core,,11/2020,Analyst - Transition
11-9013.00,"Farmers, Ranchers, and Other Agricultural Managers",21379,"Inspect facilities and equipment for signs of disrepair, and perform necessary maintenance work.",Core,,11/2020,Analyst - Transition
11-9013.00,"Farmers, Ranchers, and Other Agricultural Managers",21380,"Maintain financial, operational, production, or employment records for farms or ranches.",Core,,11/2020,Analyst - Transition
11-9013.00,"Farmers, Ranchers, and Other Agricultural Managers",21381,"Coordinate clerical, record-keeping, inventory, requisitioning, and marketing activities.",Core,,11/2020,Analyst - Transition
11-9013.00,"Farmers, Ranchers, and Other Agricultural Managers",21382,"Direct the breeding or raising of stock, such as cattle, poultry, or honeybees, using recognized breeding practices to ensure stock improvement.",Core,,11/2020,Analyst - Transition
11-9013.00,"Farmers, Ranchers, and Other Agricultural Managers",21383,"Negotiate with buyers for the sale, storage, or shipment of crops or livestock.",Core,,11/2020,Analyst - Transition
11-9013.00,"Farmers, Ranchers, and Other Agricultural Managers",21384,Coordinate the selection and maintenance of brood stock.,Core,,11/2020,Analyst - Transition
11-9013.00,"Farmers, Ranchers, and Other Agricultural Managers",21385,Analyze soil to determine types or quantities of fertilizer required for maximum crop production.,Core,,11/2020,Analyst - Transition
11-9013.00,"Farmers, Ranchers, and Other Agricultural Managers",21386,"Provide information to customers on the care of trees, shrubs, flowers, plants, and lawns.",Core,,11/2020,Analyst - Transition
11-9013.00,"Farmers, Ranchers, and Other Agricultural Managers",21387,Analyze market conditions to determine acreage allocations.,Core,,11/2020,Analyst - Transition
11-9013.00,"Farmers, Ranchers, and Other Agricultural Managers",21388,"Supervise the construction of farm or ranch structures, such as buildings, fences, drainage systems, wells, or roads.",Core,,11/2020,Analyst - Transition
11-9013.00,"Farmers, Ranchers, and Other Agricultural Managers",21389,"Replace chemical insecticides with environmentally friendly practices, such as adding pest-repelling plants to fields.",Supplemental,,11/2020,Analyst - Transition
11-9013.00,"Farmers, Ranchers, and Other Agricultural Managers",21390,Conduct inspections to determine crop maturity or condition or to detect disease or insect infestation.,,,11/2020,Analyst
11-9013.00,"Farmers, Ranchers, and Other Agricultural Managers",21391,Conduct or supervise stock examinations to identify diseases or parasites.,,,11/2020,Analyst
11-9013.00,"Farmers, Ranchers, and Other Agricultural Managers",21392,"Determine types or quantities of crops, plants, or livestock to be grown and raised, based on budgets, federal incentives, market conditions, executive directives, projected sales volumes, or soil conditions.",,,11/2020,Analyst
11-9013.00,"Farmers, Ranchers, and Other Agricultural Managers",21393,"Determine, administer, and execute policies relating to operations administration and standards, facility maintenance, and safety.",,,11/2020,Analyst
11-9013.00,"Farmers, Ranchers, and Other Agricultural Managers",21394,"Direct crop production operations, such as planning, tilling, planting, fertilizing, cultivating, spraying, and harvesting.",,,11/2020,Analyst
11-9013.00,"Farmers, Ranchers, and Other Agricultural Managers",21395,Evaluate marketing or sales alternatives for products.,,,11/2020,Analyst
11-9013.00,"Farmers, Ranchers, and Other Agricultural Managers",21396,"Hire, supervise, and train support workers.",,,11/2020,Analyst
11-9013.00,"Farmers, Ranchers, and Other Agricultural Managers",21397,"Monitor activities, such as irrigation, chemical application, harvesting, milking, breeding, and grading, to ensure adherence to safety regulations or standards.",,,11/2020,Analyst
11-9013.00,"Farmers, Ranchers, and Other Agricultural Managers",21398,Monitor environments to ensure maintenance of optimum animal or plant life.,,,11/2020,Analyst
11-9013.00,"Farmers, Ranchers, and Other Agricultural Managers",21399,"Obtain financing for and purchase necessary machinery, land, supplies, or livestock.",,,11/2020,Analyst
11-9021.00,Construction Managers,3318,Inspect or review projects to monitor compliance with building and safety codes or other regulations.,Core,20,08/2025,Occupational Expert
11-9021.00,Construction Managers,3327,Develop or implement quality control programs.,Core,20,08/2025,Occupational Expert
11-9021.00,Construction Managers,20332,"Plan, schedule, or coordinate construction project activities to meet deadlines.",Core,20,08/2025,Occupational Expert
11-9021.00,Construction Managers,3326,"Prepare and submit budget estimates, progress reports, or cost tracking reports.",Core,20,08/2025,Occupational Expert
11-9021.00,Construction Managers,20340,Direct and supervise construction or related workers.,Core,20,08/2025,Occupational Expert
11-9021.00,Construction Managers,3317,Determine labor requirements for dispatching workers to construction sites.,Core,20,08/2025,Occupational Expert
11-9021.00,Construction Managers,3314,"Confer with supervisory personnel, owners, contractors, or design professionals to discuss and resolve matters, such as work procedures, complaints, or construction problems.",Core,20,08/2025,Occupational Expert
11-9021.00,Construction Managers,20334,"Prepare contracts or negotiate revisions to contractual agreements with architects, consultants, clients, suppliers, or subcontractors.",Core,20,08/2025,Occupational Expert
11-9021.00,Construction Managers,3323,Study job specifications to determine appropriate construction methods.,Core,20,08/2025,Occupational Expert
11-9021.00,Construction Managers,3315,"Plan, organize, or direct activities concerned with the construction or maintenance of structures, facilities, or systems.",Core,20,08/2025,Occupational Expert
11-9021.00,Construction Managers,20339,"Contract or oversee craft work, such as painting or plumbing.",Core,20,08/2025,Occupational Expert
11-9021.00,Construction Managers,20333,"Investigate damage, accidents, or delays at construction sites to ensure that proper construction procedures are being followed.",Core,20,08/2025,Occupational Expert
11-9021.00,Construction Managers,20336,"Interpret and explain plans and contract terms to representatives of the owner or developer, including administrative staff, workers, or clients.",Core,20,08/2025,Occupational Expert
11-9021.00,Construction Managers,20335,"Implement new or modified plans in response to delays, bad weather, or construction site emergencies.",Core,20,08/2025,Occupational Expert
11-9021.00,Construction Managers,3325,Requisition supplies or materials to complete construction projects.,Core,19,08/2025,Occupational Expert
11-9021.00,Construction Managers,20337,Apply for and obtain all necessary permits or licenses.,Core,20,08/2025,Occupational Expert
11-9021.00,Construction Managers,19523,"Perform, or contract others to perform, pre-building assessments, such as conceptual cost estimating, rough order of magnitude estimating, feasibility, or energy efficiency, environmental, and sustainability assessments.",Core,20,08/2025,Occupational Expert
11-9021.00,Construction Managers,20338,"Evaluate construction methods and determine cost-effectiveness of plans, using computer models.",Core,20,08/2025,Occupational Expert
11-9021.00,Construction Managers,19522,Inspect or review projects to monitor compliance with environmental regulations.,Core,20,08/2025,Occupational Expert
11-9021.00,Construction Managers,19520,Develop or implement environmental protection programs.,Core,20,08/2025,Occupational Expert
11-9021.00,Construction Managers,19524,"Secure third-party verification from sources, such as Leadership in Energy Efficient Design (LEED), to ensure responsible design and building activities or to achieve favorable LEED ratings for building projects.",Core,20,08/2025,Occupational Expert
11-9021.00,Construction Managers,19521,Implement training programs on environmentally responsible building topics to update employee skills and knowledge.,Core,20,08/2025,Occupational Expert
11-9021.00,Construction Managers,19519,"Develop construction budgets to compare green and non-green construction alternatives, in terms of short-term costs, long-term costs, or environmental impacts.",Supplemental,20,08/2025,Occupational Expert
11-9021.00,Construction Managers,19518,Apply green building strategies to reduce energy costs or minimize carbon output or other sources of harm to the environment.,Supplemental,20,08/2025,Occupational Expert
11-9021.00,Construction Managers,3331,Direct acquisition of land for construction projects.,Supplemental,20,08/2025,Occupational Expert
11-9031.00,"Education and Childcare Administrators, Preschool and Daycare",5198,"Recruit, hire, train, and evaluate primary and supplemental staff and recommend personnel actions for programs and services.",Core,38,08/2026,Occupational Expert
11-9031.00,"Education and Childcare Administrators, Preschool and Daycare",5193,Confer with parents and staff to discuss educational activities and policies and students' behavioral or learning problems.,Core,38,08/2026,Occupational Expert
11-9031.00,"Education and Childcare Administrators, Preschool and Daycare",5204,Teach classes or courses or provide direct care to children.,Core,38,08/2026,Occupational Expert
11-9031.00,"Education and Childcare Administrators, Preschool and Daycare",5197,"Determine allocations of funds for staff, supplies, materials, and equipment and authorize purchases.",Core,38,08/2026,Occupational Expert
11-9031.00,"Education and Childcare Administrators, Preschool and Daycare",5199,"Direct and coordinate activities of teachers or administrators at daycare centers, schools, public agencies, or institutions.",Core,38,08/2026,Occupational Expert
11-9031.00,"Education and Childcare Administrators, Preschool and Daycare",5196,Monitor students' progress and provide students and teachers with assistance in resolving any problems.,Core,38,08/2026,Occupational Expert
11-9031.00,"Education and Childcare Administrators, Preschool and Daycare",5202,Determine the scope of educational program offerings and prepare drafts of program schedules and descriptions to estimate staffing and facility requirements.,Core,38,08/2026,Occupational Expert
11-9031.00,"Education and Childcare Administrators, Preschool and Daycare",5203,"Review and evaluate new and current programs to determine their efficiency, effectiveness, and compliance with state, local, and federal regulations and recommend any necessary modifications.",Core,38,08/2026,Occupational Expert
11-9031.00,"Education and Childcare Administrators, Preschool and Daycare",5194,"Prepare and maintain attendance, activity, planning, accounting, or personnel reports and records for officials and agencies, or direct preparation and maintenance activities.",Core,38,08/2026,Occupational Expert
11-9031.00,"Education and Childcare Administrators, Preschool and Daycare",5201,"Review and interpret government codes and develop procedures to meet codes and to ensure facility safety, security, and maintenance.",Core,38,08/2026,Occupational Expert
11-9031.00,"Education and Childcare Administrators, Preschool and Daycare",5195,"Set educational standards and goals and help establish policies, procedures, and programs to carry them out.",Core,38,08/2026,Occupational Expert
11-9031.00,"Education and Childcare Administrators, Preschool and Daycare",5205,Prepare and submit budget requests or grant proposals to solicit program funding.,Core,38,08/2026,Occupational Expert
11-9031.00,"Education and Childcare Administrators, Preschool and Daycare",5200,"Plan, direct, and monitor instructional methods and content of educational, vocational, or student activity programs.",Core,38,08/2026,Occupational Expert
11-9031.00,"Education and Childcare Administrators, Preschool and Daycare",5207,"Collect and analyze survey data, regulatory information, and demographic and employment trends to forecast enrollment patterns and the need for curriculum changes.",Core,38,08/2026,Occupational Expert
11-9031.00,"Education and Childcare Administrators, Preschool and Daycare",5209,"Organize and direct committees of specialists, volunteers, and staff to provide technical and advisory assistance for programs.",Core,38,08/2026,Occupational Expert
11-9031.00,"Education and Childcare Administrators, Preschool and Daycare",5206,"Write articles, manuals, and other publications and assist in the distribution of promotional literature about programs and facilities.",Core,38,08/2026,Occupational Expert
11-9031.00,"Education and Childcare Administrators, Preschool and Daycare",5208,"Inform businesses, community groups, and governmental agencies about educational needs, available programs, and program policies.",Core,38,08/2026,Occupational Expert
11-9032.00,"Education Administrators, Kindergarten through Secondary",5215,"Counsel and provide guidance to students regarding personal, academic, vocational, or behavioral issues.",Core,118,08/2026,Incumbent
11-9032.00,"Education Administrators, Kindergarten through Secondary",5212,"Confer with parents and staff to discuss educational activities, policies, and student behavior or learning problems.",Core,117,08/2026,Incumbent
11-9032.00,"Education Administrators, Kindergarten through Secondary",5226,Observe teaching methods and examine learning materials to evaluate and standardize curricula and teaching techniques and to determine areas for improvement.,Core,118,08/2026,Incumbent
11-9032.00,"Education Administrators, Kindergarten through Secondary",5234,"Determine the scope of educational program offerings, and prepare drafts of course schedules and descriptions to estimate staffing and facility requirements.",Core,118,08/2026,Incumbent
11-9032.00,"Education Administrators, Kindergarten through Secondary",5225,Enforce discipline and attendance rules.,Core,118,08/2026,Incumbent
11-9032.00,"Education Administrators, Kindergarten through Secondary",5224,"Recruit, hire, train, and evaluate primary and supplemental staff.",Core,118,08/2026,Incumbent
11-9032.00,"Education Administrators, Kindergarten through Secondary",5232,"Collaborate with teachers to develop and maintain curriculum standards, develop mission statements, and set performance goals and objectives.",Core,118,08/2026,Incumbent
11-9032.00,"Education Administrators, Kindergarten through Secondary",5223,"Set educational standards and goals, and help establish policies and procedures to carry them out.",Core,118,08/2026,Incumbent
11-9032.00,"Education Administrators, Kindergarten through Secondary",5222,"Evaluate curricula, teaching methods, and programs to determine their effectiveness, efficiency, and use, and to ensure compliance with federal, state, and local regulations.",Core,118,08/2026,Incumbent
11-9032.00,"Education Administrators, Kindergarten through Secondary",18587,"Plan and lead professional development activities for teachers, administrators, and support staff.",Core,118,08/2026,Incumbent
11-9032.00,"Education Administrators, Kindergarten through Secondary",21040,"Create school improvement plans, using student performance data.",Core,118,08/2026,Incumbent
11-9032.00,"Education Administrators, Kindergarten through Secondary",5229,"Determine allocations of funds for staff, supplies, materials, and equipment, and authorize purchases.",Core,118,08/2026,Incumbent
11-9032.00,"Education Administrators, Kindergarten through Secondary",5221,"Direct and coordinate activities of teachers, administrators, and support staff at schools, public agencies, and institutions.",Core,118,08/2026,Incumbent
11-9032.00,"Education Administrators, Kindergarten through Secondary",5213,"Prepare and submit budget requests and recommendations, or grant proposals to solicit program funding.",Core,118,08/2026,Incumbent
11-9032.00,"Education Administrators, Kindergarten through Secondary",5219,"Plan and develop instructional methods and content for educational, vocational, or student activity programs.",Core,118,08/2026,Incumbent
11-9032.00,"Education Administrators, Kindergarten through Secondary",5217,Teach classes or courses to students.,Core,117,08/2026,Incumbent
11-9032.00,"Education Administrators, Kindergarten through Secondary",18588,"Participate in special education-related activities, such as attending meetings and providing support to special educators throughout the district.",Core,118,08/2026,Incumbent
11-9032.00,"Education Administrators, Kindergarten through Secondary",5211,"Prepare, maintain, or oversee the preparation and maintenance of attendance, activity, planning, or personnel reports and records.",Core,117,08/2026,Incumbent
11-9032.00,"Education Administrators, Kindergarten through Secondary",5231,Recommend personnel actions related to programs and services.,Core,118,08/2026,Incumbent
11-9032.00,"Education Administrators, Kindergarten through Secondary",18589,"Meet with federal, state, and local agencies to stay abreast of policies and to discuss improvements for education programs.",Core,118,08/2026,Incumbent
11-9032.00,"Education Administrators, Kindergarten through Secondary",5210,"Review and approve new programs, or recommend modifications to existing programs, submitting program proposals for school board approval as necessary.",Core,117,08/2026,Incumbent
11-9032.00,"Education Administrators, Kindergarten through Secondary",5216,"Organize and direct committees of specialists, volunteers, and staff to provide technical and advisory assistance for programs.",Core,118,08/2026,Incumbent
11-9032.00,"Education Administrators, Kindergarten through Secondary",18591,"Coordinate and direct extracurricular activities and programs, such as after-school events and athletic contests.",Core,118,08/2026,Incumbent
11-9032.00,"Education Administrators, Kindergarten through Secondary",5230,"Write articles, manuals, and other publications, and assist in the distribution of promotional literature about facilities and programs.",Core,118,08/2026,Incumbent
11-9032.00,"Education Administrators, Kindergarten through Secondary",18592,"Mentor and support administrative staff members, such as superintendents and principals.",Supplemental,118,08/2026,Incumbent
11-9032.00,"Education Administrators, Kindergarten through Secondary",5233,"Collect and analyze survey data, regulatory information, and data on demographic and employment trends to forecast enrollment patterns and curriculum change needs.",Supplemental,118,08/2026,Incumbent
11-9032.00,"Education Administrators, Kindergarten through Secondary",5218,"Advocate for new schools to be built, or for existing facilities to be repaired or remodeled.",Supplemental,117,08/2026,Incumbent
11-9032.00,"Education Administrators, Kindergarten through Secondary",5227,"Establish, coordinate, and oversee particular programs across school districts, such as programs to evaluate student academic achievement.",Supplemental,118,08/2026,Incumbent
11-9032.00,"Education Administrators, Kindergarten through Secondary",18590,"Plan, coordinate, and oversee school logistics programs, such as bus and food services.",Supplemental,117,08/2026,Incumbent
11-9032.00,"Education Administrators, Kindergarten through Secondary",5228,"Review and interpret government codes, and develop programs to ensure adherence to codes and facility safety, security, and maintenance.",Supplemental,118,08/2026,Incumbent
11-9032.00,"Education Administrators, Kindergarten through Secondary",5220,"Develop partnerships with businesses, communities, and other organizations to help meet identified educational needs and to provide school-to-work programs.",Supplemental,118,08/2026,Incumbent
11-9032.00,"Education Administrators, Kindergarten through Secondary",5214,Direct and coordinate school maintenance services and the use of school facilities.,Supplemental,118,08/2026,Incumbent
11-9033.00,"Education Administrators, Postsecondary",21041,Design or use assessments to monitor student learning outcomes.,Core,114,08/2018,Incumbent
11-9033.00,"Education Administrators, Postsecondary",5235,"Recruit, hire, train, and terminate departmental personnel.",Core,114,08/2018,Incumbent
11-9033.00,"Education Administrators, Postsecondary",18594,"Direct, coordinate, and evaluate the activities of personnel, including support staff engaged in administering academic institutions, departments, or alumni organizations.",Core,113,08/2018,Incumbent
11-9033.00,"Education Administrators, Postsecondary",18593,"Advise students on issues such as course selection, progress toward graduation, and career decisions.",Core,114,08/2018,Incumbent
11-9033.00,"Education Administrators, Postsecondary",5236,"Plan, administer, and control budgets, maintain financial records, and produce financial reports.",Core,114,08/2018,Incumbent
11-9033.00,"Education Administrators, Postsecondary",18595,Formulate strategic plans for the institution.,Core,113,08/2018,Incumbent
11-9033.00,"Education Administrators, Postsecondary",5240,"Establish operational policies and procedures and make any necessary modifications, based on analysis of operations, demographics, and other research information.",Core,114,08/2018,Incumbent
11-9033.00,"Education Administrators, Postsecondary",5239,"Provide assistance to faculty and staff in duties such as teaching classes, conducting orientation programs, issuing transcripts, and scheduling events.",Core,113,08/2018,Incumbent
11-9033.00,"Education Administrators, Postsecondary",5237,"Represent institutions at community and campus events, in meetings with other institution personnel, and during accreditation processes.",Core,114,08/2018,Incumbent
11-9033.00,"Education Administrators, Postsecondary",21042,Prepare reports on academic or institutional data.,Core,113,08/2018,Incumbent
11-9033.00,"Education Administrators, Postsecondary",18596,"Promote the university by participating in community, state, and national events or meetings, and by developing partnerships with industry and secondary education institutions.",Core,113,08/2018,Incumbent
11-9033.00,"Education Administrators, Postsecondary",5238,Participate in faculty and college committee activities.,Core,114,08/2018,Incumbent
11-9033.00,"Education Administrators, Postsecondary",5243,"Direct activities of administrative departments, such as admissions, registration, and career services.",Supplemental,114,08/2018,Incumbent
11-9033.00,"Education Administrators, Postsecondary",5242,"Appoint individuals to faculty positions, and evaluate their performance.",Supplemental,113,08/2018,Incumbent
11-9033.00,"Education Administrators, Postsecondary",5244,"Develop curricula, and recommend curricula revisions and additions.",Supplemental,112,08/2018,Incumbent
11-9033.00,"Education Administrators, Postsecondary",5246,Consult with government regulatory and licensing agencies to ensure the institution's conformance with applicable standards.,Supplemental,114,08/2018,Incumbent
11-9033.00,"Education Administrators, Postsecondary",5249,"Participate in student recruitment, selection, and admission, making admissions recommendations when required to do so.",Supplemental,114,08/2018,Incumbent
11-9033.00,"Education Administrators, Postsecondary",5245,"Determine course schedules, and coordinate teaching assignments and room assignments to ensure optimum use of buildings and equipment.",Supplemental,113,08/2018,Incumbent
11-9033.00,"Education Administrators, Postsecondary",5248,Teach courses within their department.,Supplemental,113,08/2018,Incumbent
11-9033.00,"Education Administrators, Postsecondary",5250,"Review student misconduct reports requiring disciplinary action, and counsel students regarding such reports.",Supplemental,113,08/2018,Incumbent
11-9033.00,"Education Administrators, Postsecondary",5255,"Review registration statistics, and consult with faculty officials to develop registration policies.",Supplemental,114,08/2018,Incumbent
11-9033.00,"Education Administrators, Postsecondary",5241,Confer with other academic staff to explain and formulate admission requirements and course credit policies.,Supplemental,113,08/2018,Incumbent
11-9033.00,"Education Administrators, Postsecondary",5253,"Direct scholarship, fellowship, and loan programs, performing activities such as selecting recipients and distributing aid.",Supplemental,114,08/2018,Incumbent
11-9033.00,"Education Administrators, Postsecondary",5259,"Direct and participate in institutional fundraising activities, and encourage alumni participation in such activities.",Supplemental,114,08/2018,Incumbent
11-9033.00,"Education Administrators, Postsecondary",5254,"Coordinate the production and dissemination of university publications, such as course catalogs and class schedules.",Supplemental,114,08/2018,Incumbent
11-9033.00,"Education Administrators, Postsecondary",18597,"Write grants to procure external funding, and supervise grant-funded projects.",Supplemental,113,08/2018,Incumbent
11-9033.00,"Education Administrators, Postsecondary",5258,"Plan and promote sporting events and social, cultural, and recreational activities.",Supplemental,113,08/2018,Incumbent
11-9041.00,Architectural and Engineering Managers,20170,Manage the coordination and overall integration of technical activities in architecture or engineering projects.,Core,59,08/2020,Incumbent
11-9041.00,Architectural and Engineering Managers,20171,"Direct, review, or approve project design changes.",Core,60,08/2020,Incumbent
11-9041.00,Architectural and Engineering Managers,1071,Consult or negotiate with clients to prepare project specifications.,Core,59,08/2020,Incumbent
11-9041.00,Architectural and Engineering Managers,20172,"Prepare budgets, bids, or contracts.",Core,59,08/2020,Incumbent
11-9041.00,Architectural and Engineering Managers,1070,"Present and explain proposals, reports, or findings to clients.",Core,60,08/2020,Incumbent
11-9041.00,Architectural and Engineering Managers,1060,"Confer with management, production, or marketing staff to discuss project specifications or procedures.",Core,60,08/2020,Incumbent
11-9041.00,Architectural and Engineering Managers,20173,"Assess project feasibility by analyzing technology, resource needs, or market demand.",Core,59,08/2020,Incumbent
11-9041.00,Architectural and Engineering Managers,20175,"Review, recommend, or approve contracts or cost estimates.",Core,59,08/2020,Incumbent
11-9041.00,Architectural and Engineering Managers,20176,"Develop or implement policies, standards, or procedures for engineering and technical work.",Core,59,08/2020,Incumbent
11-9041.00,Architectural and Engineering Managers,20178,Establish scientific or technical goals within broad outlines provided by top management.,Core,60,08/2020,Incumbent
11-9041.00,Architectural and Engineering Managers,20174,"Direct recruitment, placement, and evaluation of architecture or engineering project staff.",Core,60,08/2020,Incumbent
11-9041.00,Architectural and Engineering Managers,20177,"Perform administrative functions, such as reviewing or writing reports, approving expenditures, enforcing rules, or purchasing of materials or services.",Core,60,08/2020,Incumbent
11-9041.00,Architectural and Engineering Managers,19525,Develop or implement programs to improve sustainability or reduce the environmental impacts of engineering or architecture activities or operations.,Core,60,08/2020,Incumbent
11-9041.00,Architectural and Engineering Managers,19527,"Evaluate the environmental impacts of engineering, architecture, or research and development activities.",Core,60,08/2020,Incumbent
11-9041.00,Architectural and Engineering Managers,1063,"Plan or direct the installation, testing, operation, maintenance, or repair of facilities or equipment.",Supplemental,60,08/2020,Incumbent
11-9041.00,Architectural and Engineering Managers,19528,Identify environmental threats or opportunities associated with the development and launch of new technologies.,Supplemental,59,08/2020,Incumbent
11-9041.00,Architectural and Engineering Managers,20180,"Plan, direct, or coordinate survey work with other project activities.",Supplemental,58,08/2020,Incumbent
11-9041.00,Architectural and Engineering Managers,19526,Evaluate environmental regulations or social pressures related to environmental issues to inform strategic or operational decision-making.,Supplemental,60,08/2020,Incumbent
11-9041.00,Architectural and Engineering Managers,20179,Solicit project support by conferring with officials or providing information to the public.,Supplemental,60,08/2020,Incumbent
11-9041.01,Biofuels/Biodiesel Technology and Product Development Managers,15574,"Design or conduct applied biodiesel or biofuels research projects on topics, such as transport, thermodynamics, mixing, filtration, distillation, fermentation, extraction, and separation.",Core,99,07/2014,Incumbent
11-9041.01,Biofuels/Biodiesel Technology and Product Development Managers,15578,"Analyze data from biofuels studies, such as fluid dynamics, water treatments, or solvent extraction and recovery processes.",Core,100,07/2014,Incumbent
11-9041.01,Biofuels/Biodiesel Technology and Product Development Managers,15567,"Prepare, or oversee the preparation of, experimental plans for biofuels research or development.",Core,100,07/2014,Incumbent
11-9041.01,Biofuels/Biodiesel Technology and Product Development Managers,15566,Provide technical or scientific guidance to technical staff in the conduct of biofuels research or development.,Core,100,07/2014,Incumbent
11-9041.01,Biofuels/Biodiesel Technology and Product Development Managers,15580,"Propose new biofuels products, processes, technologies or applications based on findings from applied biofuels or biomass research projects.",Core,100,07/2014,Incumbent
11-9041.01,Biofuels/Biodiesel Technology and Product Development Managers,15576,Conduct experiments on biomass or pretreatment technologies.,Core,99,07/2014,Incumbent
11-9041.01,Biofuels/Biodiesel Technology and Product Development Managers,15568,Prepare biofuels research and development reports for senior management or technical professionals.,Core,99,07/2014,Incumbent
11-9041.01,Biofuels/Biodiesel Technology and Product Development Managers,15563,"Develop lab scale models of industrial scale processes, such as fermentation.",Core,100,07/2014,Incumbent
11-9041.01,Biofuels/Biodiesel Technology and Product Development Managers,15579,Oversee biodiesel/biofuels prototyping or development projects.,Core,99,07/2014,Incumbent
11-9041.01,Biofuels/Biodiesel Technology and Product Development Managers,15577,Conduct experiments to test new or alternate feedstock fermentation processes.,Core,100,07/2014,Incumbent
11-9041.01,Biofuels/Biodiesel Technology and Product Development Managers,15572,Develop methods to estimate the efficiency of biomass pretreatments.,Supplemental,100,07/2014,Incumbent
11-9041.01,Biofuels/Biodiesel Technology and Product Development Managers,15569,Perform protein functional analysis and engineering for processing of feedstock and creation of biofuels.,Supplemental,97,07/2014,Incumbent
11-9041.01,Biofuels/Biodiesel Technology and Product Development Managers,15581,"Conduct research to breed or develop energy crops with improved biomass yield, environmental adaptability, pest resistance, production efficiency, bioprocessing characteristics, or reduced environmental impacts.",Supplemental,99,07/2014,Incumbent
11-9041.01,Biofuels/Biodiesel Technology and Product Development Managers,15564,Develop computational tools or approaches to improve biofuels research and development activities.,Supplemental,98,07/2014,Incumbent
11-9041.01,Biofuels/Biodiesel Technology and Product Development Managers,15570,Develop separation processes to recover biofuels.,Supplemental,98,07/2014,Incumbent
11-9041.01,Biofuels/Biodiesel Technology and Product Development Managers,15575,"Design chemical conversion processes, such as etherification, esterification, interesterification, transesterification, distillation, hydrogenation, oxidation or reduction of fats and oils, and vegetable oil refining.",Supplemental,99,07/2014,Incumbent
11-9041.01,Biofuels/Biodiesel Technology and Product Development Managers,15573,Design or execute solvent or product recovery experiments in laboratory or field settings.,Supplemental,99,07/2014,Incumbent
11-9041.01,Biofuels/Biodiesel Technology and Product Development Managers,15571,Develop methods to recover ethanol or other fuels from complex bioreactor liquid and gas streams.,Supplemental,100,07/2014,Incumbent
11-9051.00,Food Service Managers,15199,Count money and make bank deposits.,Core,108,08/2025,Incumbent
11-9051.00,Food Service Managers,1086,Establish standards for personnel performance and customer service.,Core,108,08/2025,Incumbent
11-9051.00,Food Service Managers,1085,Keep records required by government agencies regarding sanitation or food subsidies.,Core,105,08/2025,Incumbent
11-9051.00,Food Service Managers,1082,Schedule staff hours and assign duties.,Core,108,08/2025,Incumbent
11-9051.00,Food Service Managers,1078,"Investigate and resolve complaints regarding food quality, service, or accommodations.",Core,106,08/2025,Incumbent
11-9051.00,Food Service Managers,1090,"Maintain food and equipment inventories, and keep inventory records.",Core,107,08/2025,Incumbent
11-9051.00,Food Service Managers,1089,"Perform some food preparation or service tasks, such as cooking, clearing tables, and serving food and drinks when necessary.",Core,107,08/2025,Incumbent
11-9051.00,Food Service Managers,1081,"Monitor budgets and payroll records, and review financial transactions to ensure that expenditures are authorized and budgeted.",Core,108,08/2025,Incumbent
11-9051.00,Food Service Managers,1079,"Schedule and receive food and beverage deliveries, checking delivery contents to verify product quality and quantity.",Core,107,08/2025,Incumbent
11-9051.00,Food Service Managers,1084,Coordinate assignments of cooking personnel to ensure economical use of food and timely preparation.,Core,106,08/2025,Incumbent
11-9051.00,Food Service Managers,1091,"Organize and direct worker training programs, resolve personnel problems, hire new staff, and evaluate employee performance in dining and lodging facilities.",Core,107,08/2025,Incumbent
11-9051.00,Food Service Managers,1095,"Assess staffing needs and recruit staff, using methods such as newspaper advertisements or attendance at job fairs.",Core,106,08/2025,Incumbent
11-9051.00,Food Service Managers,1087,"Estimate food, liquor, wine, and other beverage consumption to anticipate amounts to be purchased or requisitioned.",Core,108,08/2025,Incumbent
11-9051.00,Food Service Managers,1080,"Monitor food preparation methods, portion sizes, and garnishing and presentation of food to ensure that food is prepared and presented in an acceptable manner.",Core,107,08/2025,Incumbent
11-9051.00,Food Service Managers,1083,"Monitor compliance with health and fire regulations regarding food preparation and serving, and building maintenance in lodging and dining facilities.",Core,107,08/2025,Incumbent
11-9051.00,Food Service Managers,1077,Test cooked food by tasting and smelling it to ensure palatability and flavor conformity.,Core,108,08/2025,Incumbent
11-9051.00,Food Service Managers,1092,Order and purchase equipment and supplies.,Core,105,08/2025,Incumbent
11-9051.00,Food Service Managers,1088,"Review work procedures and operational problems to determine ways to improve service, performance, or safety.",Core,107,08/2025,Incumbent
11-9051.00,Food Service Managers,1096,"Arrange for equipment maintenance and repairs, and coordinate a variety of services, such as waste removal and pest control.",Core,108,08/2025,Incumbent
11-9051.00,Food Service Managers,1097,Monitor employee and patron activities to ensure liquor regulations are obeyed.,Supplemental,104,08/2025,Incumbent
11-9051.00,Food Service Managers,1098,"Greet guests, escort them to their seats, and present them with menus and wine lists.",Supplemental,108,08/2025,Incumbent
11-9051.00,Food Service Managers,1094,"Record the number, type, and cost of items sold to determine which items may be unpopular or less profitable.",Supplemental,106,08/2025,Incumbent
11-9051.00,Food Service Managers,1100,"Plan menus and food utilization, based on anticipated number of guests, nutritional value, palatability, popularity, and costs.",Supplemental,105,08/2025,Incumbent
11-9051.00,Food Service Managers,1093,"Review menus and analyze recipes to determine labor and overhead costs, and assign prices to menu items.",Supplemental,107,08/2025,Incumbent
11-9051.00,Food Service Managers,1102,Take dining reservations.,Supplemental,107,08/2025,Incumbent
11-9051.00,Food Service Managers,1101,Create specialty dishes and develop recipes to be used in dining facilities.,Supplemental,108,08/2025,Incumbent
11-9051.00,Food Service Managers,1103,"Schedule use of facilities or catering services for events such as banquets or receptions, and negotiate details of arrangements with clients.",Supplemental,108,08/2025,Incumbent
11-9051.00,Food Service Managers,1099,"Establish and enforce nutritional standards for dining establishments, based on accepted industry standards.",Supplemental,108,08/2025,Incumbent
11-9071.00,Gambling Managers,7185,"Resolve customer complaints regarding problems, such as payout errors.",Core,76,08/2023,Incumbent
11-9071.00,Gambling Managers,7186,"Remove suspected cheaters, such as card counters or other players who may have systems that shift the odds of winning to their favor.",Core,75,08/2023,Incumbent
11-9071.00,Gambling Managers,7196,Track supplies of money to tables and perform any required paperwork.,Core,75,08/2023,Incumbent
11-9071.00,Gambling Managers,7190,"Explain and interpret house rules, such as game rules or betting limits.",Core,75,08/2023,Incumbent
11-9071.00,Gambling Managers,7193,Prepare work schedules and station arrangements and keep attendance records.,Core,75,08/2023,Incumbent
11-9071.00,Gambling Managers,7191,"Monitor staffing levels to ensure that games and tables are adequately staffed for each shift, arranging for staff rotations and breaks and locating substitute employees as necessary.",Core,75,08/2023,Incumbent
11-9071.00,Gambling Managers,7187,"Maintain familiarity with all games used at a facility, as well as strategies or tricks employed in those games.",Core,76,08/2023,Incumbent
11-9071.00,Gambling Managers,7188,Train new workers or evaluate their performance.,Core,76,08/2023,Incumbent
11-9071.00,Gambling Managers,20472,Market or promote the casino to bring in business.,Core,76,08/2023,Incumbent
11-9071.00,Gambling Managers,7192,Interview and hire workers.,Core,76,08/2023,Incumbent
11-9071.00,Gambling Managers,7194,"Direct the distribution of complimentary hotel rooms, meals, or other discounts or free items given to players, based on their length of play and betting totals.",Core,76,08/2023,Incumbent
11-9071.00,Gambling Managers,7195,"Establish policies on issues, such as the type of gambling offered and the odds, the extension of credit, or the serving of food and beverages.",Core,75,08/2023,Incumbent
11-9071.00,Gambling Managers,7189,"Circulate among gaming tables to ensure that operations are conducted properly, that dealers follow house rules, or that players are not cheating.",Supplemental,76,08/2023,Incumbent
11-9071.00,Gambling Managers,7197,Set and maintain a bank and table limit for each game.,Supplemental,75,08/2023,Incumbent
11-9071.00,Gambling Managers,7201,Direct the compilation of summary sheets that show wager amounts and payoffs for races or events.,Supplemental,76,08/2023,Incumbent
11-9071.00,Gambling Managers,7199,"Review operational expenses, budget estimates, betting accounts, or collection reports for accuracy.",Supplemental,74,08/2023,Incumbent
11-9071.00,Gambling Managers,7200,"Record, collect, or pay off bets, issuing receipts as necessary.",Supplemental,75,08/2023,Incumbent
11-9071.00,Gambling Managers,7202,Notify board attendants of table vacancies so that waiting patrons can play.,Supplemental,75,08/2023,Incumbent
11-9071.00,Gambling Managers,7198,Monitor credit extended to players.,Supplemental,74,08/2023,Incumbent
11-9072.00,"Entertainment and Recreation Managers, Except Gambling",21416,Write budgets to plan recreational activities or programs.,Core,95,08/2026,Incumbent
11-9072.00,"Entertainment and Recreation Managers, Except Gambling",21412,"Talk to coworkers using electronic devices, such as computers and radios.",Core,95,08/2026,Incumbent
11-9072.00,"Entertainment and Recreation Managers, Except Gambling",21413,Talk to customers to convey information about events or activities.,Core,95,08/2026,Incumbent
11-9072.00,"Entertainment and Recreation Managers, Except Gambling",21408,Plan programs of events or schedules of activities.,Core,95,08/2026,Incumbent
11-9072.00,"Entertainment and Recreation Managers, Except Gambling",21404,Explain rules and regulations of facilities and entertainment attractions to customers.,Core,95,08/2026,Incumbent
11-9072.00,"Entertainment and Recreation Managers, Except Gambling",21402,Calculate and record department expenses and revenue.,Core,95,08/2026,Incumbent
11-9072.00,"Entertainment and Recreation Managers, Except Gambling",21406,Interview and hire associates to fill staff vacancies.,Core,95,08/2026,Incumbent
11-9072.00,"Entertainment and Recreation Managers, Except Gambling",21401,Assign tasks and work hours to staff.,Core,95,08/2026,Incumbent
11-9072.00,"Entertainment and Recreation Managers, Except Gambling",21409,"Plan, organize, or lead group activities for customers, such as exercise routines, athletic events, or arts and crafts.",Core,95,08/2026,Incumbent
11-9072.00,"Entertainment and Recreation Managers, Except Gambling",21410,Resolve customer complaints regarding worker performance or services rendered.,Core,95,08/2026,Incumbent
11-9072.00,"Entertainment and Recreation Managers, Except Gambling",21414,Train workers in company procedures or policy.,Core,95,08/2026,Incumbent
11-9072.00,"Entertainment and Recreation Managers, Except Gambling",21400,Administer first aid in emergency situations.,Core,94,08/2026,Incumbent
11-9072.00,"Entertainment and Recreation Managers, Except Gambling",21415,Write and present strategies for recreational facility programming using customer or employee data.,Core,93,08/2026,Incumbent
11-9072.00,"Entertainment and Recreation Managers, Except Gambling",21411,"Store and retrieve equipment, such as vehicles, radios, and ride components.",Core,95,08/2026,Incumbent
11-9072.00,"Entertainment and Recreation Managers, Except Gambling",21405,"Inspect equipment, such as rides, games, and vehicles, to detect wear and damage.",Supplemental,95,08/2026,Incumbent
11-9072.00,"Entertainment and Recreation Managers, Except Gambling",21403,"Clean equipment and areas of amusement park, cruise ship, or other recreational facility.",Supplemental,95,08/2026,Incumbent
11-9072.00,"Entertainment and Recreation Managers, Except Gambling",21407,"Operate, drive, or explain the use of mechanical equipment in amusement parks, cruise ships, or other recreational facilities.",Supplemental,95,08/2026,Incumbent
11-9081.00,Lodging Managers,1105,"Answer inquiries pertaining to hotel policies and services, and resolve occupants' complaints.",Core,49,07/2017,Incumbent
11-9081.00,Lodging Managers,1108,"Participate in financial activities, such as the setting of room rates, the establishment of budgets, and the allocation of funds to departments.",Core,48,07/2017,Incumbent
11-9081.00,Lodging Managers,1109,Confer and cooperate with other managers to ensure coordination of hotel activities.,Core,49,07/2017,Incumbent
11-9081.00,Lodging Managers,1104,Greet and register guests.,Core,49,07/2017,Incumbent
11-9081.00,Lodging Managers,18599,Monitor the revenue activity of the hotel or facility.,Core,49,07/2017,Incumbent
11-9081.00,Lodging Managers,1111,Manage and maintain temporary or permanent lodging facilities.,Core,49,07/2017,Incumbent
11-9081.00,Lodging Managers,1113,Train staff members.,Core,49,07/2017,Incumbent
11-9081.00,Lodging Managers,1112,Observe and monitor staff performance to ensure efficient operations and adherence to facility's policies and procedures.,Core,49,07/2017,Incumbent
11-9081.00,Lodging Managers,1107,"Coordinate front-office activities of hotels or motels, and resolve problems.",Core,49,07/2017,Incumbent
11-9081.00,Lodging Managers,1116,"Inspect guest rooms, public areas, and grounds for cleanliness and appearance.",Core,49,07/2017,Incumbent
11-9081.00,Lodging Managers,1106,"Assign duties to workers, and schedule shifts.",Core,49,07/2017,Incumbent
11-9081.00,Lodging Managers,1123,"Receive and process advance registration payments, mail letters of confirmation, or return checks when registrations cannot be accepted.",Core,49,07/2017,Incumbent
11-9081.00,Lodging Managers,1118,Interview and hire applicants.,Core,49,07/2017,Incumbent
11-9081.00,Lodging Managers,1119,"Purchase supplies, and arrange for outside services, such as deliveries, laundry, maintenance and repair, and trash collection.",Core,49,07/2017,Incumbent
11-9081.00,Lodging Managers,18600,Collect payments and record data pertaining to funds and expenditures.,Core,48,07/2017,Incumbent
11-9081.00,Lodging Managers,1115,Develop and implement policies and procedures for the operation of a department or establishment.,Core,48,07/2017,Incumbent
11-9081.00,Lodging Managers,1117,Prepare required paperwork pertaining to departmental functions.,Core,49,07/2017,Incumbent
11-9081.00,Lodging Managers,1114,"Show, rent, or assign accommodations.",Core,48,07/2017,Incumbent
11-9081.00,Lodging Managers,1121,Perform marketing and public relations activities.,Core,49,07/2017,Incumbent
11-9081.00,Lodging Managers,1122,Organize and coordinate the work of staff and convention personnel for meetings to be held at a particular facility.,Core,49,07/2017,Incumbent
11-9081.00,Lodging Managers,1125,"Provide assistance to staff members by inspecting rooms, setting tables, or doing laundry.",Core,49,07/2017,Incumbent
11-9081.00,Lodging Managers,1120,"Arrange telephone answering services, deliver mail and packages, or answer questions regarding locations for eating and entertainment.",Core,49,07/2017,Incumbent
11-9081.00,Lodging Managers,1124,"Meet with clients to schedule and plan details of conventions, banquets, receptions and other functions.",Supplemental,49,07/2017,Incumbent
11-9081.00,Lodging Managers,1126,Book tickets for guests for local tours and attractions.,Supplemental,49,07/2017,Incumbent
11-9111.00,Medical and Health Services Managers,46,"Direct, supervise and evaluate work activities of medical, nursing, technical, clerical, service, maintenance, and other personnel.",Core,28,08/2022,Occupational Expert
11-9111.00,Medical and Health Services Managers,49,"Develop and maintain computerized record management systems to store and process data, such as personnel activities and information, and to produce reports.",Core,28,08/2022,Occupational Expert
11-9111.00,Medical and Health Services Managers,58,"Plan, implement, and administer programs and services in a health care or medical facility, including personnel administration, training, and coordination of medical, nursing and physical plant staff.",Core,28,08/2022,Occupational Expert
11-9111.00,Medical and Health Services Managers,51,"Conduct and administer fiscal operations, including accounting, planning budgets, authorizing expenditures, establishing rates for services, and coordinating financial reporting.",Core,28,08/2022,Occupational Expert
11-9111.00,Medical and Health Services Managers,55,"Maintain awareness of advances in medicine, computerized diagnostic and treatment equipment, data processing technology, government regulations, health insurance changes, and financing options.",Core,28,08/2022,Occupational Expert
11-9111.00,Medical and Health Services Managers,52,"Establish work schedules and assignments for staff, according to workload, space, and equipment availability.",Core,28,08/2022,Occupational Expert
11-9111.00,Medical and Health Services Managers,54,"Monitor the use of diagnostic services, inpatient beds, facilities, and staff to ensure effective use of resources and assess the need for additional staff, equipment, and services.",Core,28,08/2022,Occupational Expert
11-9111.00,Medical and Health Services Managers,48,"Direct or conduct recruitment, hiring, and training of personnel.",Core,28,08/2022,Occupational Expert
11-9111.00,Medical and Health Services Managers,56,"Manage change in integrated health care delivery systems, such as work restructuring, technological innovations, and shifts in the focus of care.",Core,28,08/2022,Occupational Expert
11-9111.00,Medical and Health Services Managers,53,"Maintain communication between governing boards, medical staff, and department heads by attending board meetings and coordinating interdepartmental functioning.",Core,28,08/2022,Occupational Expert
11-9111.00,Medical and Health Services Managers,47,Establish objectives and evaluative or operational criteria for units managed.,Core,28,08/2022,Occupational Expert
11-9111.00,Medical and Health Services Managers,50,Develop and implement organizational policies and procedures for the facility or medical unit.,Core,28,08/2022,Occupational Expert
11-9111.00,Medical and Health Services Managers,61,Review and analyze facility activities and data to aid planning and cash and risk management and to improve service utilization.,Core,28,08/2022,Occupational Expert
11-9111.00,Medical and Health Services Managers,57,"Prepare activity reports to inform management of the status and implementation plans of programs, services, and quality initiatives.",Core,28,08/2022,Occupational Expert
11-9111.00,Medical and Health Services Managers,62,"Develop or expand and implement medical programs or health services that promote research, rehabilitation, and community health.",Core,28,08/2022,Occupational Expert
11-9111.00,Medical and Health Services Managers,59,"Consult with medical, business, and community groups to discuss service problems, respond to community needs, enhance public relations, coordinate activities and plans, and promote health programs.",Core,28,08/2022,Occupational Expert
11-9111.00,Medical and Health Services Managers,63,Develop instructional materials and conduct in-service and community-based educational programs.,Core,28,08/2022,Occupational Expert
11-9111.00,Medical and Health Services Managers,60,"Inspect facilities and recommend building or equipment modifications to ensure emergency readiness and compliance to access, safety, and sanitation regulations.",Supplemental,28,08/2022,Occupational Expert
11-9121.00,Natural Sciences Managers,7209,"Hire, supervise, or evaluate engineers, technicians, researchers, or other staff.",Core,70,08/2021,Incumbent
11-9121.00,Natural Sciences Managers,7207,"Design or coordinate successive phases of problem analysis, solution proposals, or testing.",Core,70,08/2021,Incumbent
11-9121.00,Natural Sciences Managers,7205,"Plan or direct research, development, or production activities.",Core,70,08/2021,Incumbent
11-9121.00,Natural Sciences Managers,7208,"Review project activities and prepare and review research, testing, or operational reports.",Core,70,08/2021,Incumbent
11-9121.00,Natural Sciences Managers,7203,"Confer with scientists, engineers, regulators, or others to plan or review projects or to provide technical assistance.",Core,70,08/2021,Incumbent
11-9121.00,Natural Sciences Managers,7204,"Develop client relationships and communicate with clients to explain proposals, present research findings, establish specifications, or discuss project status.",Core,70,08/2021,Incumbent
11-9121.00,Natural Sciences Managers,7210,Determine scientific or technical goals within broad outlines provided by top management and make detailed plans to accomplish these goals.,Core,70,08/2021,Incumbent
11-9121.00,Natural Sciences Managers,7206,Prepare project proposals.,Core,70,08/2021,Incumbent
11-9121.00,Natural Sciences Managers,7211,"Develop or implement policies, standards, or procedures for the architectural, scientific, or technical work performed to ensure regulatory compliance or operations enhancement.",Core,70,08/2021,Incumbent
11-9121.00,Natural Sciences Managers,7215,Recruit personnel or oversee the development or maintenance of staff competence.,Core,69,08/2021,Incumbent
11-9121.00,Natural Sciences Managers,7217,"Prepare and administer budgets, approve and review expenditures, and prepare financial reports.",Core,70,08/2021,Incumbent
11-9121.00,Natural Sciences Managers,7214,Conduct own research in field of expertise.,Core,70,08/2021,Incumbent
11-9121.00,Natural Sciences Managers,7212,Develop innovative technology or train staff for its implementation.,Core,70,08/2021,Incumbent
11-9121.00,Natural Sciences Managers,7218,Make presentations at professional meetings to further knowledge in the field.,Core,70,08/2021,Incumbent
11-9121.00,Natural Sciences Managers,7213,"Provide for stewardship of plant or animal resources or habitats, studying land use, monitoring animal populations, or providing shelter, resources, or medical treatment for animals.",Supplemental,70,08/2021,Incumbent
11-9121.00,Natural Sciences Managers,7216,Advise or assist in obtaining patents or meeting other legal requirements.,Supplemental,70,08/2021,Incumbent
11-9121.01,Clinical Research Coordinators,15612,"Schedule subjects for appointments, procedures, or inpatient stays as required by study protocols.",Core,53,08/2021,Incumbent
11-9121.01,Clinical Research Coordinators,15587,"Perform specific protocol procedures such as interviewing subjects, taking vital signs, and performing electrocardiograms.",Core,53,08/2021,Incumbent
11-9121.01,Clinical Research Coordinators,15610,"Assess eligibility of potential subjects through methods such as screening interviews, reviews of medical records, or discussions with physicians and nurses.",Core,53,08/2021,Incumbent
11-9121.01,Clinical Research Coordinators,15595,"Prepare study-related documentation, such as protocol worksheets, procedural manuals, adverse event reports, institutional review board documents, or progress reports.",Core,52,08/2021,Incumbent
11-9121.01,Clinical Research Coordinators,15602,Inform patients or caregivers about study aspects and outcomes to be expected.,Core,53,08/2021,Incumbent
11-9121.01,Clinical Research Coordinators,15594,Record adverse event and side effect data and confer with investigators regarding the reporting of events to oversight agencies.,Core,52,08/2021,Incumbent
11-9121.01,Clinical Research Coordinators,15613,"Monitor study activities to ensure compliance with protocols and with all relevant local, federal, and state regulatory and institutional polices.",Core,53,08/2021,Incumbent
11-9121.01,Clinical Research Coordinators,15597,Oversee subject enrollment to ensure that informed consent is properly obtained and documented.,Core,53,08/2021,Incumbent
11-9121.01,Clinical Research Coordinators,15614,"Maintain required records of study activity including case report forms, drug dispensation records, or regulatory forms.",Core,53,08/2021,Incumbent
11-9121.01,Clinical Research Coordinators,15603,"Identify protocol problems, inform investigators of problems, or assist in problem resolution efforts, such as protocol revisions.",Core,53,08/2021,Incumbent
11-9121.01,Clinical Research Coordinators,15593,"Review proposed study protocols to evaluate factors such as sample collection processes, data management plans, or potential subject risks.",Core,52,08/2021,Incumbent
11-9121.01,Clinical Research Coordinators,15608,"Collaborate with investigators to prepare presentations or reports of clinical study procedures, results, and conclusions.",Core,52,08/2021,Incumbent
11-9121.01,Clinical Research Coordinators,15592,Track enrollment status of subjects and document dropout information such as dropout causes and subject contact efforts.,Core,53,08/2021,Incumbent
11-9121.01,Clinical Research Coordinators,15609,"Code, evaluate, or interpret collected study data.",Core,53,08/2021,Incumbent
11-9121.01,Clinical Research Coordinators,15605,"Direct the requisition, collection, labeling, storage, or shipment of specimens.",Core,53,08/2021,Incumbent
11-9121.01,Clinical Research Coordinators,15601,"Instruct research staff in scientific and procedural aspects of studies including standards of care, informed consent procedures, or documentation procedures.",Core,53,08/2021,Incumbent
11-9121.01,Clinical Research Coordinators,15600,Maintain contact with sponsors to schedule and coordinate site visits or to answer questions about issues such as incomplete data.,Core,52,08/2021,Incumbent
11-9121.01,Clinical Research Coordinators,15585,"Prepare for or participate in quality assurance audits conducted by study sponsors, federal agencies, or specially designated review groups.",Core,52,08/2021,Incumbent
11-9121.01,Clinical Research Coordinators,15598,Order drugs or devices necessary for study completion.,Core,53,08/2021,Incumbent
11-9121.01,Clinical Research Coordinators,15606,Contact outside health care providers and communicate with subjects to obtain follow-up information.,Core,53,08/2021,Incumbent
11-9121.01,Clinical Research Coordinators,15596,Participate in the development of study protocols including guidelines for administration or data collection procedures.,Core,52,08/2021,Incumbent
11-9121.01,Clinical Research Coordinators,15591,Confer with health care professionals to determine the best recruitment practices for studies.,Core,53,08/2021,Incumbent
11-9121.01,Clinical Research Coordinators,15607,Communicate with laboratories or investigators regarding laboratory findings.,Core,53,08/2021,Incumbent
11-9121.01,Clinical Research Coordinators,15583,"Review scientific literature, participate in continuing education activities, or attend conferences and seminars to maintain current knowledge of clinical studies affairs and issues.",Core,52,08/2021,Incumbent
11-9121.01,Clinical Research Coordinators,15599,Organize space for study equipment and supplies.,Core,53,08/2021,Incumbent
11-9121.01,Clinical Research Coordinators,15589,Develop advertising and other informational materials to be used in subject recruitment.,Core,53,08/2021,Incumbent
11-9121.01,Clinical Research Coordinators,15604,"Dispense medical devices or drugs, and calculate dosages and provide instructions as necessary.",Supplemental,52,08/2021,Incumbent
11-9121.01,Clinical Research Coordinators,15611,Arrange for research study sites and determine staff or equipment availability.,Supplemental,52,08/2021,Incumbent
11-9121.01,Clinical Research Coordinators,15588,Interpret protocols and advise treating physicians on appropriate dosage modifications or treatment calculations based on patient characteristics.,Supplemental,53,08/2021,Incumbent
11-9121.01,Clinical Research Coordinators,15590,Contact industry representatives to ensure equipment and software specifications necessary for successful study completion.,Supplemental,53,08/2021,Incumbent
11-9121.01,Clinical Research Coordinators,15584,Register protocol patients with appropriate statistical centers as required.,Supplemental,53,08/2021,Incumbent
11-9121.01,Clinical Research Coordinators,15582,Solicit industry-sponsored trials through contacts and professional organizations.,Supplemental,53,08/2021,Incumbent
11-9121.01,Clinical Research Coordinators,15586,Participate in preparation and management of research budgets and monetary disbursements.,Supplemental,53,08/2021,Incumbent
11-9121.02,Water Resource Specialists,15618,"Perform hydrologic, hydraulic, or water quality modeling.",Core,22,08/2020,Occupational Expert
11-9121.02,Water Resource Specialists,15633,Analyze storm water systems to identify opportunities for water resource improvements.,Core,22,08/2020,Occupational Expert
11-9121.02,Water Resource Specialists,15631,"Conduct, or oversee the conduct of, investigations on matters such as water storage, wastewater discharge, pollutants, permits, or other compliance and regulatory issues.",Core,22,08/2020,Occupational Expert
11-9121.02,Water Resource Specialists,15634,Develop strategies for watershed operations to meet water supply and conservation goals or to ensure regulatory compliance with clean water laws or regulations.,Core,22,08/2020,Occupational Expert
11-9121.02,Water Resource Specialists,15630,Conduct technical studies for water resources on topics such as pollutants and water treatment options.,Core,22,08/2020,Occupational Expert
11-9121.02,Water Resource Specialists,15616,"Review or evaluate designs for water detention facilities, storm drains, flood control facilities, or other hydraulic structures.",Core,22,08/2020,Occupational Expert
11-9121.02,Water Resource Specialists,15624,"Present water resource proposals to government, public interest groups, or community groups.",Core,22,08/2020,Occupational Expert
11-9121.02,Water Resource Specialists,15628,Develop plans to protect watershed health or rehabilitate watersheds.,Core,22,08/2020,Occupational Expert
11-9121.02,Water Resource Specialists,15621,"Write proposals, project reports, informational brochures, or other documents on wastewater purification, water supply and demand, or other water resource subjects.",Core,22,08/2020,Occupational Expert
11-9121.02,Water Resource Specialists,15632,Conduct cost-benefit studies for watershed improvement projects or water management alternatives.,Core,22,08/2020,Occupational Expert
11-9121.02,Water Resource Specialists,15623,Provide technical expertise to assist communities in the development or implementation of storm water monitoring or other water programs.,Core,22,08/2020,Occupational Expert
11-9121.02,Water Resource Specialists,15620,Compile and maintain documentation on the health of a body of water.,Core,22,08/2020,Occupational Expert
11-9121.02,Water Resource Specialists,15627,Identify and characterize specific causes or sources of water pollution.,Core,22,08/2020,Occupational Expert
11-9121.02,Water Resource Specialists,15635,"Conduct, or oversee the conduct of, chemical, physical, and biological water quality monitoring or sampling to ensure compliance with water quality standards.",Core,22,08/2020,Occupational Expert
11-9121.02,Water Resource Specialists,15619,"Compile water resource data, using geographic information systems (GIS) or global position systems (GPS) software.",Core,22,08/2020,Occupational Expert
11-9121.02,Water Resource Specialists,15622,"Recommend new or revised policies, procedures, or regulations to support water resource or conservation goals.",Core,22,08/2020,Occupational Expert
11-9121.02,Water Resource Specialists,15629,Develop or implement standardized water monitoring and assessment methods.,Core,22,08/2020,Occupational Expert
11-9121.02,Water Resource Specialists,15615,Supervise teams of workers who capture water from wells and rivers.,Core,22,08/2020,Occupational Expert
11-9121.02,Water Resource Specialists,15617,Negotiate for water rights with communities or water facilities to meet water supply demands.,Core,22,08/2020,Occupational Expert
11-9121.02,Water Resource Specialists,15626,"Monitor water use, demand, or quality in a particular geographic area.",Core,22,08/2020,Occupational Expert
11-9121.02,Water Resource Specialists,15625,"Identify methods for distributing purified wastewater into rivers, streams, or oceans.",Supplemental,22,08/2020,Occupational Expert
11-9131.00,Postmasters and Mail Superintendents,20842,Monitor employees' work schedules and attendance for payroll purposes.,Core,86,07/2016,Incumbent
11-9131.00,Postmasters and Mail Superintendents,5260,"Organize and supervise activities, such as the processing of incoming and outgoing mail.",Core,86,07/2016,Incumbent
11-9131.00,Postmasters and Mail Superintendents,5262,Resolve customer complaints.,Core,86,07/2016,Incumbent
11-9131.00,Postmasters and Mail Superintendents,5264,Prepare employee work schedules.,Core,86,07/2016,Incumbent
11-9131.00,Postmasters and Mail Superintendents,5261,"Direct and coordinate operational, management, and supportive services of one or a number of postal facilities.",Core,85,07/2016,Incumbent
11-9131.00,Postmasters and Mail Superintendents,5263,"Hire and train employees, and evaluate their performance.",Core,86,07/2016,Incumbent
11-9131.00,Postmasters and Mail Superintendents,5265,Prepare and submit detailed and summary reports of post office activities to designated supervisors.,Core,86,07/2016,Incumbent
11-9131.00,Postmasters and Mail Superintendents,5266,Negotiate labor disputes.,Core,86,07/2016,Incumbent
11-9131.00,Postmasters and Mail Superintendents,5270,Select and train postmasters and managers of associate postal units.,Supplemental,85,07/2016,Incumbent
11-9131.00,Postmasters and Mail Superintendents,5269,"Inform the public of available services, and of postal laws and regulations.",Supplemental,85,07/2016,Incumbent
11-9131.00,Postmasters and Mail Superintendents,5268,Issue and cash money orders.,Supplemental,86,07/2016,Incumbent
11-9131.00,Postmasters and Mail Superintendents,5267,Collect rents for post office boxes.,Supplemental,86,07/2016,Incumbent
11-9131.00,Postmasters and Mail Superintendents,5271,"Confer with suppliers to obtain bids for proposed purchases and to requisition supplies, disbursing funds according to federal regulations.",Supplemental,85,07/2016,Incumbent
11-9141.00,"Property, Real Estate, and Community Association Managers",7224,"Manage and oversee operations, maintenance, administration, and improvement of commercial, industrial, or residential properties.",Core,25,08/2026,Occupational Expert
11-9141.00,"Property, Real Estate, and Community Association Managers",7220,"Direct collection of monthly assessments, rental fees, and deposits and payment of insurance premiums, mortgage, taxes, and incurred operating expenses.",Core,25,08/2026,Occupational Expert
11-9141.00,"Property, Real Estate, and Community Association Managers",7223,"Plan, schedule, and coordinate general maintenance, major repairs, and remodeling or construction projects for commercial or residential properties.",Core,25,08/2026,Occupational Expert
11-9141.00,"Property, Real Estate, and Community Association Managers",7228,Prepare detailed budgets and financial reports for properties.,Core,25,08/2026,Occupational Expert
11-9141.00,"Property, Real Estate, and Community Association Managers",7236,Act as liaisons between on-site managers or tenants and owners.,Core,25,08/2026,Occupational Expert
11-9141.00,"Property, Real Estate, and Community Association Managers",7232,"Solicit and analyze bids from contractors for repairs, renovations, and maintenance.",Core,25,08/2026,Occupational Expert
11-9141.00,"Property, Real Estate, and Community Association Managers",7241,"Meet with clients to negotiate management and service contracts, determine priorities, and discuss the financial and operational status of properties.",Core,25,08/2026,Occupational Expert
11-9141.00,"Property, Real Estate, and Community Association Managers",7240,"Clean common areas, change light bulbs, and make minor property repairs.",Core,25,08/2026,Occupational Expert
11-9141.00,"Property, Real Estate, and Community Association Managers",7221,"Inspect grounds, facilities, and equipment routinely to determine necessity of repairs or maintenance.",Core,25,08/2026,Occupational Expert
11-9141.00,"Property, Real Estate, and Community Association Managers",7229,Direct and coordinate the activities of staff and contract personnel and evaluate their performance.,Core,25,08/2026,Occupational Expert
11-9141.00,"Property, Real Estate, and Community Association Managers",7238,Meet with boards of directors and committees to discuss and resolve legal and environmental issues or disputes between neighbors.,Core,25,08/2026,Occupational Expert
11-9141.00,"Property, Real Estate, and Community Association Managers",7222,"Investigate complaints, disturbances, and violations and resolve problems, following management rules and regulations.",Core,25,08/2026,Occupational Expert
11-9141.00,"Property, Real Estate, and Community Association Managers",7234,"Prepare and administer contracts for provision of property services, such as cleaning, maintenance, and security services.",Core,25,08/2026,Occupational Expert
11-9141.00,"Property, Real Estate, and Community Association Managers",7219,"Meet with prospective tenants to show properties, explain terms of occupancy, and provide information about local areas.",Core,25,08/2026,Occupational Expert
11-9141.00,"Property, Real Estate, and Community Association Managers",7231,"Market vacant space to prospective tenants through leasing agents, advertising, or other methods.",Core,24,08/2026,Occupational Expert
11-9141.00,"Property, Real Estate, and Community Association Managers",7233,Review rents to ensure that they are in line with rental markets.,Core,25,08/2026,Occupational Expert
11-9141.00,"Property, Real Estate, and Community Association Managers",7230,"Maintain contact with insurance carriers, fire and police departments, and other agencies to ensure protection and compliance with codes and regulations.",Core,25,08/2026,Occupational Expert
11-9141.00,"Property, Real Estate, and Community Association Managers",7237,Confer regularly with community association members to ensure their needs are being met.,Core,25,08/2026,Occupational Expert
11-9141.00,"Property, Real Estate, and Community Association Managers",7235,"Purchase building and maintenance supplies, equipment, or furniture.",Core,25,08/2026,Occupational Expert
11-9141.00,"Property, Real Estate, and Community Association Managers",7226,"Maintain records of sales, rental or usage activity, special permits issued, maintenance and operating costs, or property availability.",Core,25,08/2026,Occupational Expert
11-9141.00,"Property, Real Estate, and Community Association Managers",7239,Confer with legal authorities to ensure that renting and advertising practices are not discriminatory and that properties comply with state and federal regulations.,Core,25,08/2026,Occupational Expert
11-9141.00,"Property, Real Estate, and Community Association Managers",7225,"Negotiate the sale, lease, or development of property and complete or review appropriate documents and forms.",Supplemental,25,08/2026,Occupational Expert
11-9141.00,"Property, Real Estate, and Community Association Managers",7243,Contract with architectural firms to draw up detailed plans for new structures.,Supplemental,25,08/2026,Occupational Expert
11-9141.00,"Property, Real Estate, and Community Association Managers",7227,"Determine and certify the eligibility of prospective tenants, following government regulations.",Supplemental,25,08/2026,Occupational Expert
11-9141.00,"Property, Real Estate, and Community Association Managers",7244,"Negotiate with government leaders, businesses, special interest representatives, and utility companies to gain support for new projects and to eliminate potential obstacles.",Supplemental,25,08/2026,Occupational Expert
11-9141.00,"Property, Real Estate, and Community Association Managers",7245,"Analyze information on property values, taxes, zoning, population growth, and traffic volume and patterns to determine if properties should be acquired.",Supplemental,25,08/2026,Occupational Expert
11-9151.00,Social and Community Service Managers,1131,Establish and oversee administrative procedures to meet objectives set by boards of directors or senior management.,Core,72,08/2018,Incumbent
11-9151.00,Social and Community Service Managers,1129,Direct activities of professional and technical staff members and volunteers.,Core,72,08/2018,Incumbent
11-9151.00,Social and Community Service Managers,1130,Evaluate the work of staff and volunteers to ensure that programs are of appropriate quality and that resources are used effectively.,Core,71,08/2018,Incumbent
11-9151.00,Social and Community Service Managers,1132,"Participate in the determination of organizational policies regarding such issues as participant eligibility, program requirements, and program benefits.",Core,72,08/2018,Incumbent
11-9151.00,Social and Community Service Managers,1128,"Prepare and maintain records and reports, such as budgets, personnel records, or training manuals.",Core,72,08/2018,Incumbent
11-9151.00,Social and Community Service Managers,18463,"Provide direct service and support to individuals or clients, such as handling a referral for child advocacy issues, conducting a needs evaluation, or resolving complaints.",Core,72,08/2018,Incumbent
11-9151.00,Social and Community Service Managers,1127,Establish and maintain relationships with other agencies and organizations in community to meet community needs and to ensure that services are not duplicated.,Core,72,08/2018,Incumbent
11-9151.00,Social and Community Service Managers,1135,"Recruit, interview, and hire or sign up volunteers and staff.",Core,72,08/2018,Incumbent
11-9151.00,Social and Community Service Managers,1133,Research and analyze member or community needs to determine program directions and goals.,Core,71,08/2018,Incumbent
11-9151.00,Social and Community Service Managers,18464,"Implement and evaluate staff, volunteer, or community training programs.",Core,71,08/2018,Incumbent
11-9151.00,Social and Community Service Managers,1139,"Act as consultants to agency staff and other community programs regarding the interpretation of program-related federal, state, and county regulations and policies.",Core,72,08/2018,Incumbent
11-9151.00,Social and Community Service Managers,1134,"Speak to community groups to explain and interpret agency purposes, programs, and policies.",Core,72,08/2018,Incumbent
11-9151.00,Social and Community Service Managers,1138,"Analyze proposed legislation, regulations, or rule changes to determine how agency services could be impacted.",Supplemental,72,08/2018,Incumbent
11-9151.00,Social and Community Service Managers,1137,"Plan and administer budgets for programs, equipment, and support services.",Supplemental,72,08/2018,Incumbent
11-9151.00,Social and Community Service Managers,1136,Represent organizations in relations with governmental and media institutions.,Supplemental,72,08/2018,Incumbent
11-9151.00,Social and Community Service Managers,1141,Direct fundraising activities and the preparation of public relations materials.,Supplemental,72,08/2018,Incumbent
11-9161.00,Emergency Management Directors,7263,"Consult with officials of local and area governments, schools, hospitals, and other institutions to determine their needs and capabilities in the event of a natural disaster or other emergency.",Core,22,08/2023,Occupational Expert
11-9161.00,Emergency Management Directors,7258,"Develop and maintain liaisons with municipalities, county departments, and similar entities to facilitate plan development, response effort coordination, and exchanges of personnel and equipment.",Core,22,08/2023,Occupational Expert
11-9161.00,Emergency Management Directors,7257,"Coordinate disaster response or crisis management activities, such as ordering evacuations, opening public shelters, and implementing special needs plans and programs.",Core,22,08/2023,Occupational Expert
11-9161.00,Emergency Management Directors,7260,"Prepare emergency situation status reports that describe response and recovery efforts, needs, and preliminary damage assessments.",Core,22,08/2023,Occupational Expert
11-9161.00,Emergency Management Directors,7256,Maintain and update all resource materials associated with emergency preparedness plans.,Core,22,08/2023,Occupational Expert
11-9161.00,Emergency Management Directors,7254,"Prepare plans that outline operating procedures to be used in response to disasters or emergencies, such as hurricanes, nuclear accidents, and terrorist attacks, and in recovery from these events.",Core,22,08/2023,Occupational Expert
11-9161.00,Emergency Management Directors,7264,Develop and perform tests and evaluations of emergency management plans in accordance with state and federal regulations.,Core,22,08/2023,Occupational Expert
11-9161.00,Emergency Management Directors,7266,Collaborate with other officials to prepare and analyze damage assessments following disasters or emergencies.,Core,22,08/2023,Occupational Expert
11-9161.00,Emergency Management Directors,7261,Design and administer emergency or disaster preparedness training courses that teach people how to effectively respond to major emergencies and disasters.,Core,22,08/2023,Occupational Expert
11-9161.00,Emergency Management Directors,7253,"Keep informed of activities or changes that could affect the likelihood of an emergency, response efforts, or plan implementation.",Core,22,08/2023,Occupational Expert
11-9161.00,Emergency Management Directors,7262,"Inspect facilities and equipment, such as emergency management centers and communications equipment, to determine their operational and functional capabilities in emergency situations.",Core,22,08/2023,Occupational Expert
11-9161.00,Emergency Management Directors,7269,"Review emergency plans of individual organizations, such as medical facilities, to ensure their adequacy.",Core,22,08/2023,Occupational Expert
11-9161.00,Emergency Management Directors,7259,"Keep informed of federal, state, and local regulations affecting emergency plans, and ensure that plans adhere to those regulations.",Core,22,08/2023,Occupational Expert
11-9161.00,Emergency Management Directors,7270,"Conduct surveys to determine the types of emergency-related needs to be addressed in disaster planning, or provide technical support to others conducting such surveys.",Core,22,08/2023,Occupational Expert
11-9161.00,Emergency Management Directors,7265,"Attend meetings, conferences, and workshops related to emergency management to learn new information and to develop working relationships with other emergency management specialists.",Core,22,08/2023,Occupational Expert
11-9161.00,Emergency Management Directors,7255,"Propose alteration of emergency response procedures, based on regulatory changes, technological changes, or knowledge gained from outcomes of previous emergency situations.",Core,21,08/2023,Occupational Expert
11-9161.00,Emergency Management Directors,7267,Develop instructional materials for the public and make presentations to citizens' groups to provide information on emergency plans and their implementation processes.,Core,22,08/2023,Occupational Expert
11-9161.00,Emergency Management Directors,7272,"Apply for federal funding for emergency-management-related needs, and administer and report on the progress of such grants.",Core,22,08/2023,Occupational Expert
11-9161.00,Emergency Management Directors,7268,Train local groups in the preparation of long-term plans that are compatible with federal and state plans.,Core,22,08/2023,Occupational Expert
11-9161.00,Emergency Management Directors,7275,"Provide communities with assistance in applying for federal funding for emergency management facilities, radiological instrumentation, and related items.",Core,22,08/2023,Occupational Expert
11-9161.00,Emergency Management Directors,7271,Study emergency plans used elsewhere to gather information for plan development.,Core,22,08/2023,Occupational Expert
11-9161.00,Emergency Management Directors,7273,"Develop and implement training procedures and strategies for radiological protection, detection, and decontamination.",Supplemental,22,08/2023,Occupational Expert
11-9161.00,Emergency Management Directors,7274,"Inventory and distribute nuclear, biological, and chemical detection and contamination equipment, providing instruction in its maintenance and use.",Supplemental,22,08/2023,Occupational Expert
11-9171.00,Funeral Home Managers,18832,"Consult with families or friends of the deceased to arrange funeral details, such as obituary notice wording, casket selection, or plans for services.",Core,52,08/2024,Incumbent
11-9171.00,Funeral Home Managers,18842,"Schedule funerals, burials, or cremations.",Core,51,08/2024,Incumbent
11-9171.00,Funeral Home Managers,23984,Deliver death certificates to medical facilities or offices to obtain signatures from legally authorized persons.,Core,52,08/2024,Incumbent
11-9171.00,Funeral Home Managers,18837,Offer counsel and comfort to families and friends of the deceased.,Core,52,08/2024,Incumbent
11-9171.00,Funeral Home Managers,18835,"Monitor funeral service operations to ensure that they comply with applicable policies, regulations, and laws.",Core,52,08/2024,Incumbent
11-9171.00,Funeral Home Managers,18833,"Direct and supervise work of embalmers, funeral attendants, death certificate clerks, cosmetologists, or other staff.",Core,52,08/2024,Incumbent
11-9171.00,Funeral Home Managers,18846,"Complete and maintain records, such as state-required documents, tracking documents, or product inventories.",Core,52,08/2024,Incumbent
11-9171.00,Funeral Home Managers,18843,"Sell funeral services, products, or merchandise to clients.",Core,51,08/2024,Incumbent
11-9171.00,Funeral Home Managers,18838,Plan and implement changes to service offerings to meet community needs or increase funeral home revenues.,Core,51,08/2024,Incumbent
11-9171.00,Funeral Home Managers,18840,"Respond to customer complaints, legal inquiries, payment negotiations, or other post-service matters.",Core,51,08/2024,Incumbent
11-9171.00,Funeral Home Managers,18836,Negotiate contracts for prearranged funeral services.,Core,52,08/2024,Incumbent
11-9171.00,Funeral Home Managers,18848,"Explain goals, policies, or procedures to staff members.",Core,52,08/2024,Incumbent
11-9171.00,Funeral Home Managers,18851,Schedule work hours for funeral home or contract employees.,Core,52,08/2024,Incumbent
11-9171.00,Funeral Home Managers,18845,Set prices or credit terms for funeral products or services.,Core,52,08/2024,Incumbent
11-9171.00,Funeral Home Managers,18841,"Review financial statements, sales or activity reports, or other performance data to identify opportunities for cost reductions or service improvements.",Core,52,08/2024,Incumbent
11-9171.00,Funeral Home Managers,18850,Interview and hire new employees.,Core,52,08/2024,Incumbent
11-9171.00,Funeral Home Managers,18849,Identify skill development needs for funeral home staff.,Core,52,08/2024,Incumbent
11-9171.00,Funeral Home Managers,18834,"Direct or monitor administrative, support, repair, or maintenance services for funeral homes.",Core,52,08/2024,Incumbent
11-9171.00,Funeral Home Managers,18844,"Set marketing, sales, or other financial goals for funeral service establishments and monitor progress toward these goals.",Core,52,08/2024,Incumbent
11-9171.00,Funeral Home Managers,18830,Attend or make presentations at community events to promote funeral home services or build community relationships.,Core,51,08/2024,Incumbent
11-9171.00,Funeral Home Managers,18847,"Evaluate the performance of vendors, contract employees, or other service providers to ensure quality and cost-efficiency.",Core,52,08/2024,Incumbent
11-9171.00,Funeral Home Managers,18831,Conduct market research and analyze industry trends.,Core,52,08/2024,Incumbent
11-9171.00,Funeral Home Managers,18839,Plan and implement sales promotions or other marketing strategies and activities for funeral home operations.,Core,52,08/2024,Incumbent
11-9179.01,Fitness and Wellness Coordinators,15558,"Maintain wellness- and fitness-related schedules, records, or reports.",Core,26,08/2022,Occupational Expert
11-9179.01,Fitness and Wellness Coordinators,15562,Develop or coordinate fitness and wellness programs or services.,Core,26,08/2022,Occupational Expert
11-9179.01,Fitness and Wellness Coordinators,15552,"Recommend or approve new program or service offerings to promote wellness and fitness, produce revenues, or minimize costs.",Core,26,08/2022,Occupational Expert
11-9179.01,Fitness and Wellness Coordinators,15557,"Manage or oversee fitness or recreation facilities, ensuring safe and clean facilities and equipment.",Core,26,08/2022,Occupational Expert
11-9179.01,Fitness and Wellness Coordinators,15561,"Supervise fitness or wellness specialists, such as fitness instructors, nutritionists, or health educators.",Core,26,08/2022,Occupational Expert
11-9179.01,Fitness and Wellness Coordinators,15544,"Track attendance, participation, or performance data related to wellness events.",Core,26,08/2022,Occupational Expert
11-9179.01,Fitness and Wellness Coordinators,15559,Conduct or facilitate training sessions or seminars for wellness and fitness staff.,Core,26,08/2022,Occupational Expert
11-9179.01,Fitness and Wellness Coordinators,15546,Maintain or arrange for maintenance of fitness equipment or facilities.,Core,26,08/2022,Occupational Expert
11-9179.01,Fitness and Wellness Coordinators,15553,"Prepare or implement budgets and strategic, operational, purchasing, or maintenance plans.",Core,26,08/2022,Occupational Expert
11-9179.01,Fitness and Wellness Coordinators,23945,Evaluate fitness and wellness programs to determine their effectiveness.,Core,26,08/2022,Occupational Expert
11-9179.01,Fitness and Wellness Coordinators,15560,"Develop fitness or wellness classes, such as yoga, aerobics, strength training, or aquatics, ensuring a diversity of class offerings.",Core,26,08/2022,Occupational Expert
11-9179.01,Fitness and Wellness Coordinators,15556,"Demonstrate proper operation of fitness equipment, such as resistance machines, cardio machines, free weights, or fitness assessment devices.",Core,26,08/2022,Occupational Expert
11-9179.01,Fitness and Wellness Coordinators,15548,"Conduct needs assessments or surveys to determine interest in, or satisfaction with, wellness and fitness programs, events, or services.",Core,26,08/2022,Occupational Expert
11-9179.01,Fitness and Wellness Coordinators,15549,"Teach fitness classes to improve strength, flexibility, cardiovascular conditioning, or general fitness of participants.",Core,26,08/2022,Occupational Expert
11-9179.01,Fitness and Wellness Coordinators,15547,Develop marketing campaigns to promote a healthy lifestyle or participation in fitness or wellness programs.,Core,26,08/2022,Occupational Expert
11-9179.01,Fitness and Wellness Coordinators,15550,"Select or supervise contractors, such as event hosts or health, fitness, and wellness practitioners.",Core,26,08/2022,Occupational Expert
11-9179.01,Fitness and Wellness Coordinators,20316,Track cost-containment strategies and programs to evaluate effectiveness.,Core,26,08/2022,Occupational Expert
11-9179.01,Fitness and Wellness Coordinators,15545,Provide individual support or counseling in general wellness or nutrition.,Core,26,08/2022,Occupational Expert
11-9179.01,Fitness and Wellness Coordinators,20317,"Use computer skills and software to manage Web sites or databases, publish newsletters, or provide webinars.",Core,26,08/2022,Occupational Expert
11-9179.01,Fitness and Wellness Coordinators,15551,"Respond to customer, public, or media requests for information about wellness programs or services.",Core,26,08/2022,Occupational Expert
11-9179.01,Fitness and Wellness Coordinators,20315,"Organize and oversee fitness or wellness programs, such as information presentations, blood drives, or training in first aid or cardiopulmonary resuscitation (CPR).",Core,26,08/2022,Occupational Expert
11-9179.01,Fitness and Wellness Coordinators,15555,Organize and oversee events such as organized runs or walks.,Core,26,08/2022,Occupational Expert
11-9179.01,Fitness and Wellness Coordinators,15554,"Organize and oversee health screenings or other preventive measures, such as mammography, blood pressure, or cholesterol screenings or flu vaccinations.",Supplemental,26,08/2022,Occupational Expert
11-9179.01,Fitness and Wellness Coordinators,20314,Interpret insurance data or Health Reimbursement Account (HRA) data to develop programs that address specific needs of target populations.,Supplemental,26,08/2022,Occupational Expert
11-9179.02,Spa Managers,17612,Respond to customer inquiries or complaints.,Core,41,08/2026,Incumbent
11-9179.02,Spa Managers,17610,"Perform accounting duties, such as recording daily cash flow, preparing bank deposits, or generating financial statements.",Core,41,08/2026,Incumbent
11-9179.02,Spa Managers,17605,Coordinate facility schedules to maximize usage and efficiency.,Core,41,08/2026,Incumbent
11-9179.02,Spa Managers,17603,Assess employee performance and suggest ways to improve work.,Core,41,08/2026,Incumbent
11-9179.02,Spa Managers,17609,"Monitor operations to ensure compliance with applicable health, safety, or hygiene standards.",Core,39,08/2026,Incumbent
11-9179.02,Spa Managers,17614,"Verify staff credentials, such as educational and certification requirements.",Core,41,08/2026,Incumbent
11-9179.02,Spa Managers,17604,Check spa equipment to ensure proper functioning.,Core,41,08/2026,Incumbent
11-9179.02,Spa Managers,17607,Establish spa budgets and financial goals.,Core,41,08/2026,Incumbent
11-9179.02,Spa Managers,17611,"Recruit, interview, or hire employees.",Core,41,08/2026,Incumbent
11-9179.02,Spa Managers,17606,Develop staff service or retail goals and guide staff in goal achievement.,Core,40,08/2026,Incumbent
11-9179.02,Spa Managers,17617,Maintain client databases.,Core,41,08/2026,Incumbent
11-9179.02,Spa Managers,17613,Schedule staff or supervise scheduling.,Core,41,08/2026,Incumbent
11-9179.02,Spa Managers,17608,Inventory products and order new supplies.,Core,40,08/2026,Incumbent
11-9179.02,Spa Managers,17600,"Inform staff of job responsibilities, performance expectations, client service standards, or corporate policies and guidelines.",Core,41,08/2026,Incumbent
11-9179.02,Spa Managers,17602,"Train staff in the use or sale of products, programs, or activities.",Core,41,08/2026,Incumbent
11-9179.02,Spa Managers,17619,Schedule guest appointments.,Core,40,08/2026,Incumbent
11-9179.02,Spa Managers,17620,"Sell products, services, or memberships.",Core,41,08/2026,Incumbent
11-9179.02,Spa Managers,17615,Develop or implement marketing strategies.,Core,41,08/2026,Incumbent
11-9179.02,Spa Managers,17601,Plan or direct spa services and programs.,Core,41,08/2026,Incumbent
11-9179.02,Spa Managers,17616,Direct facility maintenance or repair.,Core,39,08/2026,Incumbent
11-9179.02,Spa Managers,17618,Participate in continuing education classes to maintain current knowledge of industry.,Core,40,08/2026,Incumbent
11-9199.01,Regulatory Affairs Managers,18026,Develop regulatory strategies and implementation plans for the preparation and submission of new products.,Core,23,08/2024,Occupational Expert
11-9199.01,Regulatory Affairs Managers,18037,"Review all regulatory agency submission materials to ensure timeliness, accuracy, comprehensiveness, or compliance with regulatory standards.",Core,23,08/2024,Occupational Expert
11-9199.01,Regulatory Affairs Managers,18022,"Direct the preparation and submission of regulatory agency applications, reports, or correspondence.",Core,23,08/2024,Occupational Expert
11-9199.01,Regulatory Affairs Managers,18029,Investigate product complaints and prepare documentation and submissions to appropriate regulatory agencies as necessary.,Core,23,08/2024,Occupational Expert
11-9199.01,Regulatory Affairs Managers,18035,Provide responses to regulatory agencies regarding product information or issues.,Core,23,08/2024,Occupational Expert
11-9199.01,Regulatory Affairs Managers,18036,Represent organizations before domestic or international regulatory agencies on major policy matters or decisions regarding company products.,Core,23,08/2024,Occupational Expert
11-9199.01,Regulatory Affairs Managers,18024,"Provide regulatory guidance to departments or development project teams regarding design, development, evaluation, or marketing of products.",Core,23,08/2024,Occupational Expert
11-9199.01,Regulatory Affairs Managers,18031,"Manage activities such as audits, regulatory agency inspections, or product recalls.",Core,23,08/2024,Occupational Expert
11-9199.01,Regulatory Affairs Managers,18025,Communicate regulatory information to multiple departments and ensure that information is interpreted correctly.,Core,23,08/2024,Occupational Expert
11-9199.01,Regulatory Affairs Managers,18030,"Maintain current knowledge of relevant regulations, including proposed and final rules.",Core,23,08/2024,Occupational Expert
11-9199.01,Regulatory Affairs Managers,18023,Formulate or implement regulatory affairs policies and procedures to ensure that regulatory compliance is maintained or enhanced.,Core,23,08/2024,Occupational Expert
11-9199.01,Regulatory Affairs Managers,21087,Direct documentation efforts to ensure compliance with domestic and international regulations and standards.,Core,23,08/2024,Occupational Expert
11-9199.01,Regulatory Affairs Managers,18038,Review materials such as marketing literature or user manuals to ensure that regulatory agency requirements are met.,Core,23,08/2024,Occupational Expert
11-9199.01,Regulatory Affairs Managers,18034,Participate in the development or implementation of clinical trial protocols.,Core,23,08/2024,Occupational Expert
11-9199.01,Regulatory Affairs Managers,18028,Implement or monitor complaint processing systems to ensure effective and timely resolution of all complaint investigations.,Core,23,08/2024,Occupational Expert
11-9199.01,Regulatory Affairs Managers,18043,Establish procedures or systems for publishing document submissions in hardcopy or electronic formats.,Core,23,08/2024,Occupational Expert
11-9199.01,Regulatory Affairs Managers,18027,Establish regulatory priorities or budgets and allocate resources and workloads.,Core,23,08/2024,Occupational Expert
11-9199.01,Regulatory Affairs Managers,18039,Train staff in regulatory policies or procedures.,Core,23,08/2024,Occupational Expert
11-9199.01,Regulatory Affairs Managers,18042,Develop and maintain standard operating procedures or local working practices.,Core,23,08/2024,Occupational Expert
11-9199.01,Regulatory Affairs Managers,18040,Contribute to the development or implementation of business unit strategic and operating plans.,Core,23,08/2024,Occupational Expert
11-9199.01,Regulatory Affairs Managers,19531,Monitor regulatory affairs activities to ensure their alignment with corporate sustainability or green initiatives.,Core,23,08/2024,Occupational Expert
11-9199.01,Regulatory Affairs Managers,18041,Coordinate internal discoveries and depositions with legal department staff.,Core,23,08/2024,Occupational Expert
11-9199.01,Regulatory Affairs Managers,18032,Monitor emerging trends regarding industry regulations to determine potential impacts on organizational processes.,Core,23,08/2024,Occupational Expert
11-9199.01,Regulatory Affairs Managers,19529,Develop relationships with state or federal environmental regulatory agencies to learn about and analyze the potential impacts of proposed environmental policy regulations.,Core,23,08/2024,Occupational Expert
11-9199.01,Regulatory Affairs Managers,19532,Monitor regulatory affairs trends related to environmental issues.,Core,23,08/2024,Occupational Expert
11-9199.01,Regulatory Affairs Managers,19530,"Evaluate regulatory affairs aspects that are specifically green, such as the use of toxic substances in packaging, carbon footprinting issues, or green policy implementation.",Core,23,08/2024,Occupational Expert
11-9199.01,Regulatory Affairs Managers,18044,Evaluate new software publishing systems and confer with regulatory agencies concerning news or updates on electronic publishing of submissions.,Supplemental,23,08/2024,Occupational Expert
11-9199.02,Compliance Managers,15645,Report violations of compliance or regulatory standards to duly authorized enforcement agencies as appropriate or required.,Core,77,08/2019,Incumbent
11-9199.02,Compliance Managers,15650,Identify compliance issues that require follow-up or investigation.,Core,76,08/2019,Incumbent
11-9199.02,Compliance Managers,21088,"Discuss emerging compliance issues to ensure that management and employees are informed about compliance reporting systems, policies, and practices.",Core,77,08/2019,Incumbent
11-9199.02,Compliance Managers,15653,File appropriate compliance reports with regulatory agencies.,Core,77,08/2019,Incumbent
11-9199.02,Compliance Managers,15638,"Maintain documentation of compliance activities, such as complaints received or investigation outcomes.",Core,77,08/2019,Incumbent
11-9199.02,Compliance Managers,15639,Consult with corporate attorneys as necessary to address difficult legal compliance issues.,Core,76,08/2019,Incumbent
11-9199.02,Compliance Managers,15656,Conduct or direct the internal investigation of compliance issues.,Core,77,08/2019,Incumbent
11-9199.02,Compliance Managers,15644,"Provide employee training on compliance related topics, policies, or procedures.",Core,77,08/2019,Incumbent
11-9199.02,Compliance Managers,15637,"Serve as a confidential point of contact for employees to communicate with management, seek clarification on issues or dilemmas, or report irregularities.",Core,77,08/2019,Incumbent
11-9199.02,Compliance Managers,21089,"Verify that all regulatory policies and procedures have been documented, implemented, and communicated.",Core,77,08/2019,Incumbent
11-9199.02,Compliance Managers,15652,Disseminate written policies and procedures related to compliance activities.,Core,76,08/2019,Incumbent
11-9199.02,Compliance Managers,15647,Prepare management reports regarding compliance operations and progress.,Core,77,08/2019,Incumbent
11-9199.02,Compliance Managers,15655,Conduct periodic internal reviews or audits to ensure that compliance procedures are followed.,Core,77,08/2019,Incumbent
11-9199.02,Compliance Managers,21090,"Keep informed regarding pending industry changes, trends, or best practices.",Core,76,08/2019,Incumbent
11-9199.02,Compliance Managers,15649,Monitor compliance systems to ensure their effectiveness.,Core,77,08/2019,Incumbent
11-9199.02,Compliance Managers,21091,Direct the development or implementation of policies and procedures related to compliance throughout an organization.,Core,77,08/2019,Incumbent
11-9199.02,Compliance Managers,15642,Advise internal management or business partners on the implementation or operation of compliance programs.,Core,76,08/2019,Incumbent
11-9199.02,Compliance Managers,15654,"Design or implement improvements in communication, monitoring, or enforcement of compliance standards.",Core,76,08/2019,Incumbent
11-9199.02,Compliance Managers,15646,Provide assistance to internal or external auditors in compliance reviews.,Core,77,08/2019,Incumbent
11-9199.02,Compliance Managers,15641,Collaborate with human resources departments to ensure the implementation of consistent disciplinary action strategies in cases of compliance standard violations.,Core,77,08/2019,Incumbent
11-9199.02,Compliance Managers,21092,"Develop risk management strategies based on assessment of product, compliance, or operational risks.",Supplemental,76,08/2019,Incumbent
11-9199.02,Compliance Managers,19533,Advise technical professionals on the development or use of environmental compliance or reporting tools.,Supplemental,77,08/2019,Incumbent
11-9199.02,Compliance Managers,19534,Conduct environmental audits to ensure adherence to environmental standards.,Supplemental,77,08/2019,Incumbent
11-9199.02,Compliance Managers,19537,Evaluate testing procedures to meet the specifications of environmental monitoring programs.,Supplemental,75,08/2019,Incumbent
11-9199.02,Compliance Managers,19538,Review or modify policies or operating guidelines to comply with changes to environmental standards or regulations.,Supplemental,76,08/2019,Incumbent
11-9199.02,Compliance Managers,15643,Review communications such as securities sales advertising to ensure there are no violations of standards or regulations.,Supplemental,77,08/2019,Incumbent
11-9199.02,Compliance Managers,21093,"Oversee internal reporting systems, such as corporate compliance hotlines.",Supplemental,76,08/2019,Incumbent
11-9199.02,Compliance Managers,15636,Verify that software technology is in place to adequately provide oversight and monitoring in all required areas.,Supplemental,76,08/2019,Incumbent
11-9199.02,Compliance Managers,19536,"Direct environmental programs, such as air or water compliance, aboveground or underground storage tanks, spill prevention or control, hazardous waste or materials management, solid waste recycling, medical waste management, indoor air quality, integrated pest management, employee training, or disaster preparedness.",Supplemental,76,08/2019,Incumbent
11-9199.08,Loss Prevention Managers,15800,Coordinate or conduct internal investigations of problems such as employee theft and violations of corporate loss prevention policies.,Core,22,08/2019,Occupational Expert
11-9199.08,Loss Prevention Managers,15807,"Administer systems and programs to reduce loss, maintain inventory control, or increase safety.",Core,22,08/2019,Occupational Expert
11-9199.08,Loss Prevention Managers,15781,Review loss prevention exception reports and cash discrepancies to ensure adherence to guidelines.,Core,22,08/2019,Occupational Expert
11-9199.08,Loss Prevention Managers,15791,"Train loss prevention staff, retail managers, or store employees on loss control and prevention measures.",Core,22,08/2019,Occupational Expert
11-9199.08,Loss Prevention Managers,15786,Investigate or interview individuals suspected of shoplifting or internal theft.,Core,22,08/2019,Occupational Expert
11-9199.08,Loss Prevention Managers,15783,"Provide recommendations and solutions in crisis situations such as workplace violence, protests, and demonstrations.",Core,22,08/2019,Occupational Expert
11-9199.08,Loss Prevention Managers,15806,Identify potential for loss and develop strategies to eliminate it.,Core,22,08/2019,Occupational Expert
11-9199.08,Loss Prevention Managers,15795,Hire or supervise loss prevention staff.,Core,22,08/2019,Occupational Expert
11-9199.08,Loss Prevention Managers,15804,"Advise retail managers on compliance with applicable codes, laws, regulations, or standards.",Core,22,08/2019,Occupational Expert
11-9199.08,Loss Prevention Managers,15799,"Develop and maintain partnerships with federal, state, or local law enforcement agencies or members of the retail loss prevention community.",Core,22,08/2019,Occupational Expert
11-9199.08,Loss Prevention Managers,15794,Perform or direct inventory investigations in response to shrink results outside of acceptable ranges.,Core,22,08/2019,Occupational Expert
11-9199.08,Loss Prevention Managers,15796,Maintain documentation of all loss prevention activity.,Core,22,08/2019,Occupational Expert
11-9199.08,Loss Prevention Managers,15802,"Assess security needs across locations to ensure proper deployment of loss prevention resources, such as staff and technology.",Core,22,08/2019,Occupational Expert
11-9199.08,Loss Prevention Managers,15805,"Monitor compliance to operational, safety, or inventory control procedures, including physical security standards.",Core,22,08/2019,Occupational Expert
11-9199.08,Loss Prevention Managers,15790,"Verify correct use and maintenance of physical security systems, such as closed-circuit television, merchandise tags, and burglar alarms.",Core,22,08/2019,Occupational Expert
11-9199.08,Loss Prevention Managers,15789,Visit stores to ensure compliance with company policies and procedures.,Core,22,08/2019,Occupational Expert
11-9199.08,Loss Prevention Managers,15803,Analyze retail data to identify current or emerging trends in theft or fraud.,Core,22,08/2019,Occupational Expert
11-9199.08,Loss Prevention Managers,15798,"Direct loss prevention audit programs including target store audits, maintenance audits, safety audits, or electronic article surveillance (EAS) audits.",Core,22,08/2019,Occupational Expert
11-9199.08,Loss Prevention Managers,15801,Collaborate with law enforcement to investigate and solve external theft or fraud cases.,Core,22,08/2019,Occupational Expert
11-9199.08,Loss Prevention Managers,15797,Coordinate theft and fraud investigations involving career criminals or organized group activities.,Core,22,08/2019,Occupational Expert
11-9199.08,Loss Prevention Managers,15792,"Supervise surveillance, detection, or criminal processing related to theft and criminal cases.",Core,22,08/2019,Occupational Expert
11-9199.08,Loss Prevention Managers,15782,Perform cash audits and deposit investigations to fully account for store cash.,Core,22,08/2019,Occupational Expert
11-9199.08,Loss Prevention Managers,15793,"Recommend improvements in loss prevention programs, staffing, scheduling, or training.",Core,22,08/2019,Occupational Expert
11-9199.08,Loss Prevention Managers,15787,"Direct installation of covert surveillance equipment, such as security cameras.",Core,22,08/2019,Occupational Expert
11-9199.08,Loss Prevention Managers,15784,Monitor and review paperwork procedures and systems to prevent error-related shortages.,Core,22,08/2019,Occupational Expert
11-9199.08,Loss Prevention Managers,15788,Advise retail establishments on development of loss-investigation procedures.,Core,22,08/2019,Occupational Expert
11-9199.08,Loss Prevention Managers,15785,"Maintain databases such as bad check logs, reports on multiple offenders, and alarm activation lists.",Supplemental,22,08/2019,Occupational Expert
11-9199.09,Wind Energy Operations Managers,15822,Supervise employees or subcontractors to ensure quality of work or adherence to safety regulations or policies.,Core,62,08/2021,Incumbent
11-9199.09,Wind Energy Operations Managers,15808,"Train or coordinate the training of employees in operations, safety, environmental issues, or technical issues.",Core,62,08/2021,Incumbent
11-9199.09,Wind Energy Operations Managers,15809,"Track and maintain records for wind operations, such as site performance, downtime events, parts usage, or substation events.",Core,62,08/2021,Incumbent
11-9199.09,Wind Energy Operations Managers,15823,"Oversee the maintenance of wind field equipment or structures, such as towers, transformers, electrical collector systems, roadways, or other site assets.",Core,62,08/2021,Incumbent
11-9199.09,Wind Energy Operations Managers,15821,Prepare wind field operational budgets.,Core,62,08/2021,Incumbent
11-9199.09,Wind Energy Operations Managers,15819,"Develop relationships and communicate with customers, site managers, developers, land owners, authorities, utility representatives, or residents.",Core,62,08/2021,Incumbent
11-9199.09,Wind Energy Operations Managers,15813,"Maintain operations records, such as work orders, site inspection forms, or other documentation.",Core,62,08/2021,Incumbent
11-9199.09,Wind Energy Operations Managers,15815,"Recruit or select wind operations employees, contractors, or subcontractors.",Core,62,08/2021,Incumbent
11-9199.09,Wind Energy Operations Managers,15810,"Provide technical support to wind field customers, employees, or subcontractors.",Core,62,08/2021,Incumbent
11-9199.09,Wind Energy Operations Managers,15817,"Estimate costs associated with operations, including repairs or preventive maintenance.",Core,62,08/2021,Incumbent
11-9199.09,Wind Energy Operations Managers,15816,Monitor and maintain records of daily facility operations.,Core,62,08/2021,Incumbent
11-9199.09,Wind Energy Operations Managers,15818,"Establish goals, objectives, or priorities for wind field operations.",Core,62,08/2021,Incumbent
11-9199.09,Wind Energy Operations Managers,15812,"Order parts, tools, or equipment needed to maintain, restore, or improve wind field operations.",Core,62,08/2021,Incumbent
11-9199.09,Wind Energy Operations Managers,15814,"Review, negotiate, or approve wind farm contracts.",Core,62,08/2021,Incumbent
11-9199.09,Wind Energy Operations Managers,15811,Manage warranty repair or replacement services.,Core,62,08/2021,Incumbent
11-9199.09,Wind Energy Operations Managers,15820,"Develop processes or procedures for wind operations, including transitioning from construction to commercial operations.",Core,62,08/2021,Incumbent
11-9199.10,Wind Energy Development Managers,15836,"Coordinate or direct development, energy assessment, engineering, or construction activities to ensure that wind project needs and objectives are met.",Core,53,07/2016,Incumbent
11-9199.10,Wind Energy Development Managers,15834,Manage wind project costs to stay within budget limits.,Core,53,07/2016,Incumbent
11-9199.10,Wind Energy Development Managers,15827,"Lead or support negotiations involving tax agreements or abatements, power purchase agreements, land use, or interconnection agreements.",Core,52,07/2016,Incumbent
11-9199.10,Wind Energy Development Managers,15838,"Create wind energy project plans, including project scope, goals, tasks, resources, schedules, costs, contingencies, or other project information.",Core,53,07/2016,Incumbent
11-9199.10,Wind Energy Development Managers,15824,Supervise the work of subcontractors or consultants to ensure quality and conformance to specifications or budgets.,Core,53,07/2016,Incumbent
11-9199.10,Wind Energy Development Managers,15835,"Develop scope of work for wind project functions, such as design, site assessment, environmental studies, surveying, or field support services.",Core,53,07/2016,Incumbent
11-9199.10,Wind Energy Development Managers,15830,"Provide verbal or written project status reports to project teams, management, subcontractors, customers, or owners.",Core,53,07/2016,Incumbent
11-9199.10,Wind Energy Development Managers,15828,"Update schedules, estimates, forecasts, or budgets for wind projects.",Core,53,07/2016,Incumbent
11-9199.10,Wind Energy Development Managers,15837,"Prepare or assist in the preparation of applications for environmental, building, or other required permits.",Core,53,07/2016,Incumbent
11-9199.10,Wind Energy Development Managers,15829,Review or evaluate proposals or bids to make recommendations regarding awarding of contracts.,Core,53,07/2016,Incumbent
11-9199.10,Wind Energy Development Managers,15826,Manage site assessments or environmental studies for wind fields.,Core,52,07/2016,Incumbent
11-9199.10,Wind Energy Development Managers,15833,"Prepare wind project documentation, including diagrams or layouts.",Core,52,07/2016,Incumbent
11-9199.10,Wind Energy Development Managers,15831,"Review civil design, engineering, or construction technical documentation to ensure compliance with applicable government or industrial codes, standards, requirements, or regulations.",Core,53,07/2016,Incumbent
11-9199.10,Wind Energy Development Managers,15825,Prepare requests for proposals (RFPs) for wind project construction or equipment acquisition.,Core,53,07/2016,Incumbent
11-9199.10,Wind Energy Development Managers,15832,"Provide technical support for the design, construction, or commissioning of wind farm projects.",Core,52,07/2016,Incumbent
11-9199.11,Brownfield Redevelopment Specialists and Site Managers,15849,Identify environmental contamination sources.,Core,22,08/2021,Occupational Expert
11-9199.11,Brownfield Redevelopment Specialists and Site Managers,15857,"Coordinate on-site activities for environmental cleanup or remediation projects to ensure compliance with environmental laws, standards, regulations, or other requirements.",Core,22,08/2021,Occupational Expert
11-9199.11,Brownfield Redevelopment Specialists and Site Managers,23901,Identify and apply for project funding.,Core,22,08/2021,Occupational Expert
11-9199.11,Brownfield Redevelopment Specialists and Site Managers,15848,"Plan or implement brownfield redevelopment projects to ensure safety, quality, and compliance with applicable standards or requirements.",Core,21,08/2021,Occupational Expert
11-9199.11,Brownfield Redevelopment Specialists and Site Managers,15850,Estimate costs for environmental cleanup and remediation of land redevelopment projects.,Core,22,08/2021,Occupational Expert
11-9199.11,Brownfield Redevelopment Specialists and Site Managers,15858,"Conduct quantitative risk assessments for human health, environmental, or other risks.",Core,22,08/2021,Occupational Expert
11-9199.11,Brownfield Redevelopment Specialists and Site Managers,15852,Design or implement plans for surface or ground water remediation.,Core,21,08/2021,Occupational Expert
11-9199.11,Brownfield Redevelopment Specialists and Site Managers,15854,"Design or implement measures to improve the water, air, and soil quality of military test sites, abandoned mine land, or other contaminated sites.",Core,22,08/2021,Occupational Expert
11-9199.11,Brownfield Redevelopment Specialists and Site Managers,15839,Review or evaluate environmental remediation project proposals.,Core,22,08/2021,Occupational Expert
11-9199.11,Brownfield Redevelopment Specialists and Site Managers,15843,"Prepare reports or presentations to communicate brownfield redevelopment needs, status, or progress.",Core,22,08/2021,Occupational Expert
11-9199.11,Brownfield Redevelopment Specialists and Site Managers,15847,Inspect sites to assess environmental damage or monitor cleanup progress.,Core,22,08/2021,Occupational Expert
11-9199.11,Brownfield Redevelopment Specialists and Site Managers,15846,"Maintain records of decisions, actions, and progress related to environmental redevelopment projects.",Core,22,08/2021,Occupational Expert
11-9199.11,Brownfield Redevelopment Specialists and Site Managers,15856,Coordinate the disposal of hazardous waste.,Core,22,08/2021,Occupational Expert
11-9199.11,Brownfield Redevelopment Specialists and Site Managers,15860,Develop or implement plans for the sustainable regeneration of brownfield sites to ensure regeneration of a wider area by providing environmental protection or economic and social benefits.,Core,22,08/2021,Occupational Expert
11-9199.11,Brownfield Redevelopment Specialists and Site Managers,15859,Conduct feasibility or cost-benefit studies for environmental remediation projects.,Core,22,08/2021,Occupational Expert
11-9199.11,Brownfield Redevelopment Specialists and Site Managers,15845,"Prepare and submit permit applications for demolition, cleanup, remediation, or construction projects.",Core,22,08/2021,Occupational Expert
11-9199.11,Brownfield Redevelopment Specialists and Site Managers,15844,Negotiate contracts for services or materials needed for environmental remediation.,Core,22,08/2021,Occupational Expert
11-9199.11,Brownfield Redevelopment Specialists and Site Managers,15853,Design or implement plans for structural demolition and debris removal.,Core,21,08/2021,Occupational Expert
11-9199.11,Brownfield Redevelopment Specialists and Site Managers,15855,Design or conduct environmental restoration studies.,Core,22,08/2021,Occupational Expert
11-9199.11,Brownfield Redevelopment Specialists and Site Managers,15840,Review or evaluate designs for contaminant treatment or disposal facilities.,Core,22,08/2021,Occupational Expert
11-9199.11,Brownfield Redevelopment Specialists and Site Managers,15841,Provide training on hazardous material or waste cleanup procedures and technologies.,Supplemental,22,08/2021,Occupational Expert
11-9199.11,Brownfield Redevelopment Specialists and Site Managers,15851,Develop or implement plans for revegetation of brownfield sites.,Supplemental,22,08/2021,Occupational Expert
11-9199.11,Brownfield Redevelopment Specialists and Site Managers,15842,"Provide expert witness testimony on issues such as soil, air, or water contamination and associated cleanup measures.",Supplemental,22,08/2021,Occupational Expert
13-1011.00,"Agents and Business Managers of Artists, Performers, and Athletes",12865,"Collect fees, commissions, or other payments, according to contract terms.",Core,64,08/2020,Incumbent
13-1011.00,"Agents and Business Managers of Artists, Performers, and Athletes",21163,"Send samples of clients' work and other promotional material to potential employers to obtain auditions, sponsorships, or endorsement deals.",Core,64,08/2020,Incumbent
13-1011.00,"Agents and Business Managers of Artists, Performers, and Athletes",12870,Keep informed of industry trends and deals.,Core,64,08/2020,Incumbent
13-1011.00,"Agents and Business Managers of Artists, Performers, and Athletes",12872,Conduct auditions or interviews to evaluate potential clients.,Core,64,08/2020,Incumbent
13-1011.00,"Agents and Business Managers of Artists, Performers, and Athletes",12869,"Negotiate with managers, promoters, union officials, and other persons regarding clients' contractual rights and obligations.",Core,64,08/2020,Incumbent
13-1011.00,"Agents and Business Managers of Artists, Performers, and Athletes",12866,"Confer with clients to develop strategies for their careers, and to explain actions taken on their behalf.",Core,64,08/2020,Incumbent
13-1011.00,"Agents and Business Managers of Artists, Performers, and Athletes",12867,"Develop contacts with individuals and organizations, and apply effective strategies and techniques to ensure their clients' success.",Core,64,08/2020,Incumbent
13-1011.00,"Agents and Business Managers of Artists, Performers, and Athletes",12868,Schedule promotional or performance engagements for clients.,Core,63,08/2020,Incumbent
13-1011.00,"Agents and Business Managers of Artists, Performers, and Athletes",12873,Arrange meetings concerning issues involving their clients.,Core,62,08/2020,Incumbent
13-1011.00,"Agents and Business Managers of Artists, Performers, and Athletes",12871,"Manage business and financial affairs for clients, such as arranging travel and lodging, selling tickets, and directing marketing and advertising activities.",Supplemental,63,08/2020,Incumbent
13-1011.00,"Agents and Business Managers of Artists, Performers, and Athletes",12877,"Hire trainers or coaches to advise clients on performance matters, such as training techniques or performance presentations.",Supplemental,64,08/2020,Incumbent
13-1011.00,"Agents and Business Managers of Artists, Performers, and Athletes",12874,Prepare periodic accounting statements for clients.,Supplemental,64,08/2020,Incumbent
13-1011.00,"Agents and Business Managers of Artists, Performers, and Athletes",12876,"Obtain information about or inspect performance facilities, equipment, and accommodations to ensure that they meet specifications.",Supplemental,64,08/2020,Incumbent
13-1011.00,"Agents and Business Managers of Artists, Performers, and Athletes",12875,"Advise clients on financial and legal matters, such as investments and taxes.",Supplemental,64,08/2020,Incumbent
13-1021.00,"Buyers and Purchasing Agents, Farm Products",12878,"Purchase, for further processing or for resale, farm products, such as milk, grains, or Christmas trees.",Core,41,08/2026,Incumbent
13-1021.00,"Buyers and Purchasing Agents, Farm Products",12879,Negotiate contracts with farmers for the production or purchase of farm products.,Core,41,08/2026,Incumbent
13-1021.00,"Buyers and Purchasing Agents, Farm Products",12883,"Maintain records of business transactions and product inventories, reporting data to companies or government agencies as necessary.",Core,41,08/2026,Incumbent
13-1021.00,"Buyers and Purchasing Agents, Farm Products",12882,Review orders to determine product types and quantities required to meet demand.,Core,41,08/2026,Incumbent
13-1021.00,"Buyers and Purchasing Agents, Farm Products",12881,Arrange for transportation or storage of purchased products.,Core,41,08/2026,Incumbent
13-1021.00,"Buyers and Purchasing Agents, Farm Products",12885,"Coordinate or direct activities of workers engaged in cutting, transporting, storing, or milling products and maintaining records.",Core,40,08/2026,Incumbent
13-1021.00,"Buyers and Purchasing Agents, Farm Products",12880,Arrange for processing or resale of purchased products.,Supplemental,41,08/2026,Incumbent
13-1021.00,"Buyers and Purchasing Agents, Farm Products",12884,"Examine or test crops or products to estimate their value, determine their grade, or locate any evidence of disease or insect damage.",Supplemental,41,08/2026,Incumbent
13-1021.00,"Buyers and Purchasing Agents, Farm Products",12888,"Estimate land production possibilities, surveying property and studying factors such as crop rotation history, soil fertility, or irrigation facilities.",Supplemental,41,08/2026,Incumbent
13-1022.00,"Wholesale and Retail Buyers, Except Farm Products",20711,"Negotiate prices, discount terms, or transportation arrangements with suppliers.",Core,52,08/2026,Incumbent
13-1022.00,"Wholesale and Retail Buyers, Except Farm Products",20716,"Inspect merchandise or products to determine quality, value, or yield.",Core,52,08/2026,Incumbent
13-1022.00,"Wholesale and Retail Buyers, Except Farm Products",20713,"Recommend mark-up rates, mark-down rates, or merchandise selling prices.",Core,52,08/2026,Incumbent
13-1022.00,"Wholesale and Retail Buyers, Except Farm Products",20714,Obtain information about customer needs or preferences by conferring with sales or purchasing personnel.,Core,52,08/2026,Incumbent
13-1022.00,"Wholesale and Retail Buyers, Except Farm Products",20710,Buy merchandise or commodities for resale to wholesale or retail consumers.,Core,52,08/2026,Incumbent
13-1022.00,"Wholesale and Retail Buyers, Except Farm Products",20715,Collaborate with vendors to obtain or develop desired products.,Core,52,08/2026,Incumbent
13-1022.00,"Wholesale and Retail Buyers, Except Farm Products",68,Authorize payment of invoices or return of merchandise.,Core,52,08/2026,Incumbent
13-1022.00,"Wholesale and Retail Buyers, Except Farm Products",72,Consult with store or merchandise managers about budgets or goods to be purchased.,Core,51,08/2026,Incumbent
13-1022.00,"Wholesale and Retail Buyers, Except Farm Products",66,"Monitor and analyze sales records, trends, or economic conditions to anticipate consumer buying patterns, company sales, and needed inventory.",Core,52,08/2026,Incumbent
13-1022.00,"Wholesale and Retail Buyers, Except Farm Products",20712,"Examine, select, order, or purchase merchandise consistent with quality, quantity, specification requirements, or other factors, such as environmental soundness.",Core,51,08/2026,Incumbent
13-1022.00,"Wholesale and Retail Buyers, Except Farm Products",77,"Provide clerks with information to print on price tags, such as price, mark-ups or mark-downs, manufacturer number, season code, or style number.",Supplemental,52,08/2026,Incumbent
13-1022.00,"Wholesale and Retail Buyers, Except Farm Products",19547,Analyze environmental aspects of competing merchandise when making buying decisions.,Supplemental,52,08/2026,Incumbent
13-1022.00,"Wholesale and Retail Buyers, Except Farm Products",78,"Determine which products should be featured in advertising, the advertising medium to be used, or when the ads should be run.",Supplemental,52,08/2026,Incumbent
13-1022.00,"Wholesale and Retail Buyers, Except Farm Products",76,Train or supervise sales or clerical staff.,Supplemental,52,08/2026,Incumbent
13-1022.00,"Wholesale and Retail Buyers, Except Farm Products",20717,Conduct sales meetings to introduce new merchandise.,Supplemental,52,08/2026,Incumbent
13-1022.00,"Wholesale and Retail Buyers, Except Farm Products",79,Monitor competitors' sales activities by following their advertisements in newspapers or other media.,Supplemental,52,08/2026,Incumbent
13-1023.00,"Purchasing Agents, Except Wholesale, Retail, and Farm Products",1146,Monitor and follow applicable laws and regulations.,Core,20,08/2025,Occupational Expert
13-1023.00,"Purchasing Agents, Except Wholesale, Retail, and Farm Products",1142,Purchase the highest quality merchandise at the lowest possible price and in correct amounts.,Core,20,08/2025,Occupational Expert
13-1023.00,"Purchasing Agents, Except Wholesale, Retail, and Farm Products",1159,Formulate policies and procedures for bid proposals and procurement of goods and services.,Core,20,08/2025,Occupational Expert
13-1023.00,"Purchasing Agents, Except Wholesale, Retail, and Farm Products",1143,"Prepare purchase orders, solicit bid proposals, and review requisitions for goods and services.",Core,20,08/2025,Occupational Expert
13-1023.00,"Purchasing Agents, Except Wholesale, Retail, and Farm Products",1157,"Write and review product specifications, maintaining a working technical knowledge of the goods or services to be purchased.",Core,20,08/2025,Occupational Expert
13-1023.00,"Purchasing Agents, Except Wholesale, Retail, and Farm Products",1145,"Analyze price proposals, financial reports, and other data and information to determine reasonable prices.",Core,20,08/2025,Occupational Expert
13-1023.00,"Purchasing Agents, Except Wholesale, Retail, and Farm Products",1156,"Hire, train, or supervise purchasing clerks, buyers, and expediters.",Core,20,08/2025,Occupational Expert
13-1023.00,"Purchasing Agents, Except Wholesale, Retail, and Farm Products",1144,"Research and evaluate suppliers, based on price, quality, selection, service, support, availability, reliability, production and distribution capabilities, and the supplier's reputation and history.",Core,20,08/2025,Occupational Expert
13-1023.00,"Purchasing Agents, Except Wholesale, Retail, and Farm Products",1150,Evaluate and monitor contract performance to ensure compliance with contractual obligations and to determine need for changes.,Core,20,08/2025,Occupational Expert
13-1023.00,"Purchasing Agents, Except Wholesale, Retail, and Farm Products",1147,"Negotiate, renegotiate, and administer contracts with suppliers, vendors, and other representatives.",Core,20,08/2025,Occupational Expert
13-1023.00,"Purchasing Agents, Except Wholesale, Retail, and Farm Products",1153,Study sales records and inventory levels of current stock to develop strategic purchasing programs that facilitate employee access to supplies.,Core,20,08/2025,Occupational Expert
13-1023.00,"Purchasing Agents, Except Wholesale, Retail, and Farm Products",1149,"Confer with staff, users, and vendors to discuss defective or unacceptable goods or services and determine corrective action.",Core,20,08/2025,Occupational Expert
13-1023.00,"Purchasing Agents, Except Wholesale, Retail, and Farm Products",1151,"Maintain and review computerized or manual records of purchased items, costs, deliveries, product performance, and inventories.",Core,20,08/2025,Occupational Expert
13-1023.00,"Purchasing Agents, Except Wholesale, Retail, and Farm Products",1158,"Monitor changes affecting supply and demand, tracking market conditions, price trends, or futures markets.",Core,20,08/2025,Occupational Expert
13-1023.00,"Purchasing Agents, Except Wholesale, Retail, and Farm Products",1148,"Monitor shipments to ensure that goods come in on time, and resolve problems related to undelivered goods.",Core,20,08/2025,Occupational Expert
13-1023.00,"Purchasing Agents, Except Wholesale, Retail, and Farm Products",1152,"Review catalogs, industry periodicals, directories, trade journals, and Internet sites and consult with other department personnel to locate necessary goods and services.",Core,20,08/2025,Occupational Expert
13-1023.00,"Purchasing Agents, Except Wholesale, Retail, and Farm Products",1160,"Attend meetings, trade shows, conferences, conventions, and seminars to network with people in other purchasing departments.",Core,20,08/2025,Occupational Expert
13-1023.00,"Purchasing Agents, Except Wholesale, Retail, and Farm Products",1155,Arrange the payment of duty and freight charges.,Supplemental,20,08/2025,Occupational Expert
13-1023.00,"Purchasing Agents, Except Wholesale, Retail, and Farm Products",1154,"Interview vendors and visit suppliers' plants and distribution centers to examine and learn about products, services, and prices.",Supplemental,20,08/2025,Occupational Expert
13-1031.00,"Claims Adjusters, Examiners, and Investigators",21417,Examine claims forms and other records to determine insurance coverage.,Core,81,08/2022,Incumbent
13-1031.00,"Claims Adjusters, Examiners, and Investigators",21418,Analyze information gathered by investigation and report findings and recommendations.,Core,81,08/2022,Incumbent
13-1031.00,"Claims Adjusters, Examiners, and Investigators",21426,Pay and process claims within designated authority level.,Core,43,08/2022,Incumbent
13-1031.00,"Claims Adjusters, Examiners, and Investigators",21423,"Investigate, evaluate, and settle claims, applying technical knowledge and human relations skills to effect fair and prompt disposal of cases and to contribute to a reduced loss ratio.",Core,44,08/2022,Incumbent
13-1031.00,"Claims Adjusters, Examiners, and Investigators",21428,Verify and analyze data used in settling claims to ensure that claims are valid and that settlements are made according to company practices and procedures.,Core,44,08/2022,Incumbent
13-1031.00,"Claims Adjusters, Examiners, and Investigators",21419,"Review police reports, medical treatment records, medical bills, or physical property damage to determine the extent of liability.",Core,81,08/2022,Incumbent
13-1031.00,"Claims Adjusters, Examiners, and Investigators",21420,Investigate and assess damage to property and create or review property damage estimates.,Core,80,08/2022,Incumbent
13-1031.00,"Claims Adjusters, Examiners, and Investigators",21421,Interview or correspond with agents and claimants to correct errors or omissions and to investigate questionable claims.,Core,81,08/2022,Incumbent
13-1031.00,"Claims Adjusters, Examiners, and Investigators",21422,"Interview or correspond with claimants, witnesses, police, physicians, or other relevant parties to determine claim settlement, denial, or review.",Core,79,08/2022,Incumbent
13-1031.00,"Claims Adjusters, Examiners, and Investigators",21429,"Enter claim payments, reserves and new claims on computer system, inputting concise yet sufficient file documentation.",Core,44,08/2022,Incumbent
13-1031.00,"Claims Adjusters, Examiners, and Investigators",21425,"Resolve complex, severe exposure claims, using high service oriented file handling.",Core,44,08/2022,Incumbent
13-1031.00,"Claims Adjusters, Examiners, and Investigators",21424,Adjust reserves or provide reserve recommendations to ensure that reserve activities are consistent with corporate policies.,Core,44,08/2022,Incumbent
13-1031.00,"Claims Adjusters, Examiners, and Investigators",21432,Confer with legal counsel on claims requiring litigation.,Core,43,08/2022,Incumbent
13-1031.00,"Claims Adjusters, Examiners, and Investigators",21427,"Examine claims investigated by insurance adjusters, further investigating questionable claims to determine whether to authorize payments.",Core,44,08/2022,Incumbent
13-1031.00,"Claims Adjusters, Examiners, and Investigators",21434,"Maintain claim files, such as records of settled claims and an inventory of claims requiring detailed analysis.",Core,44,08/2022,Incumbent
13-1031.00,"Claims Adjusters, Examiners, and Investigators",21430,Refer questionable claims to investigator or claims adjuster for investigation or settlement.,Core,80,08/2022,Incumbent
13-1031.00,"Claims Adjusters, Examiners, and Investigators",21431,Collect evidence to support contested claims in court.,Core,78,08/2022,Incumbent
13-1031.00,"Claims Adjusters, Examiners, and Investigators",21433,"Contact or interview claimants, doctors, medical specialists, or employers to get additional information.",Core,44,08/2022,Incumbent
13-1031.00,"Claims Adjusters, Examiners, and Investigators",21435,Present cases and participate in their discussion at claim committee meetings.,Core,43,08/2022,Incumbent
13-1031.00,"Claims Adjusters, Examiners, and Investigators",21439,"Report overpayments, underpayments, and other irregularities.",Core,44,08/2022,Incumbent
13-1031.00,"Claims Adjusters, Examiners, and Investigators",21443,Attend mediations or trials.,Core,43,08/2022,Incumbent
13-1031.00,"Claims Adjusters, Examiners, and Investigators",21436,Supervise claims adjusters to ensure that adjusters have followed proper methods.,Supplemental,44,08/2022,Incumbent
13-1031.00,"Claims Adjusters, Examiners, and Investigators",21437,Conduct detailed bill reviews to implement sound litigation management and expense control.,Supplemental,43,08/2022,Incumbent
13-1031.00,"Claims Adjusters, Examiners, and Investigators",21440,Communicate with reinsurance brokers to obtain information necessary for processing claims.,Supplemental,44,08/2022,Incumbent
13-1031.00,"Claims Adjusters, Examiners, and Investigators",21441,Prepare reports to be submitted to company's data processing department.,Supplemental,44,08/2022,Incumbent
13-1031.00,"Claims Adjusters, Examiners, and Investigators",21438,Examine titles to property to determine validity and act as company agent in transactions with property owners.,Supplemental,78,08/2022,Incumbent
13-1031.00,"Claims Adjusters, Examiners, and Investigators",21442,Obtain credit information from banks and other credit services.,Supplemental,81,08/2022,Incumbent
13-1031.00,"Claims Adjusters, Examiners, and Investigators",21444,Communicate with former associates to verify employment record or to obtain background information regarding persons or businesses applying for credit.,,,11/2020,Analyst
13-1031.00,"Claims Adjusters, Examiners, and Investigators",21445,Negotiate claim settlements or recommend litigation when settlement cannot be negotiated.,,,11/2020,Analyst
13-1032.00,"Insurance Appraisers, Auto Damage",7249,Evaluate practicality of repair as opposed to payment of market value of vehicle before accident.,Core,57,07/2016,Incumbent
13-1032.00,"Insurance Appraisers, Auto Damage",7247,Review repair cost estimates with automobile repair shop to secure agreement on cost of repairs.,Core,57,07/2016,Incumbent
13-1032.00,"Insurance Appraisers, Auto Damage",7248,"Examine damaged vehicle to determine extent of structural, body, mechanical, electrical, or interior damage.",Core,57,07/2016,Incumbent
13-1032.00,"Insurance Appraisers, Auto Damage",7251,Prepare insurance forms to indicate repair cost estimates and recommendations.,Core,57,07/2016,Incumbent
13-1032.00,"Insurance Appraisers, Auto Damage",7246,"Estimate parts and labor to repair damage, using standard automotive labor and parts cost manuals and knowledge of automotive repair.",Core,57,07/2016,Incumbent
13-1032.00,"Insurance Appraisers, Auto Damage",7250,Determine salvage value on total-loss vehicle.,Core,57,07/2016,Incumbent
13-1032.00,"Insurance Appraisers, Auto Damage",7252,Arrange to have damage appraised by another appraiser to resolve disagreement with shop on repair cost.,Core,57,07/2016,Incumbent
13-1041.00,Compliance Officers,21446,Warn violators of infractions or penalties.,Core,,11/2020,Analyst - Transition
13-1041.00,Compliance Officers,21447,"Evaluate applications, records, or documents to gather information about eligibility or liability issues.",Core,,11/2020,Analyst - Transition
13-1041.00,Compliance Officers,21448,"Advise licensees or other individuals or groups concerning licensing, permit, or passport regulations.",Core,,11/2020,Analyst - Transition
13-1041.00,Compliance Officers,21449,"Prepare reports of activities, evaluations, recommendations, or decisions.",Core,,11/2020,Analyst - Transition
13-1041.00,Compliance Officers,21450,Report law or regulation violations to appropriate boards or agencies.,Core,,11/2020,Analyst - Transition
13-1041.00,Compliance Officers,21451,"Confer with or interview officials, technical or professional specialists, or applicants to obtain information or to clarify facts relevant to licensing decisions.",Core,,11/2020,Analyst - Transition
13-1041.00,Compliance Officers,21452,Issue licenses to individuals meeting standards.,Supplemental,,11/2020,Analyst - Transition
13-1041.00,Compliance Officers,21453,Collect fees for licenses.,Supplemental,,11/2020,Analyst - Transition
13-1041.00,Compliance Officers,21454,"Administer oral, written, road, or flight tests to license applicants.",Supplemental,,11/2020,Analyst - Transition
13-1041.00,Compliance Officers,21455,Visit establishments to verify that valid licenses or permits are displayed and that licensing standards are being upheld.,Supplemental,,11/2020,Analyst - Transition
13-1041.00,Compliance Officers,21456,Score tests and observe equipment operation and control to rate ability of applicants.,Supplemental,,11/2020,Analyst - Transition
13-1041.00,Compliance Officers,21457,Prepare correspondence to inform concerned parties of licensing decisions or appeals processes.,Supplemental,,11/2020,Analyst - Transition
13-1041.00,Compliance Officers,21458,Identify compliance issues that require follow-up or investigation.,,,11/2020,Analyst
13-1041.00,Compliance Officers,21459,"Keep informed regarding pending industry changes, trends, or best practices.",,,11/2020,Analyst
13-1041.00,Compliance Officers,21460,Provide assistance to internal or external auditors in compliance reviews.,,,11/2020,Analyst
13-1041.00,Compliance Officers,21461,"Verify that all firm and regulatory policies and procedures have been documented, implemented, and communicated.",,,11/2020,Analyst
13-1041.01,Environmental Compliance Inspectors,10829,"Determine the nature of code violations and actions to be taken, and issue written notices of violation, participating in enforcement hearings, as necessary.",Core,20,08/2021,Occupational Expert
13-1041.01,Environmental Compliance Inspectors,10831,"Prepare, organize, and maintain inspection records.",Core,20,08/2021,Occupational Expert
13-1041.01,Environmental Compliance Inspectors,10835,"Investigate complaints and suspected violations regarding illegal dumping, pollution, pesticides, product quality, or labeling laws.",Core,20,08/2021,Occupational Expert
13-1041.01,Environmental Compliance Inspectors,10841,"Determine which sites and violation reports to investigate, and coordinate compliance and enforcement activities with other government agencies.",Core,20,08/2021,Occupational Expert
13-1041.01,Environmental Compliance Inspectors,10832,Interview individuals to determine the nature of suspected violations and to obtain evidence of violations.,Core,20,08/2021,Occupational Expert
13-1041.01,Environmental Compliance Inspectors,10837,"Inform individuals and groups of pollution control regulations and inspection findings, and explain how problems can be corrected.",Core,20,08/2021,Occupational Expert
13-1041.01,Environmental Compliance Inspectors,10839,"Verify that hazardous chemicals are handled, stored, and disposed of in accordance with regulations.",Core,20,08/2021,Occupational Expert
13-1041.01,Environmental Compliance Inspectors,10843,"Learn and observe proper safety precautions, rules, regulations, and practices so that unsafe conditions can be recognized and proper safety protocols implemented.",Core,20,08/2021,Occupational Expert
13-1041.01,Environmental Compliance Inspectors,10834,"Monitor follow-up actions in cases where violations were found, and review compliance monitoring reports.",Core,20,08/2021,Occupational Expert
13-1041.01,Environmental Compliance Inspectors,10830,"Examine permits, licenses, applications, and records to ensure compliance with licensing requirements.",Core,20,08/2021,Occupational Expert
13-1041.01,Environmental Compliance Inspectors,10833,"Prepare written, oral, tabular, and graphic reports summarizing requirements and regulations, including enforcement and chain of custody documentation.",Core,20,08/2021,Occupational Expert
13-1041.01,Environmental Compliance Inspectors,10842,"Observe and record field conditions, gathering, interpreting, and reporting data such as flow meter readings and chemical levels.",Core,20,08/2021,Occupational Expert
13-1041.01,Environmental Compliance Inspectors,10838,"Determine sampling locations and methods, and collect water or wastewater samples for analysis, preserving samples with appropriate containers and preservation methods.",Core,20,08/2021,Occupational Expert
13-1041.01,Environmental Compliance Inspectors,10840,Research and keep informed of pertinent information and developments in areas such as EPA laws and regulations.,Core,20,08/2021,Occupational Expert
13-1041.01,Environmental Compliance Inspectors,10850,"Participate in the development of spill prevention programs and hazardous waste rules and regulations, and recommend corrective actions for hazardous waste problems.",Core,20,08/2021,Occupational Expert
13-1041.01,Environmental Compliance Inspectors,10836,"Inspect waste pretreatment, treatment, and disposal facilities and systems for conformance to federal, state, or local regulations.",Supplemental,20,08/2021,Occupational Expert
13-1041.01,Environmental Compliance Inspectors,10846,"Analyze and implement state, federal or local requirements as necessary to maintain approved pretreatment, pollution prevention, and storm water runoff programs.",Supplemental,20,08/2021,Occupational Expert
13-1041.01,Environmental Compliance Inspectors,10844,Evaluate label information for accuracy and conformance to regulatory requirements.,Supplemental,20,08/2021,Occupational Expert
13-1041.01,Environmental Compliance Inspectors,10853,"Respond to questions and inquiries, such as those concerning service charges and capacity fees, or refer them to supervisors.",Supplemental,20,08/2021,Occupational Expert
13-1041.01,Environmental Compliance Inspectors,10849,"Research and perform calculations related to landscape allowances, discharge volumes, production-based and alternative limits, and wastewater strength classifications, making recommendations and completing documentation.",Supplemental,20,08/2021,Occupational Expert
13-1041.01,Environmental Compliance Inspectors,10847,"Perform laboratory tests on samples collected, such as analyzing the content of contaminated wastewater.",Supplemental,20,08/2021,Occupational Expert
13-1041.01,Environmental Compliance Inspectors,10845,"Inform health professionals, property owners, and the public about harmful properties and related problems of water pollution and contaminated wastewater.",Supplemental,20,08/2021,Occupational Expert
13-1041.01,Environmental Compliance Inspectors,10848,"Review and evaluate applications for registration of products containing dangerous materials, or for pollution control discharge permits.",Supplemental,20,08/2021,Occupational Expert
13-1041.01,Environmental Compliance Inspectors,10852,Conduct research on hazardous waste management projects to determine the magnitude of problems and treatment or disposal alternatives and costs.,Supplemental,20,08/2021,Occupational Expert
13-1041.01,Environmental Compliance Inspectors,10851,"Maintain and repair materials, work sites, and equipment.",Supplemental,20,08/2021,Occupational Expert
13-1041.01,Environmental Compliance Inspectors,20473,Prepare data to calculate sewer service charges and capacity fees.,Supplemental,20,08/2021,Occupational Expert
13-1041.03,Equal Opportunity Representatives and Officers,10865,Investigate employment practices or alleged violations of laws to document and correct discriminatory factors.,Core,107,07/2015,Incumbent
13-1041.03,Equal Opportunity Representatives and Officers,20719,Prepare reports related to investigations of equal opportunity complaints.,Core,106,07/2015,Incumbent
13-1041.03,Equal Opportunity Representatives and Officers,20720,Interview persons involved in equal opportunity complaints to verify case information.,Core,108,07/2015,Incumbent
13-1041.03,Equal Opportunity Representatives and Officers,10867,Study equal opportunity complaints to clarify issues.,Core,107,07/2015,Incumbent
13-1041.03,Equal Opportunity Representatives and Officers,10866,Interpret civil rights laws and equal opportunity regulations for individuals or employers.,Core,109,07/2015,Incumbent
13-1041.03,Equal Opportunity Representatives and Officers,20721,Meet with persons involved in equal opportunity complaints to arbitrate and settle disputes.,Core,107,07/2015,Incumbent
13-1041.03,Equal Opportunity Representatives and Officers,20722,Develop guidelines for nondiscriminatory employment practices.,Core,107,07/2015,Incumbent
13-1041.03,Equal Opportunity Representatives and Officers,20723,Monitor the implementation and impact of guidelines for nondiscriminatory employment practices.,Core,106,07/2015,Incumbent
13-1041.03,Equal Opportunity Representatives and Officers,10869,"Coordinate, monitor, or revise complaint procedures to ensure timely processing and review of complaints.",Core,105,07/2015,Incumbent
13-1041.03,Equal Opportunity Representatives and Officers,10875,"Provide information, technical assistance, or training to supervisors, managers, or employees on topics such as employee supervision, hiring, grievance procedures, or staff development.",Core,104,07/2015,Incumbent
13-1041.03,Equal Opportunity Representatives and Officers,10871,Conduct surveys and evaluate findings to determine if systematic discrimination exists.,Core,108,07/2015,Incumbent
13-1041.03,Equal Opportunity Representatives and Officers,10870,"Prepare reports of selection, survey, or other statistics and recommendations for corrective action.",Supplemental,105,07/2015,Incumbent
13-1041.03,Equal Opportunity Representatives and Officers,10879,"Meet with job search committees or coordinators to explain the role of the equal opportunity coordinator, to provide resources for advertising, or to explain expectations for future contacts.",Supplemental,106,07/2015,Incumbent
13-1041.03,Equal Opportunity Representatives and Officers,10874,"Counsel newly hired members of minority or disadvantaged groups, informing them about details of civil rights laws.",Supplemental,109,07/2015,Incumbent
13-1041.03,Equal Opportunity Representatives and Officers,10873,Review company contracts to determine actions required to meet governmental equal opportunity provisions.,Supplemental,108,07/2015,Incumbent
13-1041.03,Equal Opportunity Representatives and Officers,10876,Verify that all job descriptions are submitted for review and approval and that descriptions meet regulatory standards.,Supplemental,105,07/2015,Incumbent
13-1041.03,Equal Opportunity Representatives and Officers,10878,Consult with community representatives to develop technical assistance agreements in accordance with governmental regulations.,Supplemental,107,07/2015,Incumbent
13-1041.03,Equal Opportunity Representatives and Officers,10880,"Participate in the recruitment of employees through job fairs, career days, or advertising plans.",Supplemental,106,07/2015,Incumbent
13-1041.04,Government Property Inspectors and Investigators,12890,"Prepare correspondence, reports of inspections or investigations, or recommendations for action.",Core,52,07/2016,Incumbent
13-1041.04,Government Property Inspectors and Investigators,12891,"Examine records, reports, or other documents to establish facts or detect discrepancies.",Core,51,07/2016,Incumbent
13-1041.04,Government Property Inspectors and Investigators,20843,"Inspect government property, such as construction sites or public housing, to ensure compliance with contract specifications or legal requirements.",Core,52,07/2016,Incumbent
13-1041.04,Government Property Inspectors and Investigators,20844,Investigate alleged license or permit violations.,Supplemental,52,07/2016,Incumbent
13-1041.04,Government Property Inspectors and Investigators,12894,Inspect manufactured or processed products to ensure compliance with contract specifications or legal requirements.,Supplemental,52,07/2016,Incumbent
13-1041.04,Government Property Inspectors and Investigators,12893,"Collect, identify, evaluate, or preserve case evidence.",Supplemental,52,07/2016,Incumbent
13-1041.04,Government Property Inspectors and Investigators,12900,"Submit samples of products to government laboratories for testing, as required.",Supplemental,52,07/2016,Incumbent
13-1041.04,Government Property Inspectors and Investigators,12898,Inspect government-owned equipment or materials in the possession of private contractors to ensure compliance with contracts or regulations or to prevent misuse.,Supplemental,51,07/2016,Incumbent
13-1041.04,Government Property Inspectors and Investigators,20845,Investigate applications for special licenses or permits.,Supplemental,52,07/2016,Incumbent
13-1041.04,Government Property Inspectors and Investigators,12899,Recommend legal or administrative action to protect government property.,Supplemental,52,07/2016,Incumbent
13-1041.04,Government Property Inspectors and Investigators,12896,Testify in court or at administrative proceedings concerning investigation findings.,Supplemental,52,07/2016,Incumbent
13-1041.04,Government Property Inspectors and Investigators,12895,Coordinate with or assist law enforcement agencies in matters of mutual concern.,Supplemental,52,07/2016,Incumbent
13-1041.04,Government Property Inspectors and Investigators,12892,Monitor investigations of suspected offenders to ensure that they are conducted in accordance with constitutional requirements.,Supplemental,51,07/2016,Incumbent
13-1041.06,Coroners,8915,"Complete death certificates, including the assignment of cause and manner of death.",Core,20,08/2024,Occupational Expert
13-1041.06,Coroners,8912,"Perform medicolegal examinations and autopsies, conducting preliminary examinations of the body to identify victims, locate signs of trauma, and identify factors that would indicate time of death.",Core,20,08/2024,Occupational Expert
13-1041.06,Coroners,8921,Interview persons present at death scenes to obtain information useful in determining the manner of death.,Core,20,08/2024,Occupational Expert
13-1041.06,Coroners,8916,Observe and record the positions and conditions of bodies and related evidence.,Core,20,08/2024,Occupational Expert
13-1041.06,Coroners,8923,Provide information concerning the circumstances of death to relatives of the deceased.,Core,20,08/2024,Occupational Expert
13-1041.06,Coroners,8920,"Remove or supervise removal of bodies from death scenes, using the proper equipment and supplies, and arrange for transportation to morgues.",Core,20,08/2024,Occupational Expert
13-1041.06,Coroners,8913,"Inquire into the cause, manner, and circumstances of human deaths and establish the identities of deceased persons.",Core,20,08/2024,Occupational Expert
13-1041.06,Coroners,8918,"Observe, record, and preserve any objects or personal property related to deaths, including objects such as medication containers and suicide notes.",Core,20,08/2024,Occupational Expert
13-1041.06,Coroners,8919,Complete reports and forms required to finalize cases.,Core,20,08/2024,Occupational Expert
13-1041.06,Coroners,8928,Arrange for the next of kin to be notified of deaths.,Core,20,08/2024,Occupational Expert
13-1041.06,Coroners,8924,"Locate and document information regarding the next of kin, including their relationship to the deceased and the status of notification attempts.",Core,20,08/2024,Occupational Expert
13-1041.06,Coroners,8917,Collect and document any pertinent medical history information.,Core,19,08/2024,Occupational Expert
13-1041.06,Coroners,8926,"Inventory personal effects recovered from bodies, such as jewelry or wallets.",Core,20,08/2024,Occupational Expert
13-1041.06,Coroners,20181,"Direct activities of workers conducting autopsies, performing pathological and toxicological analyses, and preparing documents for permanent records.",Core,20,08/2024,Occupational Expert
13-1041.06,Coroners,8927,Coordinate the release of personal effects to authorized persons and facilitate the disposition of unclaimed corpses and personal effects.,Core,20,08/2024,Occupational Expert
13-1041.06,Coroners,8931,Witness and certify deaths that are the result of a judicial order.,Core,19,08/2024,Occupational Expert
13-1041.06,Coroners,8922,"Testify at inquests, hearings, and court trials.",Core,20,08/2024,Occupational Expert
13-1041.06,Coroners,8925,Confer with officials of public health and law enforcement agencies to coordinate interdepartmental activities.,Core,20,08/2024,Occupational Expert
13-1041.06,Coroners,8930,"Collect wills, burial instructions, and other documentation needed for investigations and for handling of the remains.",Core,20,08/2024,Occupational Expert
13-1041.06,Coroners,8929,"Record the disposition of minor children, as well as details of arrangements made for their care.",Supplemental,20,08/2024,Occupational Expert
13-1041.07,Regulatory Affairs Specialists,18048,"Coordinate, prepare, or review regulatory submissions for domestic or international projects.",Core,23,08/2026,Occupational Expert
13-1041.07,Regulatory Affairs Specialists,18045,"Communicate with regulatory agencies regarding pre-submission strategies, potential regulatory pathways, compliance test requirements, or clarification and follow-up of submissions under review.",Core,23,08/2026,Occupational Expert
13-1041.07,Regulatory Affairs Specialists,18058,"Maintain current knowledge base of existing and emerging regulations, standards, or guidance documents.",Core,23,08/2026,Occupational Expert
13-1041.07,Regulatory Affairs Specialists,18070,Review adverse drug reactions and file all related reports in accordance with regulatory agency guidelines.,Core,23,08/2026,Occupational Expert
13-1041.07,Regulatory Affairs Specialists,18054,Coordinate efforts associated with the preparation of regulatory documents or submissions.,Core,23,08/2026,Occupational Expert
13-1041.07,Regulatory Affairs Specialists,18061,Prepare or direct the preparation of additional information or responses as requested by regulatory agencies.,Core,23,08/2026,Occupational Expert
13-1041.07,Regulatory Affairs Specialists,18055,Determine the types of regulatory submissions or internal documentation that are required in situations such as proposed device changes or labeling changes.,Core,23,08/2026,Occupational Expert
13-1041.07,Regulatory Affairs Specialists,18062,Prepare or maintain technical files as necessary to obtain and sustain product approval.,Core,23,08/2026,Occupational Expert
13-1041.07,Regulatory Affairs Specialists,18067,Coordinate recall or market withdrawal activities as necessary.,Core,23,08/2026,Occupational Expert
13-1041.07,Regulatory Affairs Specialists,21095,"Provide pre-, ongoing, and post-inspection follow-up assistance to governmental inspectors.",Core,23,08/2026,Occupational Expert
13-1041.07,Regulatory Affairs Specialists,24014,Develop regulatory strategies for products.,Core,23,08/2026,Occupational Expert
13-1041.07,Regulatory Affairs Specialists,21094,"Identify relevant guidance documents, international standards, or consensus standards.",Core,23,08/2026,Occupational Expert
13-1041.07,Regulatory Affairs Specialists,18052,"Advise project teams on subjects such as premarket regulatory requirements, export and labeling requirements, or clinical study compliance issues.",Core,23,08/2026,Occupational Expert
13-1041.07,Regulatory Affairs Specialists,18049,Interpret regulatory rules or rule changes and ensure that they are communicated through corporate policies and procedures.,Core,23,08/2026,Occupational Expert
13-1041.07,Regulatory Affairs Specialists,18050,"Provide technical review of data or reports to be incorporated into regulatory submissions to assure scientific rigor, accuracy, and clarity of presentation.",Core,23,08/2026,Occupational Expert
13-1041.07,Regulatory Affairs Specialists,18051,"Review product promotional materials, labeling, batch records, specification sheets, or test methods for compliance with applicable regulations and policies.",Core,23,08/2026,Occupational Expert
13-1041.07,Regulatory Affairs Specialists,18065,Review clinical protocols to ensure collection of data needed for regulatory submissions.,Core,23,08/2026,Occupational Expert
13-1041.07,Regulatory Affairs Specialists,18060,Participate in internal or external audits.,Core,23,08/2026,Occupational Expert
13-1041.07,Regulatory Affairs Specialists,18053,Compile and maintain regulatory documentation databases or systems.,Core,23,08/2026,Occupational Expert
13-1041.07,Regulatory Affairs Specialists,18063,Recommend changes to company procedures in response to changes in regulations or standards.,Core,23,08/2026,Occupational Expert
13-1041.07,Regulatory Affairs Specialists,18059,"Obtain and distribute updated information regarding domestic or international laws, guidelines, or standards.",Core,23,08/2026,Occupational Expert
13-1041.07,Regulatory Affairs Specialists,18056,Develop or conduct employee regulatory training.,Core,23,08/2026,Occupational Expert
13-1041.07,Regulatory Affairs Specialists,18066,"Write or update standard operating procedures, work instructions, or policies.",Core,23,08/2026,Occupational Expert
13-1041.07,Regulatory Affairs Specialists,18068,Develop or track quality metrics.,Core,23,08/2026,Occupational Expert
13-1041.07,Regulatory Affairs Specialists,18064,"Prepare responses to customer requests for information, such as product data, written regulatory affairs statements, surveys, or questionnaires.",Core,23,08/2026,Occupational Expert
13-1041.07,Regulatory Affairs Specialists,21096,Recommend adjudication of product complaints.,Supplemental,23,08/2026,Occupational Expert
13-1041.07,Regulatory Affairs Specialists,19554,"Determine the legal implications of the production, supply, or use of ozone-depleting substances or equipment containing such substances.",Supplemental,23,08/2026,Occupational Expert
13-1041.07,Regulatory Affairs Specialists,19553,"Determine requirements applying to treatment, storage, shipment, or disposal of potentially hazardous production-related waste.",Supplemental,23,08/2026,Occupational Expert
13-1041.07,Regulatory Affairs Specialists,19552,"Determine regulations or procedures related to the management, collection, reuse, recovery, or recycling of packaging waste.",Supplemental,23,08/2026,Occupational Expert
13-1041.07,Regulatory Affairs Specialists,18069,Direct the collection and preparation of laboratory samples as requested by regulatory agencies.,Supplemental,22,08/2026,Occupational Expert
13-1041.08,Customs Brokers,15936,"Pay, or arrange for payment of, taxes and duties on shipments.",Core,20,08/2026,Occupational Expert
13-1041.08,Customs Brokers,15941,Classify goods according to tariff coding system.,Core,20,08/2026,Occupational Expert
13-1041.08,Customs Brokers,15946,Clear goods through customs and to their destinations for clients.,Core,20,08/2026,Occupational Expert
13-1041.08,Customs Brokers,15945,"Prepare and process import and export documentation according to customs regulations, laws, or procedures.",Core,20,08/2026,Occupational Expert
13-1041.08,Customs Brokers,15933,"Stay abreast of changes in import or export laws or regulations by reading current literature, attending meetings or conferences, or conferring with colleagues.",Core,20,08/2026,Occupational Expert
13-1041.08,Customs Brokers,15942,Calculate duty and tariff payments owed on shipments.,Core,20,08/2026,Occupational Expert
13-1041.08,Customs Brokers,15940,Confer with officials in various agencies to facilitate clearance of goods through customs and quarantine.,Core,20,08/2026,Occupational Expert
13-1041.08,Customs Brokers,15928,"Obtain line releases for frequent shippers of low-risk commodities, high-volume entries, or multiple-container loads.",Core,20,08/2026,Occupational Expert
13-1041.08,Customs Brokers,15932,"Request or compile necessary import documentation, such as customs invoices, certificates of origin, and cargo-control documents.",Core,20,08/2026,Occupational Expert
13-1041.08,Customs Brokers,15944,"Advise customers on import and export restrictions, tariff systems, insurance requirements, quotas, or other customs-related matters.",Core,20,08/2026,Occupational Expert
13-1041.08,Customs Brokers,15924,"Sign documents on behalf of clients, using powers of attorney.",Core,20,08/2026,Occupational Expert
13-1041.08,Customs Brokers,15926,Post bonds for the products being imported or assist clients in obtaining bonds.,Core,20,08/2026,Occupational Expert
13-1041.08,Customs Brokers,15935,Prepare papers for shippers to appeal duty charges.,Core,20,08/2026,Occupational Expert
13-1041.08,Customs Brokers,15934,"Quote duty and tax rates on goods to be imported, based on federal tariffs and excise taxes.",Core,20,08/2026,Occupational Expert
13-1041.08,Customs Brokers,15939,Inform importers and exporters of steps to reduce duties and taxes.,Core,20,08/2026,Occupational Expert
13-1041.08,Customs Brokers,15930,"Arrange for transportation, warehousing, or product distribution of imported or exported products.",Core,20,08/2026,Occupational Expert
13-1041.08,Customs Brokers,15943,Apply for tariff concessions or for duty drawbacks and other refunds.,Core,20,08/2026,Occupational Expert
13-1041.08,Customs Brokers,15929,Contract with freight forwarders for destination services.,Core,20,08/2026,Occupational Expert
13-1041.08,Customs Brokers,15937,Monitor or trace the location of goods.,Core,20,08/2026,Occupational Expert
13-1041.08,Customs Brokers,15931,Suggest best methods of packaging or labeling products.,Core,20,08/2026,Occupational Expert
13-1041.08,Customs Brokers,15925,"Provide advice on transportation options, types of carriers, or shipping routes.",Core,20,08/2026,Occupational Expert
13-1041.08,Customs Brokers,15927,"Insure cargo against loss, damage, or pilferage.",Core,20,08/2026,Occupational Expert
13-1041.08,Customs Brokers,15938,Maintain relationships with customs brokers in other ports to expedite clearing of cargo.,Supplemental,20,08/2026,Occupational Expert
13-1051.00,Cost Estimators,80,"Analyze blueprints and other documentation to prepare time, cost, materials, and labor estimates.",Core,22,08/2023,Occupational Expert
13-1051.00,Cost Estimators,83,"Confer with engineers, architects, owners, contractors, and subcontractors on changes and adjustments to cost estimates.",Core,22,08/2023,Occupational Expert
13-1051.00,Cost Estimators,20846,Collect historical cost data to estimate costs for current or future products.,Core,22,08/2023,Occupational Expert
13-1051.00,Cost Estimators,81,"Assess cost effectiveness of products, projects or services, tracking actual costs relative to bids as the project develops.",Core,22,08/2023,Occupational Expert
13-1051.00,Cost Estimators,82,"Consult with clients, vendors, personnel in other departments, or construction foremen to discuss and formulate estimates and resolve issues.",Core,22,08/2023,Occupational Expert
13-1051.00,Cost Estimators,90,"Establish and maintain tendering process, and conduct negotiations.",Core,22,08/2023,Occupational Expert
13-1051.00,Cost Estimators,85,Prepare estimates for use in selecting vendors or subcontractors.,Core,22,08/2023,Occupational Expert
13-1051.00,Cost Estimators,84,"Prepare estimates used by management for purposes such as planning, organizing, and scheduling work.",Core,22,08/2023,Occupational Expert
13-1051.00,Cost Estimators,89,Set up cost monitoring and reporting systems and procedures.,Core,22,08/2023,Occupational Expert
13-1051.00,Cost Estimators,86,Review material and labor requirements to decide whether it is more cost-effective to produce or purchase components.,Core,22,08/2023,Occupational Expert
13-1051.00,Cost Estimators,87,Prepare cost and expenditure statements and other necessary documentation at regular intervals for the duration of the project.,Core,22,08/2023,Occupational Expert
13-1051.00,Cost Estimators,91,Conduct special studies to develop and establish standard hour and related cost data or to reduce cost.,Core,22,08/2023,Occupational Expert
13-1051.00,Cost Estimators,92,"Visit site and record information about access, drainage and topography, and availability of utility services.",Core,22,08/2023,Occupational Expert
13-1051.00,Cost Estimators,88,"Prepare and maintain a directory of suppliers, contractors and subcontractors.",Core,22,08/2023,Occupational Expert
13-1071.00,Human Resources Specialists,18861,"Interpret and explain human resources policies, procedures, laws, standards, or regulations.",Core,123,08/2019,Incumbent
13-1071.00,Human Resources Specialists,18859,Hire employees and process hiring-related paperwork.,Core,124,08/2019,Incumbent
13-1071.00,Human Resources Specialists,18864,"Maintain current knowledge of Equal Employment Opportunity (EEO) and affirmative action guidelines and laws, such as the Americans with Disabilities Act (ADA).",Core,124,08/2019,Incumbent
13-1071.00,Human Resources Specialists,18866,"Prepare or maintain employment records related to events, such as hiring, termination, leaves, transfers, or promotions, using human resources management system software.",Core,124,08/2019,Incumbent
13-1071.00,Human Resources Specialists,18852,"Address employee relations issues, such as harassment allegations, work complaints, or other employee concerns.",Core,125,08/2019,Incumbent
13-1071.00,Human Resources Specialists,18868,Review employment applications and job orders to match applicants with job requirements.,Core,124,08/2019,Incumbent
13-1071.00,Human Resources Specialists,18860,"Inform job applicants of details such as duties and responsibilities, compensation, benefits, schedules, working conditions, or promotion opportunities.",Core,123,08/2019,Incumbent
13-1071.00,Human Resources Specialists,18871,"Select qualified job applicants or refer them to managers, making hiring recommendations when appropriate.",Core,123,08/2019,Incumbent
13-1071.00,Human Resources Specialists,18870,Schedule or conduct new employee orientations.,Core,123,08/2019,Incumbent
13-1071.00,Human Resources Specialists,18863,"Maintain and update human resources documents, such as organizational charts, employee handbooks or directories, or performance evaluation forms.",Core,123,08/2019,Incumbent
13-1071.00,Human Resources Specialists,18856,Confer with management to develop or implement personnel policies or procedures.,Core,123,08/2019,Incumbent
13-1071.00,Human Resources Specialists,18857,Contact job applicants to inform them of the status of their applications.,Core,122,08/2019,Incumbent
13-1071.00,Human Resources Specialists,18854,Conduct exit interviews and ensure that necessary employment termination paperwork is completed.,Core,122,08/2019,Incumbent
13-1071.00,Human Resources Specialists,18862,"Interview job applicants to obtain information on work history, training, education, or job skills.",Core,122,08/2019,Incumbent
13-1071.00,Human Resources Specialists,18865,"Perform searches for qualified job candidates, using sources such as computer databases, networking, Internet recruiting resources, media advertisements, job fairs, recruiting firms, or employee referrals.",Core,122,08/2019,Incumbent
13-1071.00,Human Resources Specialists,18867,"Provide management with information or training related to interviewing, performance appraisals, counseling techniques, or documentation of performance issues.",Core,122,08/2019,Incumbent
13-1071.00,Human Resources Specialists,18853,Analyze employment-related data and prepare required reports.,Core,123,08/2019,Incumbent
13-1071.00,Human Resources Specialists,18872,"Advise management on organizing, preparing, or implementing recruiting or retention programs.",Core,120,08/2019,Incumbent
13-1071.00,Human Resources Specialists,18858,Develop or implement recruiting strategies to meet current or anticipated staffing needs.,Core,122,08/2019,Incumbent
13-1071.00,Human Resources Specialists,21097,Administer employee benefit plans.,Supplemental,123,08/2019,Incumbent
13-1071.00,Human Resources Specialists,18869,"Schedule or administer skill, intelligence, psychological, or drug tests for current or prospective employees.",Supplemental,123,08/2019,Incumbent
13-1071.00,Human Resources Specialists,18855,Conduct reference or background checks on job applicants.,Supplemental,123,08/2019,Incumbent
13-1071.00,Human Resources Specialists,18876,"Review and evaluate applicant qualifications or eligibility for specified licensing, according to established guidelines and designated licensing codes.",Supplemental,124,08/2019,Incumbent
13-1071.00,Human Resources Specialists,18874,"Evaluate recruitment or selection criteria to ensure conformance to professional, statistical, or testing standards, recommending revisions, as needed.",Supplemental,124,08/2019,Incumbent
13-1071.00,Human Resources Specialists,18873,"Coordinate with outside staffing agencies to secure temporary employees, based on departmental needs.",Supplemental,123,08/2019,Incumbent
13-1071.00,Human Resources Specialists,18875,Evaluate selection or testing techniques by conducting research or follow-up activities and conferring with management or supervisory personnel.,Supplemental,121,08/2019,Incumbent
13-1074.00,Farm Labor Contractors,14838,Pay wages of contracted farm laborers.,Core,40,08/2026,Incumbent
13-1074.00,Farm Labor Contractors,14839,"Provide food, drinking water, and field sanitation facilities to contracted workers.",Core,38,08/2026,Incumbent
13-1074.00,Farm Labor Contractors,14840,Recruit and hire agricultural workers.,Core,39,08/2026,Incumbent
13-1074.00,Farm Labor Contractors,14842,Supervise the work of contracted employees.,Core,40,08/2026,Incumbent
13-1074.00,Farm Labor Contractors,14841,"Employ foremen to deal directly with workers when recruiting, hiring, instructing, assigning tasks, and enforcing work rules.",Core,39,08/2026,Incumbent
13-1074.00,Farm Labor Contractors,14843,Furnish tools for employee use.,Core,39,08/2026,Incumbent
13-1074.00,Farm Labor Contractors,14844,Direct and transport workers to appropriate work sites.,Core,40,08/2026,Incumbent
13-1075.00,Labor Relations Specialists,18886,Negotiate collective bargaining agreements.,Core,21,08/2023,Occupational Expert
13-1075.00,Labor Relations Specialists,18883,Investigate and evaluate union complaints or arguments to determine viability.,Core,21,08/2023,Occupational Expert
13-1075.00,Labor Relations Specialists,18890,Propose resolutions for collective bargaining or other labor or contract negotiations.,Core,21,08/2023,Occupational Expert
13-1075.00,Labor Relations Specialists,18879,Draft contract proposals or counter-proposals for collective bargaining or other labor negotiations.,Core,21,08/2023,Occupational Expert
13-1075.00,Labor Relations Specialists,18882,Interpret contractual agreements for employers and employees engaged in collective bargaining or other labor relations processes.,Core,21,08/2023,Occupational Expert
13-1075.00,Labor Relations Specialists,18900,"Prepare evidence for disciplinary hearings, including preparing witnesses to testify.",Core,21,08/2023,Occupational Expert
13-1075.00,Labor Relations Specialists,18884,Mediate discussions between employer and employee representatives in attempt to reconcile differences.,Core,20,08/2023,Occupational Expert
13-1075.00,Labor Relations Specialists,18893,"Review employer practices or employee data to ensure compliance with contracts on matters such as wages, hours, or conditions of employment.",Core,21,08/2023,Occupational Expert
13-1075.00,Labor Relations Specialists,18891,"Recommend collective bargaining strategies, goals, or objectives.",Core,21,08/2023,Occupational Expert
13-1075.00,Labor Relations Specialists,18885,Monitor company or workforce adherence to labor agreements.,Core,20,08/2023,Occupational Expert
13-1075.00,Labor Relations Specialists,18878,"Call or meet with union, company, government, or other interested parties to discuss labor relations matters, such as contract negotiations or grievances.",Core,21,08/2023,Occupational Expert
13-1075.00,Labor Relations Specialists,18896,Assess risk levels associated with collective bargaining strategies.,Core,20,08/2023,Occupational Expert
13-1075.00,Labor Relations Specialists,18889,Present the position of the company or of labor during arbitration or other labor negotiations.,Core,21,08/2023,Occupational Expert
13-1075.00,Labor Relations Specialists,18881,"Identify alternatives to proposals of unions, employees, companies, or government agencies.",Core,21,08/2023,Occupational Expert
13-1075.00,Labor Relations Specialists,18880,"Draft rules or regulations to govern collective bargaining activities in collaboration with company, government, or employee representatives.",Core,21,08/2023,Occupational Expert
13-1075.00,Labor Relations Specialists,18902,Research case law or outcomes of previous case hearings.,Core,21,08/2023,Occupational Expert
13-1075.00,Labor Relations Specialists,18895,"Write letters related to labor relations activities, such as letters to amend collective bargaining agreements, letters of dispute or conciliation, or letters to seek clarification of contract terms.",Core,21,08/2023,Occupational Expert
13-1075.00,Labor Relations Specialists,18894,Schedule or coordinate the details of grievance hearings or other meetings.,Core,20,08/2023,Occupational Expert
13-1075.00,Labor Relations Specialists,18892,"Review and approve employee disciplinary actions, such as written reprimands, suspensions, or terminations.",Core,20,08/2023,Occupational Expert
13-1075.00,Labor Relations Specialists,18903,Select mediators or arbitrators for labor disputes or contract negotiations.,Core,21,08/2023,Occupational Expert
13-1075.00,Labor Relations Specialists,18897,Assess the impact of union proposals on company or government operations.,Supplemental,21,08/2023,Occupational Expert
13-1075.00,Labor Relations Specialists,18877,Advise management on matters related to the administration of contracts or employee discipline or grievance procedures.,Supplemental,20,08/2023,Occupational Expert
13-1075.00,Labor Relations Specialists,18904,"Train managers or supervisors on topics related to labor relations, such as working conditions, safety, or equal opportunity practices.",Supplemental,21,08/2023,Occupational Expert
13-1075.00,Labor Relations Specialists,18901,Provide expert testimony in legal proceedings related to labor relations or labor contracts.,Supplemental,21,08/2023,Occupational Expert
13-1075.00,Labor Relations Specialists,18898,Develop employee health and safety policies.,Supplemental,21,08/2023,Occupational Expert
13-1075.00,Labor Relations Specialists,18899,"Develop methods to monitor employee satisfaction with policies or working conditions, including grievance or complaint procedures.",Supplemental,21,08/2023,Occupational Expert
13-1075.00,Labor Relations Specialists,18888,Prepare reports or presentations to communicate employee satisfaction or related data to management.,Supplemental,21,08/2023,Occupational Expert
13-1075.00,Labor Relations Specialists,18887,"Prepare and submit required governmental reports or forms related to labor relations matters, such as equal employment opportunity (EEO) forms, new hire forms, or minority compensation reports.",Supplemental,21,08/2023,Occupational Expert
13-1081.00,Logisticians,8932,"Maintain and develop positive business relationships with a customer's key personnel involved in, or directly relevant to, a logistics activity.",Core,24,07/2016,Occupational Expert
13-1081.00,Logisticians,8933,Develop an understanding of customers' needs and take actions to ensure that such needs are met.,Core,24,07/2016,Occupational Expert
13-1081.00,Logisticians,8950,"Manage subcontractor activities, reviewing proposals, developing performance specifications, and serving as liaisons between subcontractors and organizations.",Core,24,07/2016,Occupational Expert
13-1081.00,Logisticians,8943,Develop proposals that include documentation for estimates.,Core,24,07/2016,Occupational Expert
13-1081.00,Logisticians,8937,"Review logistics performance with customers against targets, benchmarks, and service agreements.",Core,24,07/2016,Occupational Expert
13-1081.00,Logisticians,8934,"Direct availability and allocation of materials, supplies, and finished products.",Core,24,07/2016,Occupational Expert
13-1081.00,Logisticians,8949,Redesign the movement of goods to maximize value and minimize costs.,Core,24,07/2016,Occupational Expert
13-1081.00,Logisticians,8942,"Explain proposed solutions to customers, management, or other interested parties through written proposals and oral presentations.",Core,24,07/2016,Occupational Expert
13-1081.00,Logisticians,8939,"Direct team activities, establishing task priorities, scheduling and tracking work assignments, providing guidance, and ensuring the availability of resources.",Core,24,07/2016,Occupational Expert
13-1081.00,Logisticians,20847,Perform managerial duties such as hiring and training employees and overseeing facility needs or requirements.,Core,24,07/2016,Occupational Expert
13-1081.00,Logisticians,8935,"Collaborate with other departments as necessary to meet customer requirements, to take advantage of sales opportunities or, in the case of shortages, to minimize negative impacts on a business.",Core,24,07/2016,Occupational Expert
13-1081.00,Logisticians,8940,"Report project plans, progress, and results.",Core,24,07/2016,Occupational Expert
13-1081.00,Logisticians,8936,Protect and control proprietary materials.,Core,24,07/2016,Occupational Expert
13-1081.00,Logisticians,8948,Stay informed of logistics technology advances and apply appropriate technology to improve logistics processes.,Core,24,07/2016,Occupational Expert
13-1081.00,Logisticians,8938,"Develop and implement technical project management tools, such as plans, schedules, and responsibility and compliance matrices.",Core,24,07/2016,Occupational Expert
13-1081.00,Logisticians,8945,"Provide project management services, including the provision and analysis of technical data.",Core,24,07/2016,Occupational Expert
13-1081.00,Logisticians,8951,"Manage the logistical aspects of product life cycles, including coordination or provisioning of samples, and the minimization of obsolescence.",Core,24,07/2016,Occupational Expert
13-1081.00,Logisticians,8952,Perform system lifecycle cost analysis and develop component studies.,Core,24,07/2016,Occupational Expert
13-1081.00,Logisticians,8944,"Plan, organize, and execute logistics support activities, such as maintenance planning, repair analysis, and test equipment recommendations.",Core,24,07/2016,Occupational Expert
13-1081.00,Logisticians,8946,Participate in the assessment and review of design alternatives and design change proposal impacts.,Core,24,07/2016,Occupational Expert
13-1081.00,Logisticians,8941,Direct and support the compilation and analysis of technical source data necessary for product development.,Core,24,07/2016,Occupational Expert
13-1081.00,Logisticians,8947,Support the development of training materials and technical manuals.,Core,24,07/2016,Occupational Expert
13-1081.01,Logistics Engineers,19997,Identify cost-reduction or process-improvement logistic opportunities.,Core,23,08/2025,Occupational Expert
13-1081.01,Logistics Engineers,15876,"Analyze or interpret logistics data involving customer service, forecasting, procurement, manufacturing, inventory, transportation, or warehousing.",Core,23,08/2025,Occupational Expert
13-1081.01,Logistics Engineers,19999,Prepare logistic strategies or conceptual designs for production facilities.,Core,23,08/2025,Occupational Expert
13-1081.01,Logistics Engineers,15875,"Conduct logistics studies or analyses, such as time studies, zero-base analyses, rate analyses, network analyses, flow-path analyses, or supply chain analyses.",Core,23,08/2025,Occupational Expert
13-1081.01,Logistics Engineers,19996,"Develop logistic metrics, internal analysis tools, or key performance indicators for business units.",Core,23,08/2025,Occupational Expert
13-1081.01,Logistics Engineers,15870,Identify or develop business rules or standard operating procedures to streamline operating processes.,Core,23,08/2025,Occupational Expert
13-1081.01,Logistics Engineers,15863,"Interview key staff or tour facilities to identify efficiency-improvement, cost-reduction, or service-delivery opportunities.",Core,23,08/2025,Occupational Expert
13-1081.01,Logistics Engineers,15880,"Apply logistics modeling techniques to address issues, such as operational process improvement or facility design or layout.",Core,23,08/2025,Occupational Expert
13-1081.01,Logistics Engineers,15865,Design plant distribution centers.,Core,23,08/2025,Occupational Expert
13-1081.01,Logistics Engineers,15867,"Review contractual commitments, customer specifications, or related information to determine logistics or support requirements.",Core,23,08/2025,Occupational Expert
13-1081.01,Logistics Engineers,19995,"Evaluate the use of inventory tracking technology, Web-based warehousing software, or intelligent conveyor systems to maximize plant or distribution center efficiency.",Core,23,08/2025,Occupational Expert
13-1081.01,Logistics Engineers,15861,Propose logistics solutions for customers.,Core,23,08/2025,Occupational Expert
13-1081.01,Logistics Engineers,15872,"Develop or maintain cost estimates, forecasts, or cost models.",Core,23,08/2025,Occupational Expert
13-1081.01,Logistics Engineers,15868,Prepare or validate documentation on automated logistics or maintenance-data reporting or management information systems.,Core,23,08/2025,Occupational Expert
13-1081.01,Logistics Engineers,20006,Provide logistical facility or capacity planning analyses for distribution or transportation functions.,Core,23,08/2025,Occupational Expert
13-1081.01,Logistics Engineers,15873,"Determine feasibility of designing new facilities or modifying existing facilities, based on factors such as cost, available space, schedule, technical requirements, or ergonomics.",Core,22,08/2025,Occupational Expert
13-1081.01,Logistics Engineers,20000,Design comprehensive supply chains that minimize environmental impacts or costs.,Core,23,08/2025,Occupational Expert
13-1081.01,Logistics Engineers,20003,"Create models or scenarios to predict the impact of changing circumstances, such as fuel costs, road pricing, energy taxes, or carbon emissions legislation.",Core,23,08/2025,Occupational Expert
13-1081.01,Logistics Engineers,15874,"Determine logistics support requirements, such as facility details, staffing needs, or safety or maintenance plans.",Core,23,08/2025,Occupational Expert
13-1081.01,Logistics Engineers,15866,"Develop specifications for equipment, tools, facility layouts, or material-handling systems.",Core,23,08/2025,Occupational Expert
13-1081.01,Logistics Engineers,15877,"Provide logistics technology or information for effective and efficient support of product, equipment, or system manufacturing or service.",Core,23,08/2025,Occupational Expert
13-1081.01,Logistics Engineers,15879,Evaluate effectiveness of current or future logistical processes.,Core,23,08/2025,Occupational Expert
13-1081.01,Logistics Engineers,15864,Direct the work of logistics analysts.,Core,23,08/2025,Occupational Expert
13-1081.01,Logistics Engineers,19998,"Evaluate the use of technologies, such as global positioning systems (GPS), radio-frequency identification (RFID), route navigation software, or satellite linkup systems, to improve transportation efficiency.",Core,23,08/2025,Occupational Expert
13-1081.01,Logistics Engineers,20005,Determine requirements for compliance with environmental certification standards.,Core,23,08/2025,Occupational Expert
13-1081.01,Logistics Engineers,20007,Develop or document procedures to minimize or mitigate carbon output resulting from the movement of materials or products.,Core,23,08/2025,Occupational Expert
13-1081.01,Logistics Engineers,20002,"Conduct environmental audits for logistics activities, such as storage, distribution, or transportation.",Core,23,08/2025,Occupational Expert
13-1081.01,Logistics Engineers,20001,"Develop or document reverse logistics management processes to ensure maximal efficiency of product recycling, reuse, or final disposal.",Core,23,08/2025,Occupational Expert
13-1081.01,Logistics Engineers,20004,"Review global, national, or regional transportation or logistics reports for ways to improve efficiency or minimize the environmental impact of logistics activities.",Core,23,08/2025,Occupational Expert
13-1081.01,Logistics Engineers,20008,"Assess the environmental impact or energy efficiency of logistics activities, using carbon mitigation software.",Supplemental,23,08/2025,Occupational Expert
13-1081.02,Logistics Analysts,15898,Maintain databases of logistics information.,Core,22,08/2020,Occupational Expert
13-1081.02,Logistics Analysts,20009,"Remotely monitor the flow of vehicles or inventory, using Web-based logistics information systems to track vehicles or containers.",Core,22,08/2020,Occupational Expert
13-1081.02,Logistics Analysts,15889,"Communicate with or monitor service providers, such as ocean carriers, air freight forwarders, global consolidators, customs brokers, or trucking companies.",Core,22,08/2020,Occupational Expert
13-1081.02,Logistics Analysts,15890,Track product flow from origin to final delivery.,Core,22,08/2020,Occupational Expert
13-1081.02,Logistics Analysts,15903,"Interpret data on logistics elements, such as availability, maintainability, reliability, supply chain management, strategic sourcing or distribution, supplier management, or transportation.",Core,22,08/2020,Occupational Expert
13-1081.02,Logistics Analysts,15893,Recommend improvements to existing or planned logistics processes.,Core,22,08/2020,Occupational Expert
13-1081.02,Logistics Analysts,15904,"Apply analytic methods or tools to understand, predict, or control logistics operations or processes.",Core,22,08/2020,Occupational Expert
13-1081.02,Logistics Analysts,15895,Prepare reports on logistics performance measures.,Core,22,08/2020,Occupational Expert
13-1081.02,Logistics Analysts,15883,Enter logistics-related data into databases.,Core,22,08/2020,Occupational Expert
13-1081.02,Logistics Analysts,15894,"Provide ongoing analyses in areas such as transportation costs, parts procurement, back orders, or delivery processes.",Core,22,08/2020,Occupational Expert
13-1081.02,Logistics Analysts,15905,"Analyze logistics data, using methods such as data mining, data modeling, or cost or benefit analysis.",Core,22,08/2020,Occupational Expert
13-1081.02,Logistics Analysts,15897,"Monitor inventory transactions at warehouse facilities to assess receiving, storage, shipping, or inventory integrity.",Core,22,08/2020,Occupational Expert
13-1081.02,Logistics Analysts,15899,Maintain logistics records in accordance with corporate policies.,Core,22,08/2020,Occupational Expert
13-1081.02,Logistics Analysts,15888,Contact carriers for rates or schedules.,Core,22,08/2020,Occupational Expert
13-1081.02,Logistics Analysts,15896,Manage systems to ensure that pricing structures adequately reflect logistics costing.,Core,22,08/2020,Occupational Expert
13-1081.02,Logistics Analysts,15901,"Confer with logistics management teams to determine ways to optimize service levels, maintain supply-chain efficiency, or minimize cost.",Core,22,08/2020,Occupational Expert
13-1081.02,Logistics Analysts,15902,"Compute reporting metrics, such as on-time delivery rates, order fulfillment rates, or inventory turns.",Core,22,08/2020,Occupational Expert
13-1081.02,Logistics Analysts,15881,Identify opportunities for inventory reductions.,Core,22,08/2020,Occupational Expert
13-1081.02,Logistics Analysts,15892,"Review procedures, such as distribution or inventory management, to ensure maximum efficiency or minimum cost.",Core,22,08/2020,Occupational Expert
13-1081.02,Logistics Analysts,15900,"Develop or maintain models for logistics uses, such as cost estimating or demand forecasting.",Core,22,08/2020,Occupational Expert
13-1081.02,Logistics Analysts,15882,"Monitor industry standards, trends, or practices to identify developments in logistics planning or execution.",Core,22,08/2020,Occupational Expert
13-1081.02,Logistics Analysts,15891,Write or revise standard operating procedures for logistics processes.,Core,22,08/2020,Occupational Expert
13-1081.02,Logistics Analysts,20010,"Reorganize shipping schedules to consolidate loads, maximize vehicle usage, or limit the movement of empty vehicles or containers.",Supplemental,22,08/2020,Occupational Expert
13-1081.02,Logistics Analysts,15887,Contact potential vendors to determine material availability.,Supplemental,22,08/2020,Occupational Expert
13-1081.02,Logistics Analysts,15884,Develop or maintain payment systems to ensure accuracy of vendor payments.,Supplemental,22,08/2020,Occupational Expert
13-1081.02,Logistics Analysts,15886,Develop or maintain freight rate databases for use by supply chain departments to determine the most economical modes of transportation.,Supplemental,22,08/2020,Occupational Expert
13-1081.02,Logistics Analysts,20011,"Route or reroute drivers in real time with remote route navigation software, satellite linkup systems, or global positioning systems (GPS) to improve operational efficiencies.",Supplemental,22,08/2020,Occupational Expert
13-1081.02,Logistics Analysts,15885,Determine packaging requirements.,Supplemental,22,08/2020,Occupational Expert
13-1081.02,Logistics Analysts,20014,Enter carbon-output or environmental-impact data into spreadsheets or environmental management or auditing software programs.,Supplemental,22,08/2020,Occupational Expert
13-1081.02,Logistics Analysts,20013,Compare locations or environmental policies of carriers or suppliers to make transportation decisions with lower environmental impact.,Supplemental,22,08/2020,Occupational Expert
13-1081.02,Logistics Analysts,20012,Arrange for sale or lease of excess storage or transport capacity to minimize losses or inefficiencies associated with empty space.,Supplemental,22,08/2020,Occupational Expert
13-1082.00,Project Management Specialists,21463,Communicate with key stakeholders to determine project requirements and objectives.,Core,28,08/2026,Occupational Expert
13-1082.00,Project Management Specialists,21467,"Identify project needs such as resources, staff, or finances by reviewing project objectives and schedules.",Core,28,08/2026,Occupational Expert
13-1082.00,Project Management Specialists,21481,"Submit project deliverables to clients, ensuring adherence to quality standards.",Core,28,08/2026,Occupational Expert
13-1082.00,Project Management Specialists,21464,Confer with project personnel to identify and resolve problems.,Core,28,08/2026,Occupational Expert
13-1082.00,Project Management Specialists,21473,"Plan, schedule, or coordinate project activities to meet deadlines.",Core,28,08/2026,Occupational Expert
13-1082.00,Project Management Specialists,21479,Request and review project updates to ensure deadlines are met.,Core,28,08/2026,Occupational Expert
13-1082.00,Project Management Specialists,21470,Monitor project milestones and deliverables.,Core,28,08/2026,Occupational Expert
13-1082.00,Project Management Specialists,21462,Assign duties or responsibilities to project personnel.,Core,28,08/2026,Occupational Expert
13-1082.00,Project Management Specialists,21465,Create project status presentations for delivery to customers or project personnel.,Core,28,08/2026,Occupational Expert
13-1082.00,Project Management Specialists,21475,Produce and distribute project documents.,Core,28,08/2026,Occupational Expert
13-1082.00,Project Management Specialists,21472,Negotiate with project stakeholders or suppliers to obtain resources or materials.,Core,28,08/2026,Occupational Expert
13-1082.00,Project Management Specialists,21469,Monitor costs incurred by project staff to identify budget issues.,Core,28,08/2026,Occupational Expert
13-1082.00,Project Management Specialists,21477,Recruit or hire project personnel.,Core,28,08/2026,Occupational Expert
13-1082.00,Project Management Specialists,21471,Monitor the performance of project team members to provide performance feedback.,Core,28,08/2026,Occupational Expert
13-1082.00,Project Management Specialists,21466,"Develop or update project plans including information such as objectives, technologies, schedules, funding, and staffing.",Core,28,08/2026,Occupational Expert
13-1082.00,Project Management Specialists,21478,"Report project status, such as budget, resources, technical issues, or customer satisfaction, to managers.",Core,28,08/2026,Occupational Expert
13-1082.00,Project Management Specialists,21476,"Propose, review, or approve modifications to project plans.",Core,28,08/2026,Occupational Expert
13-1082.00,Project Management Specialists,21468,"Identify, review, or select vendors or consultants to meet project needs.",Core,28,08/2026,Occupational Expert
13-1082.00,Project Management Specialists,21480,Schedule or facilitate project meetings.,Core,28,08/2026,Occupational Expert
13-1082.00,Project Management Specialists,21474,"Prepare and submit budget estimates, progress reports, or cost tracking reports.",Core,28,08/2026,Occupational Expert
13-1111.00,Management Analysts,7276,Gather and organize information on problems or procedures.,Core,21,08/2022,Occupational Expert
13-1111.00,Management Analysts,7278,Confer with personnel concerned to ensure successful functioning of newly implemented systems or procedures.,Core,21,08/2022,Occupational Expert
13-1111.00,Management Analysts,7277,Analyze data gathered and develop solutions or alternative methods of proceeding.,Core,20,08/2022,Occupational Expert
13-1111.00,Management Analysts,7282,"Document findings of study and prepare recommendations for implementation of new systems, procedures, or organizational changes.",Core,21,08/2022,Occupational Expert
13-1111.00,Management Analysts,7285,"Plan study of work problems and procedures, such as organizational change, communications, information flow, integrated production methods, inventory control, or cost analysis.",Core,21,08/2022,Occupational Expert
13-1111.00,Management Analysts,7281,"Interview personnel and conduct on-site observation to ascertain unit functions, work performed, and methods, equipment, and personnel used.",Core,21,08/2022,Occupational Expert
13-1111.00,Management Analysts,7283,"Prepare manuals and train workers in use of new forms, reports, procedures or equipment, according to organizational policy.",Core,20,08/2022,Occupational Expert
13-1111.00,Management Analysts,7280,"Review forms and reports and confer with management and users about format, distribution, and purpose, identifying problems and improvements.",Core,21,08/2022,Occupational Expert
13-1111.00,Management Analysts,7279,"Develop and implement records management program for filing, protection, and retrieval of records, and assure compliance with program.",Core,20,08/2022,Occupational Expert
13-1111.00,Management Analysts,7284,"Design, evaluate, recommend, and approve changes of forms and reports.",Core,21,08/2022,Occupational Expert
13-1111.00,Management Analysts,7286,Recommend purchase of storage equipment and design area layout to locate equipment in space available.,Supplemental,21,08/2022,Occupational Expert
13-1121.00,"Meeting, Convention, and Event Planners",1209,"Consult with customers to determine objectives and requirements for events, such as meetings, conferences, and conventions.",Core,66,07/2016,Incumbent
13-1121.00,"Meeting, Convention, and Event Planners",1212,Review event bills for accuracy and approve payment.,Core,66,07/2016,Incumbent
13-1121.00,"Meeting, Convention, and Event Planners",1214,"Coordinate services for events, such as accommodation and transportation for participants, facilities, catering, signage, displays, special needs requirements, printing and event security.",Core,66,07/2016,Incumbent
13-1121.00,"Meeting, Convention, and Event Planners",1215,"Arrange the availability of audio-visual equipment, transportation, displays, and other event needs.",Core,66,07/2016,Incumbent
13-1121.00,"Meeting, Convention, and Event Planners",1211,Confer with staff at a chosen event site to coordinate details.,Core,66,07/2016,Incumbent
13-1121.00,"Meeting, Convention, and Event Planners",1216,Inspect event facilities to ensure that they conform to customer requirements.,Core,66,07/2016,Incumbent
13-1121.00,"Meeting, Convention, and Event Planners",1217,"Maintain records of event aspects, including financial details.",Core,66,07/2016,Incumbent
13-1121.00,"Meeting, Convention, and Event Planners",1210,"Monitor event activities to ensure compliance with applicable regulations and laws, satisfaction of participants, and resolution of any problems that arise.",Core,66,07/2016,Incumbent
13-1121.00,"Meeting, Convention, and Event Planners",1219,"Negotiate contracts with such service providers and suppliers as hotels, convention centers, and speakers.",Core,66,07/2016,Incumbent
13-1121.00,"Meeting, Convention, and Event Planners",1222,Evaluate and select providers of services according to customer requirements.,Core,66,07/2016,Incumbent
13-1121.00,"Meeting, Convention, and Event Planners",1213,"Plan and develop programs, agendas, budgets, and services according to customer requirements.",Core,65,07/2016,Incumbent
13-1121.00,"Meeting, Convention, and Event Planners",1226,"Hire, train, and supervise volunteers and support staff required for events.",Core,66,07/2016,Incumbent
13-1121.00,"Meeting, Convention, and Event Planners",1218,Conduct post-event evaluations to determine how future events could be improved.,Core,66,07/2016,Incumbent
13-1121.00,"Meeting, Convention, and Event Planners",1221,"Direct administrative details, such as financial operations, dissemination of promotional materials, and responses to inquiries.",Core,65,07/2016,Incumbent
13-1121.00,"Meeting, Convention, and Event Planners",1220,"Meet with sponsors and organizing committees to plan scope and format of events, to establish and monitor budgets, or to review administrative procedures and event progress.",Core,66,07/2016,Incumbent
13-1121.00,"Meeting, Convention, and Event Planners",1223,"Read trade publications, attend seminars, and consult with other meeting professionals to keep abreast of meeting management standards and trends.",Core,64,07/2016,Incumbent
13-1121.00,"Meeting, Convention, and Event Planners",1224,Organize registration of event participants.,Supplemental,66,07/2016,Incumbent
13-1121.00,"Meeting, Convention, and Event Planners",1229,Develop event topics and choose featured speakers.,Supplemental,66,07/2016,Incumbent
13-1121.00,"Meeting, Convention, and Event Planners",1228,"Promote conference, convention and trades show services by performing tasks such as meeting with professional and trade associations, and producing brochures and other publications.",Supplemental,66,07/2016,Incumbent
13-1121.00,"Meeting, Convention, and Event Planners",1225,Design and implement efforts to publicize events and promote sponsorships.,Supplemental,66,07/2016,Incumbent
13-1121.00,"Meeting, Convention, and Event Planners",1227,Obtain permits from fire and health departments to erect displays and exhibits and serve food at events.,Supplemental,66,07/2016,Incumbent
13-1131.00,Fundraisers,18917,Identify and build relationships with potential donors.,Core,21,08/2021,Occupational Expert
13-1131.00,Fundraisers,18922,Secure commitments of participation or donation from individuals or corporate donors.,Core,20,08/2021,Occupational Expert
13-1131.00,Fundraisers,18931,Write and send letters of thanks to donors.,Core,20,08/2021,Occupational Expert
13-1131.00,Fundraisers,18923,"Solicit cash or in-kind donations or sponsorships from individual, business, or government donors.",Core,21,08/2021,Occupational Expert
13-1131.00,Fundraisers,18907,Create or update donor databases.,Core,21,08/2021,Occupational Expert
13-1131.00,Fundraisers,18912,Develop strategies to encourage new or increased contributions.,Core,21,08/2021,Occupational Expert
13-1131.00,Fundraisers,18911,"Develop or implement fundraising activities, such as annual giving campaigns or direct mail programs.",Core,21,08/2021,Occupational Expert
13-1131.00,Fundraisers,18925,Compile or develop materials to submit to granting or other funding organizations.,Core,20,08/2021,Occupational Expert
13-1131.00,Fundraisers,18926,"Conduct research to identify the goals, net worth, charitable donation history, or other data related to potential donors, potential investors, or general donor markets.",Core,21,08/2021,Occupational Expert
13-1131.00,Fundraisers,18910,Develop fundraising activity plans that maximize participation or contributions and minimize costs.,Core,20,08/2021,Occupational Expert
13-1131.00,Fundraisers,18914,"Direct or supervise fundraising staff, including volunteer staff members.",Core,21,08/2021,Occupational Expert
13-1131.00,Fundraisers,18915,Establish fundraising or participation goals for special events or specified time periods.,Core,21,08/2021,Occupational Expert
13-1131.00,Fundraisers,18919,Monitor progress of fundraising drives.,Core,20,08/2021,Occupational Expert
13-1131.00,Fundraisers,18921,"Recruit sponsors, participants, or volunteers for fundraising events.",Core,21,08/2021,Occupational Expert
13-1131.00,Fundraisers,18906,"Contact corporate representatives, government officials, or community leaders to increase awareness of organizational causes, activities, or needs.",Core,21,08/2021,Occupational Expert
13-1131.00,Fundraisers,18905,"Attend community events, meetings, or conferences to promote organizational goals or solicit donations or sponsorships.",Core,21,08/2021,Occupational Expert
13-1131.00,Fundraisers,18932,Write reports or prepare presentations to communicate fundraising program data.,Core,21,08/2021,Occupational Expert
13-1131.00,Fundraisers,18916,Explain the tax advantages of contributions to potential donors.,Core,21,08/2021,Occupational Expert
13-1131.00,Fundraisers,18908,"Design or produce materials such as posters, Web sites, or newsletters to promote, market, or advertise fundraising events.",Core,21,08/2021,Occupational Expert
13-1131.00,Fundraisers,18924,"Write speeches, press releases, or other promotional materials to increase awareness of the causes, missions, or goals of organizations seeking funds.",Core,21,08/2021,Occupational Expert
13-1131.00,Fundraisers,18918,"Monitor budgets, expense reports, or other financial data for fundraising organizations.",Core,21,08/2021,Occupational Expert
13-1131.00,Fundraisers,18920,"Plan and direct special events for fundraising, such as silent auctions, dances, golf events, or walks.",Core,21,08/2021,Occupational Expert
13-1131.00,Fundraisers,18913,"Direct or coordinate Web-based fundraising activities, such as online auctions or donation Web sites.",Core,21,08/2021,Occupational Expert
13-1131.00,Fundraisers,18930,"Secure speakers for charitable events, community meetings, or conferences to increase awareness of charitable, nonprofit, or political causes.",Core,21,08/2021,Occupational Expert
13-1131.00,Fundraisers,18909,"Develop corporate fundraising programs, such as employer gift-matching.",Supplemental,21,08/2021,Occupational Expert
13-1131.00,Fundraisers,18927,"Coordinate transportation or delivery of materials, supplies, or donations for fundraising events.",Supplemental,21,08/2021,Occupational Expert
13-1131.00,Fundraisers,18928,Develop and maintain media contact lists.,Supplemental,20,08/2021,Occupational Expert
13-1131.00,Fundraisers,18929,"Prepare materials such as fundraising envelopes, bid sheets, or gift bags for charitable events.",Supplemental,21,08/2021,Occupational Expert
13-1141.00,"Compensation, Benefits, and Job Analysis Specialists",3359,"Administer employee insurance, pension, and savings plans, working with insurance brokers and plan carriers.",Core,21,08/2024,Occupational Expert
13-1141.00,"Compensation, Benefits, and Job Analysis Specialists",3352,"Ensure company compliance with federal and state laws, including reporting requirements.",Core,21,08/2024,Occupational Expert
13-1141.00,"Compensation, Benefits, and Job Analysis Specialists",3363,"Research employee benefit and health and safety practices, and recommend changes or modifications to existing policies.",Core,21,08/2024,Occupational Expert
13-1141.00,"Compensation, Benefits, and Job Analysis Specialists",3353,"Advise managers and employees on state and federal employment regulations, collective agreements, benefit and compensation policies, personnel procedures, and classification programs.",Core,21,08/2024,Occupational Expert
13-1141.00,"Compensation, Benefits, and Job Analysis Specialists",3369,Plan and develop curricula and materials for training programs and conduct training.,Core,21,08/2024,Occupational Expert
13-1141.00,"Compensation, Benefits, and Job Analysis Specialists",3357,Assist in preparing and maintaining personnel records and handbooks.,Core,21,08/2024,Occupational Expert
13-1141.00,"Compensation, Benefits, and Job Analysis Specialists",23985,"Develop and administer compensation programs, such as merit or incentive pay.",Supplemental,21,08/2024,Occupational Expert
13-1141.00,"Compensation, Benefits, and Job Analysis Specialists",3351,"Evaluate job positions, determining classification, exempt or non-exempt status, and salary.",Supplemental,21,08/2024,Occupational Expert
13-1141.00,"Compensation, Benefits, and Job Analysis Specialists",3356,"Prepare occupational classifications, job descriptions, and salary scales.",Supplemental,21,08/2024,Occupational Expert
13-1141.00,"Compensation, Benefits, and Job Analysis Specialists",3371,"Consult with, or serve as, technical liaison between business, industry, government, and union officials.",Supplemental,21,08/2024,Occupational Expert
13-1141.00,"Compensation, Benefits, and Job Analysis Specialists",3362,Perform multifactor data and cost analyses that may be used in areas such as support of collective bargaining agreements.,Supplemental,21,08/2024,Occupational Expert
13-1141.00,"Compensation, Benefits, and Job Analysis Specialists",3361,"Develop, implement, administer, and evaluate personnel and labor relations programs, including performance appraisal, affirmative action, and employment equity programs.",Supplemental,21,08/2024,Occupational Expert
13-1141.00,"Compensation, Benefits, and Job Analysis Specialists",3355,Provide advice on the resolution of classification and salary complaints.,Supplemental,21,08/2024,Occupational Expert
13-1141.00,"Compensation, Benefits, and Job Analysis Specialists",3360,"Negotiate collective agreements on behalf of employers or workers, and mediate labor disputes and grievances.",Supplemental,21,08/2024,Occupational Expert
13-1141.00,"Compensation, Benefits, and Job Analysis Specialists",3364,"Analyze organizational, occupational, and industrial data to facilitate organizational functions and provide technical information to business, industry, and government.",Supplemental,21,08/2024,Occupational Expert
13-1141.00,"Compensation, Benefits, and Job Analysis Specialists",3366,Assess need for and develop job analysis instruments and materials.,Supplemental,21,08/2024,Occupational Expert
13-1141.00,"Compensation, Benefits, and Job Analysis Specialists",3370,"Observe, interview, and survey employees and conduct focus group meetings to collect job, organizational, and occupational information.",Supplemental,21,08/2024,Occupational Expert
13-1141.00,"Compensation, Benefits, and Job Analysis Specialists",3354,"Plan, develop, evaluate, improve, and communicate methods and techniques for selecting, promoting, compensating, evaluating, and training workers.",Supplemental,21,08/2024,Occupational Expert
13-1141.00,"Compensation, Benefits, and Job Analysis Specialists",3368,"Research job and worker requirements, structural and functional relationships among jobs and occupations, and occupational trends.",Supplemental,21,08/2024,Occupational Expert
13-1141.00,"Compensation, Benefits, and Job Analysis Specialists",3358,"Prepare reports, such as organization and flow charts and career path reports, to summarize job analysis and evaluation and compensation analysis information.",Supplemental,21,08/2024,Occupational Expert
13-1141.00,"Compensation, Benefits, and Job Analysis Specialists",3365,Advise staff of individuals' qualifications.,Supplemental,21,08/2024,Occupational Expert
13-1141.00,"Compensation, Benefits, and Job Analysis Specialists",3372,"Prepare research results for publication in form of journals, books, manuals, and film.",Supplemental,21,08/2024,Occupational Expert
13-1151.00,Training and Development Specialists,94,"Present information with a variety of instructional techniques or formats, such as role playing, simulations, team exercises, group discussions, videos, or lectures.",Core,23,08/2022,Occupational Expert
13-1151.00,Training and Development Specialists,20475,"Obtain, organize, or develop training procedure manuals, guides, or course materials, such as handouts or visual materials.",Core,23,08/2022,Occupational Expert
13-1151.00,Training and Development Specialists,19559,"Evaluate modes of training delivery, such as in-person or virtual, to optimize training effectiveness, training costs, or environmental impacts.",Core,23,08/2022,Occupational Expert
13-1151.00,Training and Development Specialists,97,Offer specific training programs to help workers maintain or improve job skills.,Core,22,08/2022,Occupational Expert
13-1151.00,Training and Development Specialists,103,"Assess training needs through surveys, interviews with employees, focus groups, or consultation with managers, instructors, or customer representatives.",Core,23,08/2022,Occupational Expert
13-1151.00,Training and Development Specialists,98,"Monitor, evaluate, or record training activities or program effectiveness.",Core,23,08/2022,Occupational Expert
13-1151.00,Training and Development Specialists,20474,"Design, plan, organize, or direct orientation and training programs for employees or customers.",Core,23,08/2022,Occupational Expert
13-1151.00,Training and Development Specialists,102,Develop alternative training methods if expected improvements are not seen.,Core,22,08/2022,Occupational Expert
13-1151.00,Training and Development Specialists,101,"Evaluate training materials prepared by instructors, such as outlines, text, or handouts.",Core,23,08/2022,Occupational Expert
13-1151.00,Training and Development Specialists,20476,Monitor training costs and prepare budget reports to justify expenditures.,Core,23,08/2022,Occupational Expert
13-1151.00,Training and Development Specialists,106,Devise programs to develop executive potential among employees in lower-level positions.,Core,23,08/2022,Occupational Expert
13-1151.00,Training and Development Specialists,93,"Keep up with developments in area of expertise by reading current journals, books, or magazine articles.",Core,23,08/2022,Occupational Expert
13-1151.00,Training and Development Specialists,99,Attend meetings or seminars to obtain information for use in training programs or to inform management of training program status.,Core,23,08/2022,Occupational Expert
13-1151.00,Training and Development Specialists,100,Coordinate recruitment and placement of training program participants.,Core,23,08/2022,Occupational Expert
13-1151.00,Training and Development Specialists,105,Select and assign instructors to conduct training.,Core,23,08/2022,Occupational Expert
13-1151.00,Training and Development Specialists,108,"Negotiate contracts with clients for desired training outcomes, fees, or expenses.",Core,22,08/2022,Occupational Expert
13-1151.00,Training and Development Specialists,20477,"Supervise, evaluate, or refer instructors to skill development classes.",Core,23,08/2022,Occupational Expert
13-1151.00,Training and Development Specialists,95,"Schedule classes based on availability of classrooms, equipment, or instructors.",Core,23,08/2022,Occupational Expert
13-1151.00,Training and Development Specialists,111,"Refer trainees to employer relations representatives, to locations offering job placement assistance, or to appropriate social services agencies, if warranted.",Supplemental,23,08/2022,Occupational Expert
13-1151.00,Training and Development Specialists,19558,"Develop or implement training programs related to efficiency, recycling, or other issues with environmental impacts.",Supplemental,23,08/2022,Occupational Expert
13-1161.00,Market Research Analysts and Marketing Specialists,5434,"Prepare reports of findings, illustrating data graphically and translating complex findings into written text.",Core,18,08/2026,Occupational Expert
13-1161.00,Market Research Analysts and Marketing Specialists,5437,Seek and provide information to help companies determine their position in the marketplace.,Core,18,08/2026,Occupational Expert
13-1161.00,Market Research Analysts and Marketing Specialists,5439,"Conduct research on consumer opinions and marketing strategies, collaborating with marketing professionals, statisticians, pollsters, and other professionals.",Core,18,08/2026,Occupational Expert
13-1161.00,Market Research Analysts and Marketing Specialists,5433,"Collect and analyze data on customer demographics, preferences, needs, and buying habits to identify potential markets and factors affecting product demand.",Core,18,08/2026,Occupational Expert
13-1161.00,Market Research Analysts and Marketing Specialists,5443,"Devise and evaluate methods and procedures for collecting data, such as surveys, opinion polls, or questionnaires, or arrange to obtain existing data.",Core,18,08/2026,Occupational Expert
13-1161.00,Market Research Analysts and Marketing Specialists,5441,"Gather data on competitors and analyze their prices, sales, and method of marketing and distribution.",Core,18,08/2026,Occupational Expert
13-1161.00,Market Research Analysts and Marketing Specialists,5435,Measure and assess customer and employee satisfaction.,Core,18,08/2026,Occupational Expert
13-1161.00,Market Research Analysts and Marketing Specialists,5442,Monitor industry statistics and follow trends in trade literature.,Core,18,08/2026,Occupational Expert
13-1161.00,Market Research Analysts and Marketing Specialists,5445,Direct trained survey interviewers.,Core,18,08/2026,Occupational Expert
13-1161.00,Market Research Analysts and Marketing Specialists,5438,"Measure the effectiveness of marketing, advertising, and communications programs and strategies.",Core,18,08/2026,Occupational Expert
13-1161.00,Market Research Analysts and Marketing Specialists,5436,"Forecast and track marketing and sales trends, analyzing collected data.",Core,18,08/2026,Occupational Expert
13-1161.00,Market Research Analysts and Marketing Specialists,5440,"Attend staff conferences to provide management with information and proposals concerning the promotion, distribution, design, and pricing of company products or services.",Supplemental,18,08/2026,Occupational Expert
13-1161.00,Market Research Analysts and Marketing Specialists,5444,Develop and implement procedures for identifying advertising needs.,Supplemental,18,08/2026,Occupational Expert
13-1161.01,Search Marketing Strategists,20328,Manage tracking and reporting of search-related activities and provide analyses to marketing executives.,Core,23,08/2021,Occupational Expert
13-1161.01,Search Marketing Strategists,20329,"Optimize digital assets, such as text, graphics, or multimedia assets, for search engine optimization (SEO) or for display and usability on internet-connected devices.",Core,23,08/2021,Occupational Expert
13-1161.01,Search Marketing Strategists,16192,"Collect and analyze Web metrics, such as visits, time on site, page views per visit, transaction volume and revenue, traffic mix, click-through rates, conversion rates, cost per acquisition, or cost per click.",Core,23,08/2021,Occupational Expert
13-1161.01,Search Marketing Strategists,16182,Participate in the development or implementation of online marketing strategy.,Core,23,08/2021,Occupational Expert
13-1161.01,Search Marketing Strategists,16190,Optimize Web site exposure by analyzing search engine patterns to direct online placement of keywords or other content.,Core,23,08/2021,Occupational Expert
13-1161.01,Search Marketing Strategists,20320,"Coordinate with developers to optimize Web site architecture, server configuration, or page construction for search engine consumption and optimal visibility.",Core,23,08/2021,Occupational Expert
13-1161.01,Search Marketing Strategists,20318,Assist in setting up or optimizing analytics tools for tracking visitors' behaviors.,Core,23,08/2021,Occupational Expert
13-1161.01,Search Marketing Strategists,20326,Identify appropriate Key Performance Indicators (KPIs) and report key metrics from digital campaigns.,Core,23,08/2021,Occupational Expert
13-1161.01,Search Marketing Strategists,20321,Create content strategies for digital media.,Core,23,08/2021,Occupational Expert
13-1161.01,Search Marketing Strategists,20319,Combine secondary data sources with keyword research to more accurately profile and satisfy user intent.,Core,23,08/2021,Occupational Expert
13-1161.01,Search Marketing Strategists,16189,Collaborate with other marketing staff to integrate and complement marketing strategies across multiple sales channels.,Core,23,08/2021,Occupational Expert
13-1161.01,Search Marketing Strategists,20330,Optimize shopping cart experience or Web site conversion rates against Key Performance Indicators (KPIs).,Core,23,08/2021,Occupational Expert
13-1161.01,Search Marketing Strategists,20327,"Improve search-related activities through ongoing analysis, experimentation, or optimization tests, using A/B or multivariate methods.",Core,23,08/2021,Occupational Expert
13-1161.01,Search Marketing Strategists,16191,"Conduct online marketing initiatives, such as paid ad placement, affiliate programs, sponsorship programs, email promotions, or viral marketing campaigns on social media Web sites.",Core,23,08/2021,Occupational Expert
13-1161.01,Search Marketing Strategists,16186,"Conduct market research analysis to identify search query trends, real-time search and news media activity, popular social media topics, electronic commerce trends, market opportunities, or competitor performance.",Core,23,08/2021,Occupational Expert
13-1161.01,Search Marketing Strategists,16179,Propose online or multiple-sales-channel campaigns to marketing executives.,Core,23,08/2021,Occupational Expert
13-1161.01,Search Marketing Strategists,20322,Evaluate new emerging media or technologies and make recommendations for their application within Internet marketing or search marketing campaigns.,Core,23,08/2021,Occupational Expert
13-1161.01,Search Marketing Strategists,16188,"Communicate and collaborate with merchants, Webmasters, bloggers, or online editors to strategically place hyperlinks.",Core,23,08/2021,Occupational Expert
13-1161.01,Search Marketing Strategists,16175,"Identify, evaluate, or procure hardware or software for implementing online marketing campaigns.",Core,23,08/2021,Occupational Expert
13-1161.01,Search Marketing Strategists,16193,"Collaborate with Web, multimedia, or art design staffs to create multimedia Web sites or other internet content that conforms to brand and company visual format.",Core,23,08/2021,Occupational Expert
13-1161.01,Search Marketing Strategists,16172,"Keep abreast of government regulations and emerging Web technology to ensure regulatory compliance by reviewing current literature, talking with colleagues, participating in educational programs, attending meetings or workshops, or participating in professional organizations or conferences.",Core,23,08/2021,Occupational Expert
13-1161.01,Search Marketing Strategists,20331,"Purchase or negotiate placement of listings in local search engines, directories, or digital mapping technologies.",Core,23,08/2021,Occupational Expert
13-1161.01,Search Marketing Strategists,16185,"Coordinate sales or other promotional strategies with merchandising, operations, or inventory control staff to ensure product catalogs are current, accurate, and organized for best findability against user intent.",Core,23,08/2021,Occupational Expert
13-1161.01,Search Marketing Strategists,20325,Execute or manage social media campaigns to inform search marketing tactics.,Core,23,08/2021,Occupational Expert
13-1161.01,Search Marketing Strategists,16187,Conduct financial modeling for online marketing programs or Web site revenue forecasting.,Core,23,08/2021,Occupational Expert
13-1161.01,Search Marketing Strategists,16174,Implement online customer service processes to ensure positive and consistent user experiences.,Supplemental,23,08/2021,Occupational Expert
13-1161.01,Search Marketing Strategists,16184,"Develop transactional Web applications, using Web programming software and knowledge of programming languages, such as hypertext markup language (HTML) and extensible markup language (XML).",Supplemental,23,08/2021,Occupational Expert
13-1161.01,Search Marketing Strategists,16183,"Identify and develop commercial or technical specifications, such as usability, pricing, checkout, or data security, to promote transactional internet-enabled commerce functionality.",Supplemental,23,08/2021,Occupational Expert
13-1161.01,Search Marketing Strategists,16177,"Define product requirements, based on market research analysis, in collaboration with user interface design and engineering staff.",Supplemental,23,08/2021,Occupational Expert
13-1161.01,Search Marketing Strategists,20324,"Execute or manage banner, video, or other non-text link ad campaigns.",Supplemental,23,08/2021,Occupational Expert
13-1161.01,Search Marketing Strategists,16178,Assist in the evaluation or negotiation of contracts with vendors or online partners.,Supplemental,23,08/2021,Occupational Expert
13-1161.01,Search Marketing Strategists,16181,"Prepare electronic commerce designs or prototypes, such as storyboards, mock-ups, or other content, using graphics design software.",Supplemental,23,08/2021,Occupational Expert
13-1161.01,Search Marketing Strategists,16180,Assist in the development of online transaction or security policies.,Supplemental,23,08/2021,Occupational Expert
13-1161.01,Search Marketing Strategists,20323,Execute and manage communications with digital journalists or bloggers.,Supplemental,23,08/2021,Occupational Expert
13-1161.01,Search Marketing Strategists,16173,Resolve product availability problems in collaboration with customer service staff.,Supplemental,23,08/2021,Occupational Expert
13-1161.01,Search Marketing Strategists,16176,Identify methods for interfacing Web application technologies with enterprise resource planning or other system software.,Supplemental,23,08/2021,Occupational Expert
13-1199.04,Business Continuity Planners,15965,"Develop emergency management plans for recovery decision making and communications, continuity of critical departmental processes, or temporary shut-down of non-critical departments to ensure continuity of operation and governance.",Core,23,08/2025,Occupational Expert
13-1199.04,Business Continuity Planners,15956,Test documented disaster recovery strategies and plans.,Core,23,08/2025,Occupational Expert
13-1199.04,Business Continuity Planners,15962,"Develop disaster recovery plans for physical locations with critical assets, such as data centers.",Core,23,08/2025,Occupational Expert
13-1199.04,Business Continuity Planners,15951,"Establish, maintain, or test call trees to ensure appropriate communication during disaster.",Core,23,08/2025,Occupational Expert
13-1199.04,Business Continuity Planners,15961,"Identify opportunities for strategic improvement or mitigation of business interruption and other risks caused by business, regulatory, or industry-specific change initiatives.",Core,23,08/2025,Occupational Expert
13-1199.04,Business Continuity Planners,15948,Maintain and update organization information technology applications and network systems blueprints.,Core,23,08/2025,Occupational Expert
13-1199.04,Business Continuity Planners,15957,"Review existing disaster recovery, crisis management, or business continuity plans.",Core,23,08/2025,Occupational Expert
13-1199.04,Business Continuity Planners,15960,"Analyze impact on, and risk to, essential business functions or information systems to identify acceptable recovery time periods and resource requirements.",Core,23,08/2025,Occupational Expert
13-1199.04,Business Continuity Planners,15947,"Write reports to summarize testing activities, including descriptions of goals, planning, scheduling, execution, results, analysis, conclusions, and recommendations.",Core,23,08/2025,Occupational Expert
13-1199.04,Business Continuity Planners,15954,Create or administer training and awareness presentations or materials.,Core,23,08/2025,Occupational Expert
13-1199.04,Business Continuity Planners,15952,Design or implement products and services to mitigate risk or facilitate use of technology-based tools and methods.,Core,23,08/2025,Occupational Expert
13-1199.04,Business Continuity Planners,15958,"Recommend or implement methods to monitor, evaluate, or enable resolution of safety, operations, or compliance interruptions.",Core,23,08/2025,Occupational Expert
13-1199.04,Business Continuity Planners,15964,Conduct or oversee contingency plan integration and operation.,Core,23,08/2025,Occupational Expert
13-1199.04,Business Continuity Planners,15953,Create business continuity and disaster recovery budgets.,Core,23,08/2025,Occupational Expert
13-1199.04,Business Continuity Planners,15963,Create scenarios to reestablish operations from various types of business disruptions.,Core,23,08/2025,Occupational Expert
13-1199.04,Business Continuity Planners,15949,Interpret government regulations and applicable codes to ensure compliance.,Core,22,08/2025,Occupational Expert
13-1199.04,Business Continuity Planners,15959,"Prepare reports summarizing operational results, financial performance, or accomplishments of specified objectives, goals, or plans.",Core,23,08/2025,Occupational Expert
13-1199.04,Business Continuity Planners,15967,"Analyze corporate intelligence data to identify trends, patterns, or warnings indicating threats to security of people, assets, information, or infrastructure.",Core,23,08/2025,Occupational Expert
13-1199.04,Business Continuity Planners,15955,"Attend professional meetings, read literature, and participate in training or other educational offerings to keep abreast of new developments and technologies related to disaster recovery and business continuity.",Core,23,08/2025,Occupational Expert
13-1199.04,Business Continuity Planners,15966,"Conduct or oversee collection of corporate intelligence to avoid fraud, financial crime, cyber attack, terrorism, and infrastructure failure.",Supplemental,23,08/2025,Occupational Expert
13-1199.04,Business Continuity Planners,15950,Identify individual or transaction targets to direct intelligence collection.,Supplemental,23,08/2025,Occupational Expert
13-1199.05,Sustainability Specialists,15981,"Develop sustainability project goals, objectives, initiatives, or strategies in collaboration with other sustainability professionals.",Core,23,08/2020,Occupational Expert
13-1199.05,Sustainability Specialists,15980,"Monitor or track sustainability indicators, such as energy usage, natural resource usage, waste generation, and recycling.",Core,23,08/2020,Occupational Expert
13-1199.05,Sustainability Specialists,15979,"Assess or propose sustainability initiatives, considering factors such as cost effectiveness, technical feasibility, and acceptance.",Core,23,08/2020,Occupational Expert
13-1199.05,Sustainability Specialists,15973,Provide technical or administrative support for sustainability programs or issues.,Core,23,08/2020,Occupational Expert
13-1199.05,Sustainability Specialists,15968,Review and revise sustainability proposals or policies.,Core,23,08/2020,Occupational Expert
13-1199.05,Sustainability Specialists,15976,Develop reports or presentations to communicate the effectiveness of sustainability initiatives.,Core,23,08/2020,Occupational Expert
13-1199.05,Sustainability Specialists,15975,Create or maintain plans or other documents related to sustainability projects.,Core,23,08/2020,Occupational Expert
13-1199.05,Sustainability Specialists,15978,Collect information about waste stream management or green building practices to inform decision makers.,Core,23,08/2020,Occupational Expert
13-1199.05,Sustainability Specialists,15969,"Research or review regulatory, technical, or market issues related to sustainability.",Core,23,08/2020,Occupational Expert
13-1199.05,Sustainability Specialists,15970,"Identify or investigate violations of natural resources, waste management, recycling, or other environmental policies.",Core,23,08/2020,Occupational Expert
13-1199.05,Sustainability Specialists,15971,Identify or create new sustainability indicators.,Core,23,08/2020,Occupational Expert
13-1199.05,Sustainability Specialists,15977,"Create marketing or outreach media, such as brochures or Web sites, to communicate sustainability issues, procedures, or objectives.",Core,23,08/2020,Occupational Expert
13-1199.05,Sustainability Specialists,15974,Identify or procure needed resources to implement sustainability programs or projects.,Core,23,08/2020,Occupational Expert
13-1199.05,Sustainability Specialists,15972,"Write grant applications, rebate applications, or project proposals to secure funding for sustainability projects.",Core,23,08/2020,Occupational Expert
13-1199.06,Online Merchants,15718,Fill customer orders by packaging sold items and documentation for direct shipping or by transferring orders to manufacturers or third-party distributors.,Core,75,07/2014,Incumbent
13-1199.06,Online Merchants,15731,"Receive and process payments from customers, using electronic transaction services.",Core,74,07/2014,Incumbent
13-1199.06,Online Merchants,15710,"Create, manage, or automate orders or invoices, using order management or invoicing software.",Core,75,07/2014,Incumbent
13-1199.06,Online Merchants,15709,Deliver e-mail confirmation of completed transactions and shipment.,Core,75,07/2014,Incumbent
13-1199.06,Online Merchants,15728,"Correspond with online customers via electronic mail, telephone, or other electronic messaging to address questions or complaints about products, policies, or shipping methods.",Core,74,07/2014,Incumbent
13-1199.06,Online Merchants,15733,Purchase new or used items from online or physical sources for resale via retail or auction Web site.,Core,75,07/2014,Incumbent
13-1199.06,Online Merchants,15707,Determine and set product prices.,Core,73,07/2014,Incumbent
13-1199.06,Online Merchants,15730,"Calculate purchase subtotals, taxes, and shipping costs for submission to customers.",Core,75,07/2014,Incumbent
13-1199.06,Online Merchants,15734,"Compose descriptions of merchandise for posting to online storefront, auction sites, or other shopping Web sites.",Core,73,07/2014,Incumbent
13-1199.06,Online Merchants,15729,"Compose images of products, using video or still cameras, lighting equipment, props, or photo or video editing software.",Core,74,07/2014,Incumbent
13-1199.06,Online Merchants,15703,"Upload digital media, such as photos, video, or scanned images to online storefront, auction sites, or other shopping Web sites.",Core,73,07/2014,Incumbent
13-1199.06,Online Merchants,15735,"Calculate revenue, sales, and expenses, using financial accounting or spreadsheet software.",Core,74,07/2014,Incumbent
13-1199.06,Online Merchants,15714,Cancel orders based on customer requests or inventory or delivery problems.,Core,75,07/2014,Incumbent
13-1199.06,Online Merchants,15732,"Prepare or organize online storefront marketing material, including product descriptions or subject lines, optimizing content to search engine criteria.",Core,72,07/2014,Incumbent
13-1199.06,Online Merchants,15704,Order or purchase merchandise to maintain optimal inventory levels.,Core,75,07/2014,Incumbent
13-1199.06,Online Merchants,15726,Determine location for product listings to maximize exposure to online traffic.,Core,73,07/2014,Incumbent
13-1199.06,Online Merchants,15711,Create or maintain database of customer accounts.,Core,74,07/2014,Incumbent
13-1199.06,Online Merchants,15717,"Promote products in online communities through weblog or discussion-forum postings, e-mail marketing programs, or online advertising.",Core,75,07/2014,Incumbent
13-1199.06,Online Merchants,15713,Collaborate with search engine shopping specialists to place marketing content in desired online locations.,Core,74,07/2014,Incumbent
13-1199.06,Online Merchants,15721,"Investigate products or markets to determine areas for opportunity or viability for merchandising specific products, using online or offline sources.",Core,73,07/2014,Incumbent
13-1199.06,Online Merchants,15705,"Maintain inventory of shipping supplies, such as boxes, labels, tape, bubble wrap, loose packing materials, or tape guns.",Core,75,07/2014,Incumbent
13-1199.06,Online Merchants,15719,Measure and analyze Web site usage data to maximize search engine returns or refine customer interfaces.,Core,72,07/2014,Incumbent
13-1199.06,Online Merchants,15725,"Develop or revise business plans for online business, emphasizing factors such as product line, pricing, inventory, or marketing strategy.",Core,73,07/2014,Incumbent
13-1199.06,Online Merchants,15708,Disclose merchant information and terms and policies of transactions in online or offline materials.,Core,73,07/2014,Incumbent
13-1199.06,Online Merchants,15727,"Design customer interface of online storefront, using web programming or e-commerce software.",Supplemental,73,07/2014,Incumbent
13-1199.06,Online Merchants,15716,"Select and purchase technical web services, such as web hosting services, online merchant accounts, shopping cart software, payment gateway software, or spyware.",Supplemental,73,07/2014,Incumbent
13-1199.06,Online Merchants,15715,"Transfer digital media, such as music, video, or software, to customers via the Internet.",Supplemental,73,07/2014,Incumbent
13-1199.06,Online Merchants,15724,"Devise, select, or purchase domain name and web address.",Supplemental,75,07/2014,Incumbent
13-1199.06,Online Merchants,15722,Initiate online auctions through auction hosting sites or auction management software.,Supplemental,75,07/2014,Incumbent
13-1199.06,Online Merchants,15723,"Implement security practices to preserve assets, minimize liabilities, or ensure customer privacy, using parallel servers, hardware redundancy, fail-safe technology, information encryption, or firewalls.",Supplemental,74,07/2014,Incumbent
13-1199.06,Online Merchants,15720,"Investigate sources, such as auctions, estate sales, liquidators, wholesalers, or trade shows for new items, used items, or collectibles.",Supplemental,73,07/2014,Incumbent
13-1199.06,Online Merchants,15702,"Participate in online forums or conferences to stay abreast of online retailing trends, techniques, or security threats.",Supplemental,73,07/2014,Incumbent
13-1199.06,Online Merchants,15706,Integrate online retailing strategy with physical or catalogue retailing operations.,Supplemental,74,07/2014,Incumbent
13-1199.06,Online Merchants,15712,"Create or distribute offline promotional material, such as brochures, pamphlets, business cards, stationary, or signage.",Supplemental,73,07/2014,Incumbent
13-1199.07,Security Management Specialists,21482,Assess the nature and level of physical security threats so that the scope of the problem can be determined.,Core,20,08/2025,Occupational Expert
13-1199.07,Security Management Specialists,21501,Respond to emergency situations on an on-call basis.,Core,20,08/2025,Occupational Expert
13-1199.07,Security Management Specialists,21500,Recommend improvements in security systems or procedures.,Core,20,08/2025,Occupational Expert
13-1199.07,Security Management Specialists,21496,Perform risk analyses so that appropriate countermeasures can be developed.,Core,20,08/2025,Occupational Expert
13-1199.07,Security Management Specialists,21491,"Inspect physical security design features, installations, or programs to ensure compliance with applicable standards or regulations.",Core,20,08/2025,Occupational Expert
13-1199.07,Security Management Specialists,21484,Conduct security audits to identify potential vulnerabilities related to physical security or staff safety.,Core,20,08/2025,Occupational Expert
13-1199.07,Security Management Specialists,21485,"Design security policies, programs, or practices to ensure adequate security relating to alarm response, access card use, and other security needs.",Core,20,08/2025,Occupational Expert
13-1199.07,Security Management Specialists,21503,Test security measures for final acceptance and implement or provide procedures for ongoing monitoring and evaluation of the measures.,Core,20,08/2025,Occupational Expert
13-1199.07,Security Management Specialists,21486,"Design, implement, or establish requirements for security systems, video surveillance, motion detection, or closed-circuit television systems to ensure proper installation and operation.",Core,20,08/2025,Occupational Expert
13-1199.07,Security Management Specialists,21498,"Prepare, maintain, or update security procedures, security system drawings, or related documentation.",Core,20,08/2025,Occupational Expert
13-1199.07,Security Management Specialists,21497,Prepare documentation for case reports or court proceedings.,Core,20,08/2025,Occupational Expert
13-1199.07,Security Management Specialists,21487,Develop conceptual designs of security systems.,Core,20,08/2025,Occupational Expert
13-1199.07,Security Management Specialists,21504,Train personnel in security procedures or use of security equipment.,Core,20,08/2025,Occupational Expert
13-1199.07,Security Management Specialists,21502,"Review design drawings or technical documents for completeness, correctness, or appropriateness.",Core,20,08/2025,Occupational Expert
13-1199.07,Security Management Specialists,21499,Provide system design and integration recommendations.,Core,20,08/2025,Occupational Expert
13-1199.07,Security Management Specialists,21494,"Monitor the work of contractors in the design, construction, and startup phases of security systems.",Core,20,08/2025,Occupational Expert
13-1199.07,Security Management Specialists,21483,Budget and schedule security design work.,Core,20,08/2025,Occupational Expert
13-1199.07,Security Management Specialists,21490,"Inspect fire, intruder detection, or other security systems.",Core,20,08/2025,Occupational Expert
13-1199.07,Security Management Specialists,21488,Develop or review specifications for design or construction of security systems.,Core,20,08/2025,Occupational Expert
13-1199.07,Security Management Specialists,21492,"Interview witnesses or suspects to identify persons responsible for security breaches or to establish losses, pursue prosecutions, or obtain restitution.",Core,20,08/2025,Occupational Expert
13-1199.07,Security Management Specialists,21495,Outline system security criteria for pre-bid meetings with clients and companies to ensure comprehensiveness and appropriateness for implementation.,Core,20,08/2025,Occupational Expert
13-1199.07,Security Management Specialists,21493,Monitor tapes or digital recordings to identify the source of losses.,Core,20,08/2025,Occupational Expert
13-1199.07,Security Management Specialists,21489,"Engineer, install, maintain, or repair security systems, programmable logic controls, or other security-related electronic systems.",Supplemental,20,08/2025,Occupational Expert
13-2011.00,Accountants and Auditors,21514,"Prepare, examine, or analyze accounting records, financial statements, or other financial reports to assess accuracy, completeness, and conformance to reporting and procedural standards.",Core,17,08/2026,Occupational Expert
13-2011.00,Accountants and Auditors,21533,Process invoices for payment.,Core,17,08/2026,Occupational Expert
13-2011.00,Accountants and Auditors,21516,Review accounts for discrepancies and reconcile differences.,Core,17,08/2026,Occupational Expert
13-2011.00,Accountants and Auditors,21526,"Compute taxes owed and prepare tax returns, ensuring compliance with payment, reporting, or other tax requirements.",Core,17,08/2026,Occupational Expert
13-2011.00,Accountants and Auditors,21515,Prepare adjusting journal entries.,Core,17,08/2026,Occupational Expert
13-2011.00,Accountants and Auditors,21508,"Inspect account books and accounting systems for efficiency, effectiveness, and use of accepted accounting procedures to record transactions.",Core,17,08/2026,Occupational Expert
13-2011.00,Accountants and Auditors,21505,Prepare detailed reports on audit findings.,Core,17,08/2026,Occupational Expert
13-2011.00,Accountants and Auditors,21532,"Prepare, analyze, or verify annual reports, financial statements, and other records, using accepted accounting and statistical procedures to assess financial condition and facilitate financial planning.",Core,17,08/2026,Occupational Expert
13-2011.00,Accountants and Auditors,21507,"Collect and analyze data to detect deficient controls, duplicated effort, extravagance, fraud, or non-compliance with laws, regulations, and management policies.",Core,17,08/2026,Occupational Expert
13-2011.00,Accountants and Auditors,21534,"Review data about material assets, net worth, liabilities, capital stock, surplus, income, or expenditures.",Core,17,08/2026,Occupational Expert
13-2011.00,Accountants and Auditors,21520,Report to management regarding the finances of establishment.,Core,17,08/2026,Occupational Expert
13-2011.00,Accountants and Auditors,21522,"Evaluate taxpayer finances to determine tax liability, using knowledge of interest and discount rates, annuities, valuation of stocks and bonds, and amortization valuation of depletable assets.",Core,17,08/2026,Occupational Expert
13-2011.00,Accountants and Auditors,21509,"Supervise auditing of establishments, and determine scope of investigation required.",Core,17,08/2026,Occupational Expert
13-2011.00,Accountants and Auditors,21521,"Develop, implement, modify, and document recordkeeping and accounting systems, making use of current computer technology.",Core,17,08/2026,Occupational Expert
13-2011.00,Accountants and Auditors,21510,Confer with company officials about financial and regulatory matters.,Core,17,08/2026,Occupational Expert
13-2011.00,Accountants and Auditors,21525,"Review taxpayer accounts, and conduct audits on-site, by correspondence, or by summoning taxpayer to office.",Core,17,08/2026,Occupational Expert
13-2011.00,Accountants and Auditors,21517,Establish tables of accounts and assign entries to proper accounts.,Core,17,08/2026,Occupational Expert
13-2011.00,Accountants and Auditors,21512,"Inspect cash on hand, notes receivable and payable, negotiable securities, and canceled checks to confirm records are accurate.",Core,17,08/2026,Occupational Expert
13-2011.00,Accountants and Auditors,21511,"Examine and evaluate financial and information systems, recommending controls to ensure system reliability and data integrity.",Core,17,08/2026,Occupational Expert
13-2011.00,Accountants and Auditors,21513,Examine records and interview workers to ensure recording of transactions and compliance with laws and regulations.,Core,17,08/2026,Occupational Expert
13-2011.00,Accountants and Auditors,21519,"Analyze business operations, trends, costs, revenues, financial commitments, and obligations to project future revenues and expenses or to provide advice.",Core,17,08/2026,Occupational Expert
13-2011.00,Accountants and Auditors,21531,"Develop, maintain, or analyze budgets, preparing periodic reports that compare budgeted costs to actual costs.",Core,16,08/2026,Occupational Expert
13-2011.00,Accountants and Auditors,21528,Represent clients before taxing authorities and provide support during litigation involving financial issues.,Core,17,08/2026,Occupational Expert
13-2011.00,Accountants and Auditors,21529,"Direct activities of personnel engaged in filing, recording, compiling, and transmitting financial records.",Core,17,08/2026,Occupational Expert
13-2011.00,Accountants and Auditors,21524,"Audit payroll and personnel records to determine unemployment insurance premiums, workers' compensation coverage, liabilities, and compliance with tax laws.",Core,17,08/2026,Occupational Expert
13-2011.00,Accountants and Auditors,21523,"Examine whether the organization's objectives are reflected in its management activities, and whether employees understand the objectives.",Core,17,08/2026,Occupational Expert
13-2011.00,Accountants and Auditors,21530,Conduct pre-implementation audits to determine if systems and programs under development will work as planned.,Core,17,08/2026,Occupational Expert
13-2011.00,Accountants and Auditors,21527,"Advise clients in areas such as compensation, employee health care benefits, the design of accounting or data processing systems, or long-range tax or estate plans.",Core,17,08/2026,Occupational Expert
13-2011.00,Accountants and Auditors,21518,Examine inventory to verify journal and ledger entries.,Core,17,08/2026,Occupational Expert
13-2011.00,Accountants and Auditors,21506,"Report to management about asset utilization and audit results, and recommend changes in operations and financial activities.",Core,17,08/2026,Occupational Expert
13-2022.00,Appraisers of Personal and Business Property,21548,Write descriptions of the property being appraised.,Core,23,08/2025,Occupational Expert
13-2022.00,Appraisers of Personal and Business Property,21537,"Determine the appropriate type of valuation to make, such as fair market, replacement, or liquidation, based on the needs of the property owner.",Core,23,08/2025,Occupational Expert
13-2022.00,Appraisers of Personal and Business Property,21538,"Document physical characteristics of property such as measurements, quality, and design.",Core,23,08/2025,Occupational Expert
13-2022.00,Appraisers of Personal and Business Property,21535,"Calculate the value of property based on comparisons to recent sales, estimated cost to reproduce, and anticipated property income streams.",Core,23,08/2025,Occupational Expert
13-2022.00,Appraisers of Personal and Business Property,21541,"Locate and record data on sales of comparable property using specialized software, internet searches, or personal records.",Core,23,08/2025,Occupational Expert
13-2022.00,Appraisers of Personal and Business Property,21547,"Write and submit appraisal reports for property, such as jewelry, art, antiques, collectibles, and equipment.",Core,23,08/2025,Occupational Expert
13-2022.00,Appraisers of Personal and Business Property,21540,Inspect personal or business property.,Core,23,08/2025,Occupational Expert
13-2022.00,Appraisers of Personal and Business Property,21536,Create and maintain a database of completed appraisals.,Core,23,08/2025,Occupational Expert
13-2022.00,Appraisers of Personal and Business Property,21543,Take photographs of property.,Core,23,08/2025,Occupational Expert
13-2022.00,Appraisers of Personal and Business Property,21546,Verify that property matches legal descriptions or certifications.,Core,23,08/2025,Occupational Expert
13-2022.00,Appraisers of Personal and Business Property,21545,"Update appraisals when property has been improved, damaged, or has otherwise changed.",Core,23,08/2025,Occupational Expert
13-2022.00,Appraisers of Personal and Business Property,21544,Testify in court as to the value of a piece of tangible property.,Core,23,08/2025,Occupational Expert
13-2022.00,Appraisers of Personal and Business Property,21539,Forecast the value of property.,Core,23,08/2025,Occupational Expert
13-2022.00,Appraisers of Personal and Business Property,21542,Recommend loan amounts based on the value of property being used as collateral.,Supplemental,23,08/2025,Occupational Expert
13-2023.00,Appraisers and Assessors of Real Estate,21549,"Compute final estimation of property values, taking into account such factors as depreciation, replacement costs, value comparisons of similar properties, and income potential.",Core,24,08/2025,Occupational Expert
13-2023.00,Appraisers and Assessors of Real Estate,21550,"Prepare written reports that estimate property values, outline methods by which the estimations were made, and meet appraisal standards.",Core,24,08/2025,Occupational Expert
13-2023.00,Appraisers and Assessors of Real Estate,21569,"Photograph interiors and exteriors of properties to assist in estimating property value, substantiate findings, and complete appraisal reports.",Core,24,08/2025,Occupational Expert
13-2023.00,Appraisers and Assessors of Real Estate,21565,"Search public records for transactions such as sales, leases, and assessments.",Core,23,08/2025,Occupational Expert
13-2023.00,Appraisers and Assessors of Real Estate,21570,Obtain county land values and sales information about nearby properties to aid in establishment of property values.,Core,24,08/2025,Occupational Expert
13-2023.00,Appraisers and Assessors of Real Estate,21564,Maintain familiarity with aspects of local real estate markets.,Core,24,08/2025,Occupational Expert
13-2023.00,Appraisers and Assessors of Real Estate,21556,"Inspect properties, considering factors such as market value, location, and building or replacement costs to determine appraisal value.",Core,24,08/2025,Occupational Expert
13-2023.00,Appraisers and Assessors of Real Estate,21552,Collect and analyze relevant data to identify real estate market trends.,Core,23,08/2025,Occupational Expert
13-2023.00,Appraisers and Assessors of Real Estate,21558,"Review information about transfers of property to ensure its accuracy, checking basic information on buyers, sellers, and sales prices and making corrections as necessary.",Core,24,08/2025,Occupational Expert
13-2023.00,Appraisers and Assessors of Real Estate,21577,"Analyze trends in sales prices, construction costs, and rents, to assess property values or determine the accuracy of assessments.",Core,24,08/2025,Occupational Expert
13-2023.00,Appraisers and Assessors of Real Estate,21551,Inspect new construction and major improvements to existing structures to determine values.,Core,23,08/2025,Occupational Expert
13-2023.00,Appraisers and Assessors of Real Estate,21566,Check building codes and zoning bylaws to determine any effects on the properties being appraised.,Core,23,08/2025,Occupational Expert
13-2023.00,Appraisers and Assessors of Real Estate,21568,"Interview persons familiar with properties and immediate surroundings, such as contractors, home owners, and realtors, to obtain pertinent information.",Core,24,08/2025,Occupational Expert
13-2023.00,Appraisers and Assessors of Real Estate,21567,Verify legal descriptions of properties by comparing them to county records.,Core,24,08/2025,Occupational Expert
13-2023.00,Appraisers and Assessors of Real Estate,21563,"Evaluate land and neighborhoods where properties are situated, considering locations and trends or impending changes that could influence future values.",Core,24,08/2025,Occupational Expert
13-2023.00,Appraisers and Assessors of Real Estate,21571,"Examine the type and location of nearby services, such as shopping centers, schools, parks, and other neighborhood features, to evaluate their impact on property values.",Core,24,08/2025,Occupational Expert
13-2023.00,Appraisers and Assessors of Real Estate,21562,Examine income records and operating costs of income properties.,Core,24,08/2025,Occupational Expert
13-2023.00,Appraisers and Assessors of Real Estate,21572,"Estimate building replacement costs, using building valuation manuals and professional cost estimators.",Core,24,08/2025,Occupational Expert
13-2023.00,Appraisers and Assessors of Real Estate,21573,Draw land diagrams to be used in appraisal reports to support findings.,Core,24,08/2025,Occupational Expert
13-2023.00,Appraisers and Assessors of Real Estate,21560,Conduct regular reviews of property within jurisdictions to determine changes in property due to construction or demolition.,Core,24,08/2025,Occupational Expert
13-2023.00,Appraisers and Assessors of Real Estate,21574,Testify in court as to the value of a piece of real estate property.,Core,23,08/2025,Occupational Expert
13-2023.00,Appraisers and Assessors of Real Estate,21555,Identify the ownership of each piece of taxable property.,Supplemental,24,08/2025,Occupational Expert
13-2023.00,Appraisers and Assessors of Real Estate,21553,"Prepare and maintain current data on each parcel assessed, including maps of boundaries, inventories of land and structures, property characteristics, and any applicable exemptions.",Supplemental,23,08/2025,Occupational Expert
13-2023.00,Appraisers and Assessors of Real Estate,21561,Establish uniform and equitable systems for assessing all classes and kinds of property.,Supplemental,24,08/2025,Occupational Expert
13-2023.00,Appraisers and Assessors of Real Estate,21575,Calculate tax bills for properties by multiplying assessed values by jurisdiction tax rates.,Supplemental,24,08/2025,Occupational Expert
13-2023.00,Appraisers and Assessors of Real Estate,21578,"Determine taxability of properties, using methods such as field inspection, structural measurement, calculation, sales analysis, market trend studies, and income and expense analysis.",Supplemental,24,08/2025,Occupational Expert
13-2023.00,Appraisers and Assessors of Real Estate,21554,Explain assessed values to property owners and defend appealed assessments at public hearings.,Supplemental,24,08/2025,Occupational Expert
13-2023.00,Appraisers and Assessors of Real Estate,21559,Explain real and personal property taxes to property owners.,Supplemental,24,08/2025,Occupational Expert
13-2031.00,Budget Analysts,3394,Analyze monthly department budgeting and accounting reports to maintain expenditure controls.,Core,54,08/2024,Incumbent
13-2031.00,Budget Analysts,3398,"Provide advice and technical assistance with cost analysis, fiscal allocation, and budget preparation.",Core,55,08/2024,Incumbent
13-2031.00,Budget Analysts,3401,Review operating budgets to analyze trends affecting budget needs.,Core,55,08/2024,Incumbent
13-2031.00,Budget Analysts,3405,Compile and analyze accounting records and other data to determine the financial resources required to implement a program.,Core,54,08/2024,Incumbent
13-2031.00,Budget Analysts,3402,"Examine budget estimates for completeness, accuracy, and conformance with procedures and regulations.",Core,55,08/2024,Incumbent
13-2031.00,Budget Analysts,3399,Summarize budgets and submit recommendations for the approval or disapproval of funds requests.,Core,54,08/2024,Incumbent
13-2031.00,Budget Analysts,3396,Consult with managers to ensure that budget adjustments are made in accordance with program changes.,Core,53,08/2024,Incumbent
13-2031.00,Budget Analysts,3395,Direct the preparation of regular and special budget reports.,Core,55,08/2024,Incumbent
13-2031.00,Budget Analysts,3404,Interpret budget directives and establish policies for carrying out directives.,Core,53,08/2024,Incumbent
13-2031.00,Budget Analysts,3403,"Perform cost-benefit analyses to compare operating programs, review financial requests, or explore alternative financing methods.",Core,53,08/2024,Incumbent
13-2031.00,Budget Analysts,3397,"Match appropriations for specific programs with appropriations for broader programs, including items for emergency funds.",Core,55,08/2024,Incumbent
13-2031.00,Budget Analysts,3400,Seek new ways to improve efficiency and increase profits.,Core,55,08/2024,Incumbent
13-2031.00,Budget Analysts,3406,"Testify before examining and fund-granting authorities, clarifying and promoting the proposed budgets.",Supplemental,55,08/2024,Incumbent
13-2041.00,Credit Analysts,1250,Analyze credit data and financial statements to determine the degree of risk involved in extending credit or lending money.,Core,20,08/2020,Occupational Expert
13-2041.00,Credit Analysts,1254,"Complete loan applications, including credit analyses and summaries of loan requests, and submit to loan committees for approval.",Core,20,08/2020,Occupational Expert
13-2041.00,Credit Analysts,1255,"Generate financial ratios, using computer programs, to evaluate customers' financial status.",Core,20,08/2020,Occupational Expert
13-2041.00,Credit Analysts,1251,Prepare reports that include the degree of risk involved in extending credit or lending money.,Core,20,08/2020,Occupational Expert
13-2041.00,Credit Analysts,1259,"Analyze financial data, such as income growth, quality of management, and market share to determine expected profitability of loans.",Core,20,08/2020,Occupational Expert
13-2041.00,Credit Analysts,1257,"Compare liquidity, profitability, and credit histories of establishments being evaluated with those of similar establishments in the same industries and geographic locations.",Core,20,08/2020,Occupational Expert
13-2041.00,Credit Analysts,1258,Consult with customers to resolve complaints and verify financial and credit transactions.,Core,20,08/2020,Occupational Expert
13-2041.00,Credit Analysts,21164,Contact customers to collect payments on delinquent accounts.,Supplemental,20,08/2020,Occupational Expert
13-2041.00,Credit Analysts,1252,"Evaluate customer records and recommend payment plans, based on earnings, savings data, payment history, and purchase activity.",Supplemental,20,08/2020,Occupational Expert
13-2041.00,Credit Analysts,1256,Review individual or commercial customer files to identify and select delinquent accounts for collection.,Supplemental,20,08/2020,Occupational Expert
13-2041.00,Credit Analysts,1253,Confer with credit association and other business representatives to exchange credit information.,Supplemental,20,08/2020,Occupational Expert
13-2051.00,Financial and Investment Analysts,21579,"Advise clients on aspects of capitalization, such as amounts, sources, or timing.",,,11/2020,Analyst
13-2051.00,Financial and Investment Analysts,21580,Analyze financial or operational performance of companies facing financial difficulties to identify or recommend remedies.,,,11/2020,Analyst
13-2051.00,Financial and Investment Analysts,21581,Assess companies as investments for clients by examining company facilities.,,,11/2020,Analyst
13-2051.00,Financial and Investment Analysts,21582,"Collaborate on projects with other professionals, such as lawyers, accountants, or public relations experts.",,,11/2020,Analyst
13-2051.00,Financial and Investment Analysts,21583,Collaborate with investment bankers to attract new corporate clients.,,,11/2020,Analyst
13-2051.00,Financial and Investment Analysts,21584,Conduct financial analyses related to investments in green construction or green retrofitting projects.,,,11/2020,Analyst
13-2051.00,Financial and Investment Analysts,21585,"Confer with clients to restructure debt, refinance debt, or raise new debt.",,,11/2020,Analyst
13-2051.00,Financial and Investment Analysts,21586,Create client presentations of plan details.,,,11/2020,Analyst
13-2051.00,Financial and Investment Analysts,21587,Determine the prices at which securities should be syndicated and offered to the public.,,,11/2020,Analyst
13-2051.00,Financial and Investment Analysts,21588,Develop and maintain client relationships.,,,11/2020,Analyst
13-2051.00,Financial and Investment Analysts,21589,"Draw charts and graphs, using computer spreadsheets, to illustrate technical reports.",,,11/2020,Analyst
13-2051.00,Financial and Investment Analysts,21590,Employ financial models to develop solutions to financial problems or to assess the financial or capital impact of transactions.,,,11/2020,Analyst
13-2051.00,Financial and Investment Analysts,21591,Evaluate and compare the relative quality of various securities in a given industry.,,,11/2020,Analyst
13-2051.00,Financial and Investment Analysts,21592,Evaluate capital needs of clients and assess market conditions to inform structuring of financial packages.,,,11/2020,Analyst
13-2051.00,Financial and Investment Analysts,21593,"Inform investment decisions by analyzing financial information to forecast business, industry, or economic conditions.",,,11/2020,Analyst
13-2051.00,Financial and Investment Analysts,21594,"Interpret data on price, yield, stability, future investment-risk trends, economic influences, and other factors affecting investment programs.",,,11/2020,Analyst
13-2051.00,Financial and Investment Analysts,21595,"Monitor developments in the fields of industrial technology, business, finance, and economic theory.",,,11/2020,Analyst
13-2051.00,Financial and Investment Analysts,21596,"Monitor fundamental economic, industrial, and corporate developments by analyzing information from financial publications and services, investment banking firms, government agencies, trade publications, company sources, or personal interviews.",,,11/2020,Analyst
13-2051.00,Financial and Investment Analysts,21597,Perform securities valuation or pricing.,,,11/2020,Analyst
13-2051.00,Financial and Investment Analysts,21598,Prepare all materials for transactions or execution of deals.,,,11/2020,Analyst
13-2051.00,Financial and Investment Analysts,21599,"Prepare plans of action for investment, using financial analyses.",,,11/2020,Analyst
13-2051.00,Financial and Investment Analysts,21600,"Present oral or written reports on general economic trends, individual corporations, and entire industries.",,,11/2020,Analyst
13-2051.00,Financial and Investment Analysts,21601,Purchase investments for companies in accordance with company policy.,,,11/2020,Analyst
13-2051.00,Financial and Investment Analysts,21602,"Recommend investments and investment timing to companies, investment firm staff, or the public.",,,11/2020,Analyst
13-2051.00,Financial and Investment Analysts,21603,"Specialize in green financial instruments, such as socially responsible mutual funds or exchange-traded funds (ETF) that are comprised of green companies.",,,11/2020,Analyst
13-2051.00,Financial and Investment Analysts,21604,"Supervise, train, or mentor junior team members.",,,11/2020,Analyst
13-2052.00,Personal Financial Advisors,12907,"Interview clients to determine their current income, expenses, insurance coverage, tax status, financial objectives, risk tolerance, or other information needed to develop a financial plan.",Core,26,08/2024,Occupational Expert
13-2052.00,Personal Financial Advisors,12904,Analyze financial information obtained from clients to determine strategies for meeting clients' financial objectives.,Core,26,08/2024,Occupational Expert
13-2052.00,Personal Financial Advisors,12905,Answer clients' questions about the purposes and details of financial plans and strategies.,Core,26,08/2024,Occupational Expert
13-2052.00,Personal Financial Advisors,20183,"Review clients' accounts and plans regularly to determine whether life changes, economic changes, environmental concerns, or financial performance indicate a need for plan reassessment.",Core,26,08/2024,Occupational Expert
13-2052.00,Personal Financial Advisors,20184,"Manage client portfolios, keeping client plans up-to-date.",Core,26,08/2024,Occupational Expert
13-2052.00,Personal Financial Advisors,20182,"Recommend to clients strategies in cash management, insurance coverage, investment planning, or other areas to help them achieve their financial goals.",Core,26,08/2024,Occupational Expert
13-2052.00,Personal Financial Advisors,20189,"Recommend financial products, such as stocks, bonds, mutual funds, or insurance.",Core,26,08/2024,Occupational Expert
13-2052.00,Personal Financial Advisors,12909,"Implement financial planning recommendations, or refer clients to someone who can assist them with plan implementation.",Core,26,08/2024,Occupational Expert
13-2052.00,Personal Financial Advisors,12915,Contact clients periodically to determine any changes in their financial status.,Core,26,08/2024,Occupational Expert
13-2052.00,Personal Financial Advisors,12913,"Prepare or interpret for clients information, such as investment performance reports, financial document summaries, or income projections.",Core,26,08/2024,Occupational Expert
13-2052.00,Personal Financial Advisors,20186,Explain to clients the personal financial advisor's responsibilities and the types of services to be provided.,Core,26,08/2024,Occupational Expert
13-2052.00,Personal Financial Advisors,20187,Investigate available investment opportunities to determine compatibility with client financial plans.,Core,25,08/2024,Occupational Expert
13-2052.00,Personal Financial Advisors,12914,"Guide clients in the gathering of information, such as bank account records, income tax returns, life and disability insurance records, pension plans, or wills.",Core,26,08/2024,Occupational Expert
13-2052.00,Personal Financial Advisors,20188,Monitor financial market trends to ensure that client plans are responsive.,Core,26,08/2024,Occupational Expert
13-2052.00,Personal Financial Advisors,20185,Recruit and maintain client bases.,Core,25,08/2024,Occupational Expert
13-2052.00,Personal Financial Advisors,12916,"Meet with clients' other advisors, such as attorneys, accountants, trust officers, or investment bankers, to fully understand clients' financial goals and circumstances.",Core,26,08/2024,Occupational Expert
13-2052.00,Personal Financial Advisors,12917,Devise debt liquidation plans that include payoff priorities and timelines.,Core,26,08/2024,Occupational Expert
13-2052.00,Personal Financial Advisors,12918,"Open accounts for clients, and disburse funds from accounts to creditors as agent for clients.",Supplemental,26,08/2024,Occupational Expert
13-2052.00,Personal Financial Advisors,19570,"Inform clients about tax benefits, government rebates, or other financial benefits of alternative-fuel vehicle purchases or energy-efficient home construction, improvements, or remodeling.",Supplemental,26,08/2024,Occupational Expert
13-2052.00,Personal Financial Advisors,19571,"Recommend environmentally responsible investments, such as cleantech, alternative energy, or conservation technologies, companies, or funds.",Supplemental,26,08/2024,Occupational Expert
13-2052.00,Personal Financial Advisors,12919,"Conduct seminars or workshops on financial planning topics, such as retirement planning, estate planning, or the evaluation of severance packages.",Supplemental,26,08/2024,Occupational Expert
13-2053.00,Insurance Underwriters,21045,"Examine documents to determine degree of risk from factors such as applicant health, financial standing and value, and condition of property.",Core,30,08/2018,Occupational Expert
13-2053.00,Insurance Underwriters,1261,Decline excessive risks.,Core,30,08/2018,Occupational Expert
13-2053.00,Insurance Underwriters,1262,"Write to field representatives, medical personnel, or others to obtain further information, quote rates, or explain company underwriting policies.",Core,30,08/2018,Occupational Expert
13-2053.00,Insurance Underwriters,1263,Evaluate possibility of losses due to catastrophe or excessive insurance.,Core,30,08/2018,Occupational Expert
13-2053.00,Insurance Underwriters,1265,Review company records to determine amount of insurance in force on single risk or group of closely related risks.,Core,30,08/2018,Occupational Expert
13-2053.00,Insurance Underwriters,1264,"Decrease value of policy when risk is substandard and specify applicable endorsements or apply rating to ensure safe, profitable distribution of risks, using reference materials.",Core,30,08/2018,Occupational Expert
13-2053.00,Insurance Underwriters,1266,Authorize reinsurance of policy when risk is high.,Core,30,08/2018,Occupational Expert
13-2054.00,Financial Risk Specialists,21605,"Analyze areas of potential risk to the assets, earning capacity, or success of organizations.",,,11/2020,Analyst
13-2054.00,Financial Risk Specialists,21606,Analyze new legislation to determine impact on risk exposure.,,,11/2020,Analyst
13-2054.00,Financial Risk Specialists,21607,"Conduct statistical analyses to quantify risk, using statistical analysis software or econometric models.",,,11/2020,Analyst
13-2054.00,Financial Risk Specialists,21608,Confer with traders to identify and communicate risks associated with specific trading strategies or positions.,,,11/2020,Analyst
13-2054.00,Financial Risk Specialists,21609,Consult financial literature to ensure use of the latest models or statistical techniques.,,,11/2020,Analyst
13-2054.00,Financial Risk Specialists,21610,Contribute to development of risk management systems.,,,11/2020,Analyst
13-2054.00,Financial Risk Specialists,21611,Determine potential environmental impacts of new products or processes on long-term growth and profitability.,,,11/2020,Analyst
13-2054.00,Financial Risk Specialists,21612,Develop contingency plans to deal with emergencies.,,,11/2020,Analyst
13-2054.00,Financial Risk Specialists,21613,Develop or implement risk-assessment models or methodologies.,,,11/2020,Analyst
13-2054.00,Financial Risk Specialists,21614,Devise scenario analyses reflecting possible severe market events.,,,11/2020,Analyst
13-2054.00,Financial Risk Specialists,21615,Devise systems or processes to monitor validity of risk assessments.,,,11/2020,Analyst
13-2054.00,Financial Risk Specialists,21616,"Document, and ensure communication of, key risks.",,,11/2020,Analyst
13-2054.00,Financial Risk Specialists,21617,"Draw charts and graphs, using computer spreadsheets, to illustrate technical reports.",,,11/2020,Analyst
13-2054.00,Financial Risk Specialists,21618,Evaluate and compare the relative quality of various securities in a given industry.,,,11/2020,Analyst
13-2054.00,Financial Risk Specialists,21619,Evaluate the risks and benefits involved in implementing green building technologies.,,,11/2020,Analyst
13-2054.00,Financial Risk Specialists,21620,"Evaluate the risks related to green investments, such as renewable energy company stocks.",,,11/2020,Analyst
13-2054.00,Financial Risk Specialists,21621,Gather risk-related data from internal or external resources.,,,11/2020,Analyst
13-2054.00,Financial Risk Specialists,21622,"Identify key risks and mitigating factors of potential investments, such as asset types and values, legal and ownership structures, professional reputations, customer bases, or industry segments.",,,11/2020,Analyst
13-2054.00,Financial Risk Specialists,21623,"Inform financial decisions by analyzing financial information to forecast business, industry, or economic conditions.",,,11/2020,Analyst
13-2054.00,Financial Risk Specialists,21624,"Interpret data on price, yield, stability, future investment-risk trends, economic influences, and other factors affecting investment programs.",,,11/2020,Analyst
13-2054.00,Financial Risk Specialists,21625,Maintain input or data quality of risk management systems.,,,11/2020,Analyst
13-2054.00,Financial Risk Specialists,21626,"Meet with clients to answer queries on subjects such as risk exposure, market scenarios, or values-at-risk calculations.",,,11/2020,Analyst
13-2054.00,Financial Risk Specialists,21627,"Monitor developments in the fields of industrial technology, business, finance, and economic theory.",,,11/2020,Analyst
13-2054.00,Financial Risk Specialists,21628,"Prepare plans of action for investment, using financial analyses.",,,11/2020,Analyst
13-2054.00,Financial Risk Specialists,21629,"Produce reports or presentations that outline findings, explain risk positions, or recommend changes.",,,11/2020,Analyst
13-2054.00,Financial Risk Specialists,21630,Provide statistical modeling advice to other departments.,,,11/2020,Analyst
13-2054.00,Financial Risk Specialists,21631,"Recommend investments and investment timing to companies, investment firm staff, or the public.",,,11/2020,Analyst
13-2054.00,Financial Risk Specialists,21632,Recommend ways to control or reduce risk.,,,11/2020,Analyst
13-2054.00,Financial Risk Specialists,21633,Review or draft risk disclosures for offer documents.,,,11/2020,Analyst
13-2054.00,Financial Risk Specialists,21634,"Track, measure, or report on aspects of market risk for traded issues.",,,11/2020,Analyst
13-2061.00,Financial Examiners,7324,"Direct and participate in formal and informal meetings with bank directors, trustees, senior management, counsels, outside accountants, and consultants to gather information and discuss findings.",Core,23,08/2020,Occupational Expert
13-2061.00,Financial Examiners,7317,"Recommend actions to ensure compliance with laws and regulations, or to protect solvency of institutions.",Core,23,08/2020,Occupational Expert
13-2061.00,Financial Examiners,7319,"Prepare reports, exhibits, and other supporting schedules that detail an institution's safety and soundness, compliance with laws and regulations, and recommended solutions to questionable financial conditions.",Core,23,08/2020,Occupational Expert
13-2061.00,Financial Examiners,7327,"Resolve problems concerning the overall financial integrity of banking institutions including loan investment portfolios, capital, earnings, and specific or large troubled accounts.",Core,23,08/2020,Occupational Expert
13-2061.00,Financial Examiners,7314,Investigate activities of institutions to enforce laws and regulations and to ensure legality of transactions and operations or financial solvency.,Core,23,08/2020,Occupational Expert
13-2061.00,Financial Examiners,7320,"Review balance sheets, operating income and expense accounts, and loan documentation to confirm institution assets and liabilities.",Core,23,08/2020,Occupational Expert
13-2061.00,Financial Examiners,7316,"Plan, supervise, and review work of assigned subordinates.",Core,23,08/2020,Occupational Expert
13-2061.00,Financial Examiners,7321,Review audit reports of internal and external auditors to monitor adequacy of scope of reports or to discover specific weaknesses in internal routines.,Core,23,08/2020,Occupational Expert
13-2061.00,Financial Examiners,7318,"Examine the minutes of meetings of directors, stockholders, and committees to investigate the specific authority extended at various levels of management.",Core,23,08/2020,Occupational Expert
13-2061.00,Financial Examiners,7322,Train other examiners in the financial examination process.,Core,23,08/2020,Occupational Expert
13-2061.00,Financial Examiners,7323,Establish guidelines for procedures and policies that comply with new and revised regulations and direct their implementation.,Core,23,08/2020,Occupational Expert
13-2061.00,Financial Examiners,7315,"Review and analyze new, proposed, or revised laws, regulations, policies, and procedures to interpret their meaning and determine their impact.",Core,23,08/2020,Occupational Expert
13-2061.00,Financial Examiners,20190,Provide regulatory compliance training to employees.,Core,23,08/2020,Occupational Expert
13-2061.00,Financial Examiners,7328,Evaluate data processing applications for institutions under examination to develop recommendations for coordinating existing systems with examination procedures.,Core,23,08/2020,Occupational Expert
13-2061.00,Financial Examiners,7326,"Review applications for mergers, acquisitions, establishment of new institutions, acceptance in Federal Reserve System, or registration of securities sales to determine their public interest value and conformance to regulations, and recommend acceptance or rejection.",Core,23,08/2020,Occupational Expert
13-2061.00,Financial Examiners,7325,"Verify and inspect cash reserves, assigned collateral, and bank-owned securities to check internal control procedures.",Core,23,08/2020,Occupational Expert
13-2061.00,Financial Examiners,7329,"Confer with officials of real estate, securities, or financial institution industries to exchange views and discuss issues or pending cases.",Supplemental,23,08/2020,Occupational Expert
13-2071.00,Credit Counselors,18936,"Create debt management plans, spending plans, or budgets to assist clients to meet financial goals.",Core,21,08/2026,Occupational Expert
13-2071.00,Credit Counselors,18934,"Assess clients' overall financial situations by reviewing income, assets, debts, expenses, credit reports, or other financial information.",Core,21,08/2026,Occupational Expert
13-2071.00,Credit Counselors,18935,Calculate clients' available monthly income to meet debt obligations.,Core,21,08/2026,Occupational Expert
13-2071.00,Credit Counselors,18945,"Recommend strategies for clients to meet their financial goals, such as borrowing money through loans or loan programs, declaring bankruptcy, making budget adjustments, or enrolling in debt management plans.",Core,21,08/2026,Occupational Expert
13-2071.00,Credit Counselors,18933,"Advise clients or respond to inquiries about financial matters in person or via phone, email, Web site, or Internet chat.",Core,20,08/2026,Occupational Expert
13-2071.00,Credit Counselors,18952,"Explain general financial topics to clients, such as credit report ratings, bankruptcy laws, consumer protection laws, wage attachments, or collection actions.",Core,21,08/2026,Occupational Expert
13-2071.00,Credit Counselors,18939,Interview clients by telephone or in person to gather financial information.,Core,21,08/2026,Occupational Expert
13-2071.00,Credit Counselors,18940,"Maintain or update records of client account activity, including financial transactions, counseling session notes, correspondence, document images, or client inquiries.",Core,21,08/2026,Occupational Expert
13-2071.00,Credit Counselors,18937,"Estimate time for debt repayment, given amount of debt, interest rates, and available funds.",Core,21,08/2026,Occupational Expert
13-2071.00,Credit Counselors,18943,"Prioritize client debt repayment to avoid dire consequences, such as bankruptcy or foreclosure or to reduce overall costs, such as by paying high-interest or short-term loans first.",Core,21,08/2026,Occupational Expert
13-2071.00,Credit Counselors,18944,"Recommend educational materials or resources to clients on matters, such as financial planning, budgeting, or credit.",Core,21,08/2026,Occupational Expert
13-2071.00,Credit Counselors,18947,"Review changes to financial, family, or employment situations to determine whether changes to existing debt management plans, spending plans, or budgets are needed.",Core,20,08/2026,Occupational Expert
13-2071.00,Credit Counselors,18942,Prepare written documents to establish contracts with or communicate financial recommendations to clients.,Core,21,08/2026,Occupational Expert
13-2071.00,Credit Counselors,18938,"Explain services or policies to clients, such as debt management program rules, advantages and disadvantages of using services, or creditor concession policies.",Core,21,08/2026,Occupational Expert
13-2071.00,Credit Counselors,18955,"Teach courses or seminars on topics, such as budgeting, management of personal finances, or financial literacy.",Core,21,08/2026,Occupational Expert
13-2071.00,Credit Counselors,18948,"Advise clients on housing matters, such as housing rental, homeownership, mortgage delinquency, or foreclosure prevention.",Core,21,08/2026,Occupational Expert
13-2071.00,Credit Counselors,18946,Refer clients to social service or community resources for needs beyond those of credit or debt counseling.,Core,21,08/2026,Occupational Expert
13-2071.00,Credit Counselors,18953,"Explain loan information to clients, such as available loan types, eligibility requirements, or loan restrictions.",Core,21,08/2026,Occupational Expert
13-2071.00,Credit Counselors,18950,Create action plans to assist clients in obtaining permanent housing via rent or mortgage programs.,Core,21,08/2026,Occupational Expert
13-2071.00,Credit Counselors,18941,"Negotiate with creditors on behalf of clients to arrange for payment adjustments, interest rate reductions, time extensions, or payment plans.",Supplemental,21,08/2026,Occupational Expert
13-2071.00,Credit Counselors,18949,Conduct research to help clients avoid repossessions or foreclosures or remove levies or wage garnishments.,Supplemental,21,08/2026,Occupational Expert
13-2071.00,Credit Counselors,18951,Disburse funds from client accounts to creditors.,Supplemental,21,08/2026,Occupational Expert
13-2071.00,Credit Counselors,18954,"Investigate missing checks, payment histories, held funds, returned checks, or other related issues to resolve client or creditor problems.",Supplemental,21,08/2026,Occupational Expert
13-2072.00,Loan Officers,3408,Meet with applicants to obtain information for loan applications and to answer questions about the process.,Core,63,08/2020,Incumbent
13-2072.00,Loan Officers,3409,"Analyze applicants' financial status, credit, and property evaluations to determine feasibility of granting loans.",Core,62,08/2020,Incumbent
13-2072.00,Loan Officers,3407,"Approve loans within specified limits, and refer loan applications outside those limits to management for approval.",Core,63,08/2020,Incumbent
13-2072.00,Loan Officers,3410,"Explain to customers the different types of loans and credit options that are available, as well as the terms of those services.",Core,63,08/2020,Incumbent
13-2072.00,Loan Officers,3416,Submit applications to credit analysts for verification and recommendation.,Core,63,08/2020,Incumbent
13-2072.00,Loan Officers,3413,Review loan agreements to ensure that they are complete and accurate according to policy.,Core,63,08/2020,Incumbent
13-2072.00,Loan Officers,3412,Review and update credit and loan files.,Core,63,08/2020,Incumbent
13-2072.00,Loan Officers,3411,"Obtain and compile copies of loan applicants' credit histories, corporate financial statements, and other financial information.",Core,63,08/2020,Incumbent
13-2072.00,Loan Officers,3418,Work with clients to identify their financial goals and to find ways of reaching those goals.,Core,62,08/2020,Incumbent
13-2072.00,Loan Officers,3417,Handle customer complaints and take appropriate action to resolve them.,Core,62,08/2020,Incumbent
13-2072.00,Loan Officers,3415,Stay abreast of new types of loans and other financial services and products to better meet customers' needs.,Core,63,08/2020,Incumbent
13-2072.00,Loan Officers,3421,"Market bank products to individuals and firms, promoting bank services that may meet customers' needs.",Core,63,08/2020,Incumbent
13-2072.00,Loan Officers,3425,Analyze potential loan markets and develop referral networks to locate prospects for loans.,Core,63,08/2020,Incumbent
13-2072.00,Loan Officers,3414,Compute payment schedules.,Core,63,08/2020,Incumbent
13-2072.00,Loan Officers,3422,Supervise loan personnel.,Supplemental,62,08/2020,Incumbent
13-2072.00,Loan Officers,3426,"Prepare reports to send to customers whose accounts are delinquent, and forward irreconcilable accounts for collector action.",Supplemental,63,08/2020,Incumbent
13-2072.00,Loan Officers,3423,"Set credit policies, credit lines, procedures and standards in conjunction with senior managers.",Supplemental,62,08/2020,Incumbent
13-2072.00,Loan Officers,21635,Assist in selection of financial award candidates using electronic databases to certify loan eligibility.,,,11/2020,Analyst
13-2072.00,Loan Officers,21636,Authorize or sign mail collection letters.,,,11/2020,Analyst
13-2072.00,Loan Officers,21637,Calculate amount of debt and funds available to plan methods of payoff and to estimate time for debt liquidation.,,,11/2020,Analyst
13-2072.00,Loan Officers,21638,Confer with underwriters to resolve mortgage application problems.,,,11/2020,Analyst
13-2072.00,Loan Officers,21639,Contact applicants or creditors to resolve questions about applications or to assist with completion of paperwork.,,,11/2020,Analyst
13-2072.00,Loan Officers,21640,Contact borrowers with delinquent accounts to obtain payment in full or to negotiate repayment plans.,,,11/2020,Analyst
13-2072.00,Loan Officers,21641,"Counsel clients on personal and family financial problems, such as excessive spending or borrowing of funds.",,,11/2020,Analyst
13-2072.00,Loan Officers,21642,Establish payment priorities according to credit terms and interest rates to reduce clients' overall costs.,,,11/2020,Analyst
13-2072.00,Loan Officers,21643,Inform individuals and groups about the financial assistance available to college or university students.,,,11/2020,Analyst
13-2072.00,Loan Officers,21644,"Maintain and review account records, updating and recategorizing them according to status changes.",,,11/2020,Analyst
13-2072.00,Loan Officers,21645,Match individuals' needs and eligibility with available financial aid programs to provide informed recommendations.,,,11/2020,Analyst
13-2072.00,Loan Officers,21646,Review accounts to determine write-offs for collection agencies.,,,11/2020,Analyst
13-2072.00,Loan Officers,21647,Review billing for accuracy.,,,11/2020,Analyst
13-2081.00,"Tax Examiners and Collectors, and Revenue Agents",5293,Send notices to taxpayers when accounts are delinquent.,Core,59,08/2022,Incumbent
13-2081.00,"Tax Examiners and Collectors, and Revenue Agents",5291,"Confer with taxpayers or their representatives to discuss the issues, laws, and regulations involved in returns, and to resolve problems with returns.",Core,60,08/2022,Incumbent
13-2081.00,"Tax Examiners and Collectors, and Revenue Agents",5294,"Notify taxpayers of any overpayment or underpayment, and either issue a refund or request further payment.",Core,58,08/2022,Incumbent
13-2081.00,"Tax Examiners and Collectors, and Revenue Agents",5290,"Maintain records for each case, including contacts, telephone numbers, and actions taken.",Core,59,08/2022,Incumbent
13-2081.00,"Tax Examiners and Collectors, and Revenue Agents",5292,Contact taxpayers by mail or telephone to address discrepancies and to request supporting documentation.,Core,61,08/2022,Incumbent
13-2081.00,"Tax Examiners and Collectors, and Revenue Agents",20016,Answer questions from taxpayers and assist them in completing tax forms.,Core,60,08/2022,Incumbent
13-2081.00,"Tax Examiners and Collectors, and Revenue Agents",5288,Collect taxes from individuals or businesses according to prescribed laws and regulations.,Supplemental,61,08/2022,Incumbent
13-2081.00,"Tax Examiners and Collectors, and Revenue Agents",5305,"Determine appropriate methods of debt settlement, such as offers of compromise, wage garnishment, or seizure and sale of property.",Supplemental,61,08/2022,Incumbent
13-2081.00,"Tax Examiners and Collectors, and Revenue Agents",5302,"Check tax forms to verify that names and taxpayer identification numbers are correct, that computations have been performed correctly, or that amounts match those on supporting documentation.",Supplemental,59,08/2022,Incumbent
13-2081.00,"Tax Examiners and Collectors, and Revenue Agents",5303,Examine and analyze tax assets and liabilities to determine resolution of delinquent tax problems.,Supplemental,61,08/2022,Incumbent
13-2081.00,"Tax Examiners and Collectors, and Revenue Agents",5301,Impose payment deadlines on delinquent taxpayers and monitor payments to ensure that deadlines are met.,Supplemental,60,08/2022,Incumbent
13-2081.00,"Tax Examiners and Collectors, and Revenue Agents",5308,"Direct service of legal documents, such as subpoenas, warrants, notices of assessment, and garnishments.",Supplemental,61,08/2022,Incumbent
13-2081.00,"Tax Examiners and Collectors, and Revenue Agents",5296,Review filed tax returns to determine whether claimed tax credits and deductions are allowed by law.,Supplemental,61,08/2022,Incumbent
13-2081.00,"Tax Examiners and Collectors, and Revenue Agents",5289,"Maintain knowledge of tax code changes, and of accounting procedures and theory to properly evaluate financial information.",Supplemental,60,08/2022,Incumbent
13-2081.00,"Tax Examiners and Collectors, and Revenue Agents",5310,"Investigate claims of inability to pay taxes by researching court information for the status of liens, mortgages, or financial statements, or by locating assets through third parties.",Supplemental,59,08/2022,Incumbent
13-2081.00,"Tax Examiners and Collectors, and Revenue Agents",5297,Review selected tax returns to determine the nature and extent of audits to be performed on them.,Supplemental,61,08/2022,Incumbent
13-2081.00,"Tax Examiners and Collectors, and Revenue Agents",5299,Examine accounting systems and records to determine whether accounting methods used were appropriate and in compliance with statutory provisions.,Supplemental,60,08/2022,Incumbent
13-2081.00,"Tax Examiners and Collectors, and Revenue Agents",5312,Participate in informal appeals hearings on contested cases from other agents.,Supplemental,60,08/2022,Incumbent
13-2081.00,"Tax Examiners and Collectors, and Revenue Agents",5307,Prepare briefs and assist in searching and seizing records to prepare charges and documentation for court cases.,Supplemental,60,08/2022,Incumbent
13-2081.00,"Tax Examiners and Collectors, and Revenue Agents",5298,Enter tax return information into computers for processing.,Supplemental,61,08/2022,Incumbent
13-2081.00,"Tax Examiners and Collectors, and Revenue Agents",5306,Secure a taxpayer's agreement to discharge a tax assessment or submit contested determinations to other administrative or judicial conferees for appeals hearings.,Supplemental,58,08/2022,Incumbent
13-2082.00,Tax Preparers,7358,"Compute taxes owed or overpaid, using adding machines or personal computers, and complete entries on forms, following tax form instructions and tax tables.",Core,21,08/2025,Occupational Expert
13-2082.00,Tax Preparers,7360,"Use all appropriate adjustments, deductions, and credits to keep clients' taxes to a minimum.",Core,21,08/2025,Occupational Expert
13-2082.00,Tax Preparers,7363,Furnish taxpayers with sufficient information and advice to ensure correct tax form completion.,Core,21,08/2025,Occupational Expert
13-2082.00,Tax Preparers,7361,Interview clients to obtain additional information on taxable income and deductible expenses and allowances.,Core,21,08/2025,Occupational Expert
13-2082.00,Tax Preparers,7359,Prepare or assist in preparing simple to complex tax returns for individuals or small businesses.,Core,20,08/2025,Occupational Expert
13-2082.00,Tax Preparers,7362,"Review financial records, such as income statements and documentation of expenditures to determine forms needed to prepare tax returns.",Core,20,08/2025,Occupational Expert
13-2082.00,Tax Preparers,7366,"Check data input or verify totals on forms prepared by others to detect errors in arithmetic, data entry, or procedures.",Core,21,08/2025,Occupational Expert
13-2082.00,Tax Preparers,20364,Explain federal and state tax laws to individuals and companies.,Core,20,08/2025,Occupational Expert
13-2082.00,Tax Preparers,20363,Answer questions and provide future tax planning to clients.,Core,20,08/2025,Occupational Expert
13-2082.00,Tax Preparers,7364,Consult tax law handbooks or bulletins to determine procedures for preparation of atypical returns.,Core,20,08/2025,Occupational Expert
13-2082.00,Tax Preparers,7365,Calculate form preparation fees according to return complexity and processing time required.,Core,21,08/2025,Occupational Expert
13-2082.00,Tax Preparers,21165,Schedule appointments with clients.,Core,21,08/2025,Occupational Expert
13-2099.01,Financial Quantitative Analysts,15997,"Apply mathematical or statistical techniques to address practical issues in finance, such as derivative valuation, securities trading, risk management, or financial market regulation.",Core,20,08/2023,Occupational Expert
13-2099.01,Financial Quantitative Analysts,15995,"Research or develop analytical tools to address issues such as portfolio construction or optimization, performance measurement, attribution, profit and loss measurement, or pricing models.",Core,20,08/2023,Occupational Expert
13-2099.01,Financial Quantitative Analysts,15989,Interpret results of financial analysis procedures.,Core,20,08/2023,Occupational Expert
13-2099.01,Financial Quantitative Analysts,15990,"Develop core analytical capabilities or model libraries, using advanced statistical, quantitative, or econometric techniques.",Core,20,08/2023,Occupational Expert
13-2099.01,Financial Quantitative Analysts,15991,Define or recommend model specifications or data collection methods.,Core,20,08/2023,Occupational Expert
13-2099.01,Financial Quantitative Analysts,15988,Produce written summary reports of financial research results.,Core,20,08/2023,Occupational Expert
13-2099.01,Financial Quantitative Analysts,15987,Maintain or modify all financial analytic models in use.,Core,20,08/2023,Occupational Expert
13-2099.01,Financial Quantitative Analysts,15983,Provide application or analytical support to researchers or traders on issues such as valuations or data.,Core,20,08/2023,Occupational Expert
13-2099.01,Financial Quantitative Analysts,15996,Devise or apply independent models or tools to help verify results of analytical systems.,Core,20,08/2023,Occupational Expert
13-2099.01,Financial Quantitative Analysts,15985,"Collaborate in the development or testing of new analytical software to ensure compliance with user requirements, specifications, or scope.",Core,20,08/2023,Occupational Expert
13-2099.01,Financial Quantitative Analysts,15993,"Confer with other financial engineers or analysts on trading strategies, market dynamics, or trading system performance to inform development of quantitative techniques.",Core,20,08/2023,Occupational Expert
13-2099.01,Financial Quantitative Analysts,15992,Consult traders or other financial industry personnel to determine the need for new or improved analytical applications.,Core,20,08/2023,Occupational Expert
13-2099.01,Financial Quantitative Analysts,15986,Research new financial products or analytics to determine their usefulness.,Core,20,08/2023,Occupational Expert
13-2099.01,Financial Quantitative Analysts,15984,"Identify, track, or maintain metrics for trading system operations.",Supplemental,20,08/2023,Occupational Expert
13-2099.01,Financial Quantitative Analysts,19574,"Develop methods of assessing or measuring corporate performance in terms of environmental, social, and governance (ESG) issues.",Supplemental,20,08/2023,Occupational Expert
13-2099.01,Financial Quantitative Analysts,15994,"Collaborate with product development teams to research, model, validate, or implement quantitative structured solutions for new or expanded markets.",Supplemental,20,08/2023,Occupational Expert
13-2099.01,Financial Quantitative Analysts,15982,Prepare requirements documentation for use by software developers.,Supplemental,20,08/2023,Occupational Expert
13-2099.01,Financial Quantitative Analysts,19575,Develop solutions to help clients hedge carbon exposure or risk.,Supplemental,20,08/2023,Occupational Expert
13-2099.01,Financial Quantitative Analysts,19576,"Develop tools to assess green technologies or green financial products, such as green hedge funds or social responsibility investment funds.",Supplemental,20,08/2023,Occupational Expert
13-2099.01,Financial Quantitative Analysts,19573,"Assess the potential impact of climate change on business financial issues, such as damage repairs, insurance costs, or potential disruptions of daily activities.",Supplemental,20,08/2023,Occupational Expert
13-2099.01,Financial Quantitative Analysts,19572,Analyze pricing or risks of carbon trading products.,Supplemental,20,08/2023,Occupational Expert
13-2099.04,"Fraud Examiners, Investigators and Analysts",16053,Document all investigative activities.,Core,24,08/2026,Occupational Expert
13-2099.04,"Fraud Examiners, Investigators and Analysts",16054,"Create and maintain logs, records, or databases of information about fraudulent activity.",Core,24,08/2026,Occupational Expert
13-2099.04,"Fraud Examiners, Investigators and Analysts",16046,Prepare written reports of investigation findings.,Core,24,08/2026,Occupational Expert
13-2099.04,"Fraud Examiners, Investigators and Analysts",16049,Interview witnesses or suspects and take statements.,Core,24,08/2026,Occupational Expert
13-2099.04,"Fraud Examiners, Investigators and Analysts",16051,Gather financial documents related to investigations.,Core,24,08/2026,Occupational Expert
13-2099.04,"Fraud Examiners, Investigators and Analysts",16057,"Analyze financial data to detect irregularities in areas such as billing trends, financial relationships, and regulatory compliance procedures.",Core,24,08/2026,Occupational Expert
13-2099.04,"Fraud Examiners, Investigators and Analysts",16045,Review reports of suspected fraud to determine need for further investigation.,Core,24,08/2026,Occupational Expert
13-2099.04,"Fraud Examiners, Investigators and Analysts",16047,Recommend actions in fraud cases.,Core,24,08/2026,Occupational Expert
13-2099.04,"Fraud Examiners, Investigators and Analysts",16048,"Lead, or participate in, fraud investigation teams.",Core,24,08/2026,Occupational Expert
13-2099.04,"Fraud Examiners, Investigators and Analysts",16055,Coordinate investigative efforts with law enforcement officers and attorneys.,Core,24,08/2026,Occupational Expert
13-2099.04,"Fraud Examiners, Investigators and Analysts",16038,Prepare evidence for presentation in court.,Core,24,08/2026,Occupational Expert
13-2099.04,"Fraud Examiners, Investigators and Analysts",16050,"Design, implement, or maintain fraud detection tools or procedures.",Core,24,08/2026,Occupational Expert
13-2099.04,"Fraud Examiners, Investigators and Analysts",16043,Testify in court regarding investigation findings.,Core,24,08/2026,Occupational Expert
13-2099.04,"Fraud Examiners, Investigators and Analysts",16056,"Conduct in-depth investigations of suspicious financial activity, such as suspected money-laundering efforts.",Core,24,08/2026,Occupational Expert
13-2099.04,"Fraud Examiners, Investigators and Analysts",16036,Train others in fraud detection and prevention techniques.,Core,24,08/2026,Occupational Expert
13-2099.04,"Fraud Examiners, Investigators and Analysts",16035,Maintain knowledge of current events and trends in such areas as money laundering and criminal tools and techniques.,Core,24,08/2026,Occupational Expert
13-2099.04,"Fraud Examiners, Investigators and Analysts",16052,Evaluate business operations to identify risk areas for fraud.,Core,24,08/2026,Occupational Expert
13-2099.04,"Fraud Examiners, Investigators and Analysts",16044,Advise businesses or agencies on ways to improve fraud detection.,Core,24,08/2026,Occupational Expert
13-2099.04,"Fraud Examiners, Investigators and Analysts",16037,Research or evaluate new technologies for use in fraud detection systems.,Core,24,08/2026,Occupational Expert
13-2099.04,"Fraud Examiners, Investigators and Analysts",16041,Conduct field surveillance to gather case-related information.,Core,24,08/2026,Occupational Expert
13-2099.04,"Fraud Examiners, Investigators and Analysts",16039,Obtain and serve subpoenas.,Supplemental,24,08/2026,Occupational Expert
13-2099.04,"Fraud Examiners, Investigators and Analysts",16042,Arrest individuals to be charged with fraud.,Supplemental,24,08/2026,Occupational Expert
13-2099.04,"Fraud Examiners, Investigators and Analysts",16040,Negotiate with responsible parties to arrange for recovery of losses due to fraud.,Supplemental,24,08/2026,Occupational Expert
15-1211.00,Computer Systems Analysts,20950,Troubleshoot program and system malfunctions to restore normal functioning.,Core,65,08/2023,Incumbent
15-1211.00,Computer Systems Analysts,3464,"Provide staff and users with assistance solving computer-related problems, such as malfunctions and program problems.",Core,65,08/2023,Incumbent
15-1211.00,Computer Systems Analysts,3465,"Test, maintain, and monitor computer programs and systems, including coordinating the installation of computer programs and systems.",Core,65,08/2023,Incumbent
15-1211.00,Computer Systems Analysts,3482,"Use the computer in the analysis and solution of business problems, such as development of integrated production and inventory control and cost analysis systems.",Core,65,08/2023,Incumbent
15-1211.00,Computer Systems Analysts,3468,Coordinate and link the computer systems within an organization to increase compatibility so that information can be shared.,Core,65,08/2023,Incumbent
15-1211.00,Computer Systems Analysts,3466,"Use object-oriented programming languages, as well as client and server applications development processes and multimedia and Internet technology.",Core,64,08/2023,Incumbent
15-1211.00,Computer Systems Analysts,3474,"Analyze information processing or computation needs and plan and design computer systems, using techniques such as structured analysis, data modeling, and information engineering.",Core,65,08/2023,Incumbent
15-1211.00,Computer Systems Analysts,3469,Consult with management to ensure agreement on system principles.,Core,65,08/2023,Incumbent
15-1211.00,Computer Systems Analysts,3484,Specify inputs accessed by the system and plan the distribution and use of the results.,Core,65,08/2023,Incumbent
15-1211.00,Computer Systems Analysts,3470,Expand or modify system to serve new purposes or improve work flow.,Core,65,08/2023,Incumbent
15-1211.00,Computer Systems Analysts,3473,Train staff and users to work with computer systems and programs.,Core,65,08/2023,Incumbent
15-1211.00,Computer Systems Analysts,3475,Assess the usefulness of pre-developed application packages and adapt them to a user environment.,Core,64,08/2023,Incumbent
15-1211.00,Computer Systems Analysts,3472,Determine computer software or hardware needed to set up or alter systems.,Core,65,08/2023,Incumbent
15-1211.00,Computer Systems Analysts,3480,"Read manuals, periodicals, and technical reports to learn how to develop programs that meet staff and user requirements.",Core,65,08/2023,Incumbent
15-1211.00,Computer Systems Analysts,3477,"Develop, document, and revise system design procedures, test procedures, and quality standards.",Core,65,08/2023,Incumbent
15-1211.00,Computer Systems Analysts,3479,Recommend new equipment or software packages.,Core,65,08/2023,Incumbent
15-1211.00,Computer Systems Analysts,3476,Define the goals of the system and devise flow charts and diagrams describing logical operational steps of programs.,Core,65,08/2023,Incumbent
15-1211.00,Computer Systems Analysts,3467,Confer with clients regarding the nature of the information processing or computation needs a computer program is to address.,Core,65,08/2023,Incumbent
15-1211.00,Computer Systems Analysts,3478,"Review and analyze computer printouts and performance indicators to locate code problems, and correct errors by correcting codes.",Supplemental,65,08/2023,Incumbent
15-1211.00,Computer Systems Analysts,3471,"Interview or survey workers, observe job performance, or perform the job to determine what information is processed and how it is processed.",Supplemental,65,08/2023,Incumbent
15-1211.00,Computer Systems Analysts,3481,Supervise computer programmers or other systems analysts or serve as project leaders for particular systems projects.,Supplemental,65,08/2023,Incumbent
15-1211.00,Computer Systems Analysts,3483,Prepare cost-benefit and return-on-investment analyses to aid in decisions on system implementation.,Supplemental,65,08/2023,Incumbent
15-1211.01,Health Informatics Specialists,18090,"Translate nursing practice information between nurses and systems engineers, analysts, or designers, using object-oriented models or other techniques.",Core,21,08/2024,Occupational Expert
15-1211.01,Health Informatics Specialists,18092,Use informatics science to design or implement health information technology applications for resolution of clinical or health care administrative problems.,Core,21,08/2024,Occupational Expert
15-1211.01,Health Informatics Specialists,18097,"Develop or implement policies or practices to ensure the privacy, confidentiality, or security of patient information.",Core,21,08/2024,Occupational Expert
15-1211.01,Health Informatics Specialists,18094,"Analyze and interpret patient, nursing, or information systems data to improve nursing services.",Core,21,08/2024,Occupational Expert
15-1211.01,Health Informatics Specialists,18101,"Identify, collect, record, or analyze data relevant to the nursing care of patients.",Core,21,08/2024,Occupational Expert
15-1211.01,Health Informatics Specialists,18096,"Apply knowledge of computer science, information science, nursing, and informatics theory to nursing practice, education, administration, or research, in collaboration with other health informatics specialists.",Core,21,08/2024,Occupational Expert
15-1211.01,Health Informatics Specialists,18093,"Develop, implement, or evaluate health information technology applications, tools, processes, or structures to assist nurses with data management.",Core,21,08/2024,Occupational Expert
15-1211.01,Health Informatics Specialists,18088,"Design, develop, select, test, implement, and evaluate new or modified informatics solutions, data structures, and decision-support mechanisms to support patients, health care professionals, and their information management and human-computer and human-technology interactions within health care contexts.",Core,21,08/2024,Occupational Expert
15-1211.01,Health Informatics Specialists,18089,"Disseminate information about nursing informatics science and practice to the profession, other health care professions, nursing students, and the public.",Core,21,08/2024,Occupational Expert
15-1211.01,Health Informatics Specialists,18095,"Analyze computer and information technologies to determine applicability to nursing practice, education, administration, and research.",Core,21,08/2024,Occupational Expert
15-1211.01,Health Informatics Specialists,18100,"Develop strategies, policies or procedures for introducing, evaluating, or modifying information technology applied to nursing practice, administration, education, or research.",Core,21,08/2024,Occupational Expert
15-1211.01,Health Informatics Specialists,18102,"Read current literature, talk with colleagues, and participate in professional organizations or conferences to keep abreast of developments in informatics.",Core,21,08/2024,Occupational Expert
15-1211.01,Health Informatics Specialists,18099,"Develop or deliver training programs for health information technology, creating operating manuals as needed.",Core,21,08/2024,Occupational Expert
15-1211.01,Health Informatics Specialists,18098,"Design, conduct, or provide support to nursing informatics research.",Core,21,08/2024,Occupational Expert
15-1211.01,Health Informatics Specialists,18104,"Inform local, state, national, and international health policies related to information management and communication, confidentiality and security, patient safety, infrastructure development, and economics.",Core,21,08/2024,Occupational Expert
15-1211.01,Health Informatics Specialists,18103,Provide consultation to nurses regarding hardware or software configuration.,Core,21,08/2024,Occupational Expert
15-1211.01,Health Informatics Specialists,18091,"Plan, install, repair, or troubleshoot telehealth technology applications or systems in homes.",Supplemental,21,08/2024,Occupational Expert
15-1212.00,Information Security Analysts,5314,"Develop plans to safeguard computer files against accidental or unauthorized modification, destruction, or disclosure and to meet emergency data processing needs.",Core,72,08/2018,Incumbent
15-1212.00,Information Security Analysts,5316,Monitor current reports of computer viruses to determine when to update virus protection systems.,Core,72,08/2018,Incumbent
15-1212.00,Information Security Analysts,5321,Encrypt data transmissions and erect firewalls to conceal confidential information as it is being transmitted and to keep out tainted digital transfers.,Core,72,08/2018,Incumbent
15-1212.00,Information Security Analysts,5320,Perform risk assessments and execute tests of data processing system to ensure functioning of data processing activities and security measures.,Core,72,08/2018,Incumbent
15-1212.00,Information Security Analysts,5317,"Modify computer security files to incorporate new software, correct errors, or change individual access status.",Core,72,08/2018,Incumbent
15-1212.00,Information Security Analysts,5323,Review violations of computer security procedures and discuss procedures with violators to ensure violations are not repeated.,Core,72,08/2018,Incumbent
15-1212.00,Information Security Analysts,5322,"Document computer security and emergency measures policies, procedures, and tests.",Core,72,08/2018,Incumbent
15-1212.00,Information Security Analysts,5315,"Confer with users to discuss issues such as computer data access needs, security violations, and programming changes.",Core,72,08/2018,Incumbent
15-1212.00,Information Security Analysts,5319,Monitor use of data files and regulate access to safeguard information in computer files.,Core,71,08/2018,Incumbent
15-1212.00,Information Security Analysts,5318,Coordinate implementation of computer system plan with establishment personnel and outside vendors.,Core,72,08/2018,Incumbent
15-1212.00,Information Security Analysts,5313,Train users and promote security awareness to ensure system security and to improve server and network efficiency.,Core,72,08/2018,Incumbent
15-1221.00,Computer and Information Research Scientists,14623,Analyze problems to develop solutions involving computer hardware and software.,Core,49,08/2019,Incumbent
15-1221.00,Computer and Information Research Scientists,14626,"Apply theoretical expertise and innovation to create or apply new technology, such as adapting principles for applying computers to new uses.",Core,49,08/2019,Incumbent
15-1221.00,Computer and Information Research Scientists,14624,Assign or schedule tasks to meet work priorities and goals.,Core,48,08/2019,Incumbent
15-1221.00,Computer and Information Research Scientists,14628,"Meet with managers, vendors, and others to solicit cooperation and resolve problems.",Core,48,08/2019,Incumbent
15-1221.00,Computer and Information Research Scientists,14633,Design computers and the software that runs them.,Core,48,08/2019,Incumbent
15-1221.00,Computer and Information Research Scientists,14629,"Conduct logical analyses of business, scientific, engineering, and other technical problems, formulating mathematical models of problems for solution by computers.",Core,49,08/2019,Incumbent
15-1221.00,Computer and Information Research Scientists,14625,Evaluate project plans and proposals to assess feasibility issues.,Core,48,08/2019,Incumbent
15-1221.00,Computer and Information Research Scientists,14635,"Participate in multidisciplinary projects in areas such as virtual reality, human-computer interaction, or robotics.",Core,49,08/2019,Incumbent
15-1221.00,Computer and Information Research Scientists,14627,"Consult with users, management, vendors, and technicians to determine computing needs and system requirements.",Core,49,08/2019,Incumbent
15-1221.00,Computer and Information Research Scientists,14630,"Develop and interpret organizational goals, policies, and procedures.",Core,49,08/2019,Incumbent
15-1221.00,Computer and Information Research Scientists,14632,"Develop performance standards, and evaluate work in light of established standards.",Core,48,08/2019,Incumbent
15-1221.00,Computer and Information Research Scientists,14634,"Maintain network hardware and software, direct network security measures, and monitor networks to ensure availability to system users.",Supplemental,48,08/2019,Incumbent
15-1221.00,Computer and Information Research Scientists,14637,"Direct daily operations of departments, coordinating project activities with other departments.",Supplemental,48,08/2019,Incumbent
15-1221.00,Computer and Information Research Scientists,14631,Participate in staffing decisions and direct training of subordinates.,Supplemental,48,08/2019,Incumbent
15-1221.00,Computer and Information Research Scientists,14636,"Approve, prepare, monitor, and adjust operational budgets.",Supplemental,49,08/2019,Incumbent
15-1231.00,Computer Network Support Specialists,19004,Back up network data.,Core,117,07/2014,Incumbent
15-1231.00,Computer Network Support Specialists,18991,Configure security settings or access permissions for groups or individuals.,Core,118,07/2014,Incumbent
15-1231.00,Computer Network Support Specialists,19003,Analyze and report computer network security breaches or attempted breaches.,Core,116,07/2014,Incumbent
15-1231.00,Computer Network Support Specialists,18995,"Identify the causes of networking problems, using diagnostic testing software and equipment.",Core,118,07/2014,Incumbent
15-1231.00,Computer Network Support Specialists,18993,Document network support activities.,Core,115,07/2014,Incumbent
15-1231.00,Computer Network Support Specialists,18992,Configure wide area network (WAN) or local area network (LAN) routers or related equipment.,Core,117,07/2014,Incumbent
15-1231.00,Computer Network Support Specialists,18997,"Install network software, including security or firewall software.",Core,117,07/2014,Incumbent
15-1231.00,Computer Network Support Specialists,19002,Troubleshoot network or connectivity problems for users or user groups.,Core,117,07/2014,Incumbent
15-1231.00,Computer Network Support Specialists,19010,Provide telephone support related to networking or connectivity issues.,Core,117,07/2014,Incumbent
15-1231.00,Computer Network Support Specialists,18994,"Evaluate local area network (LAN) or wide area network (WAN) performance data to ensure sufficient availability or speed, to identify network problems, or for disaster recovery purposes.",Core,118,07/2014,Incumbent
15-1231.00,Computer Network Support Specialists,18989,"Analyze network data to determine network usage, disk space availability, or server function.",Core,117,07/2014,Incumbent
15-1231.00,Computer Network Support Specialists,19000,Perform routine maintenance or standard repairs to networking components or equipment.,Core,116,07/2014,Incumbent
15-1231.00,Computer Network Support Specialists,18990,"Configure and define parameters for installation or testing of local area network (LAN), wide area network (WAN), hubs, routers, switches, controllers, multiplexers, or related networking equipment.",Core,116,07/2014,Incumbent
15-1231.00,Computer Network Support Specialists,18998,"Install new hardware or software systems or components, ensuring integration with existing network systems.",Core,116,07/2014,Incumbent
15-1231.00,Computer Network Support Specialists,19001,"Test computer software or hardware, using standard diagnostic testing equipment and procedures.",Core,116,07/2014,Incumbent
15-1231.00,Computer Network Support Specialists,18999,"Install or repair network cables, including fiber optic cables.",Core,116,07/2014,Incumbent
15-1231.00,Computer Network Support Specialists,19009,"Monitor industry Web sites or publications for information about patches, releases, viruses, or potential problem identification.",Core,117,07/2014,Incumbent
15-1231.00,Computer Network Support Specialists,19006,Create or update technical documentation for network installations or changes to existing installations.,Core,117,07/2014,Incumbent
15-1231.00,Computer Network Support Specialists,19014,Train users in procedures related to network applications software or related systems.,Core,117,07/2014,Incumbent
15-1231.00,Computer Network Support Specialists,19013,Test repaired items to ensure proper operation.,Core,116,07/2014,Incumbent
15-1231.00,Computer Network Support Specialists,18996,Install and configure wireless networking equipment.,Core,117,07/2014,Incumbent
15-1231.00,Computer Network Support Specialists,19008,Maintain logs of network activity.,Core,115,07/2014,Incumbent
15-1231.00,Computer Network Support Specialists,19007,Document help desk requests and resolutions.,Core,117,07/2014,Incumbent
15-1231.00,Computer Network Support Specialists,19011,Research hardware or software products to meet technical networking or security needs.,Core,117,07/2014,Incumbent
15-1231.00,Computer Network Support Specialists,19005,"Create or revise user instructions, procedures, or manuals.",Core,116,07/2014,Incumbent
15-1231.00,Computer Network Support Specialists,19012,Run monthly network reports.,Core,115,07/2014,Incumbent
15-1232.00,Computer User Support Specialists,1285,Oversee the daily performance of computer systems.,Core,73,08/2023,Incumbent
15-1232.00,Computer User Support Specialists,1286,"Set up equipment for employee use, performing or ensuring proper installation of cables, operating systems, or appropriate software.",Core,72,08/2023,Incumbent
15-1232.00,Computer User Support Specialists,1288,"Read technical manuals, confer with users, or conduct computer diagnostics to investigate and resolve problems or to provide technical assistance and support.",Core,72,08/2023,Incumbent
15-1232.00,Computer User Support Specialists,1282,Answer user inquiries regarding computer software or hardware operation to resolve problems.,Core,73,08/2023,Incumbent
15-1232.00,Computer User Support Specialists,1284,"Install and perform minor repairs to hardware, software, or peripheral equipment, following design or installation specifications.",Core,73,08/2023,Incumbent
15-1232.00,Computer User Support Specialists,1289,"Confer with staff, users, and management to establish requirements for new systems or modifications.",Core,72,08/2023,Incumbent
15-1232.00,Computer User Support Specialists,1283,Enter commands and observe system functioning to verify correct operations and detect errors.,Core,73,08/2023,Incumbent
15-1232.00,Computer User Support Specialists,1287,"Maintain records of daily data communication transactions, problems and remedial actions taken, or installation activities.",Core,72,08/2023,Incumbent
15-1232.00,Computer User Support Specialists,1291,Refer major hardware or software problems or defective products to vendors or technicians for service.,Core,73,08/2023,Incumbent
15-1232.00,Computer User Support Specialists,1292,"Prepare evaluations of software or hardware, and recommend improvements or upgrades.",Core,72,08/2023,Incumbent
15-1232.00,Computer User Support Specialists,1290,"Develop training materials and procedures, or train users in the proper use of hardware or software.",Core,72,08/2023,Incumbent
15-1232.00,Computer User Support Specialists,1295,Inspect equipment and read order sheets to prepare for delivery to users.,Core,73,08/2023,Incumbent
15-1232.00,Computer User Support Specialists,1293,"Read trade magazines and technical manuals, or attend conferences and seminars to maintain knowledge of hardware and software.",Core,73,08/2023,Incumbent
15-1232.00,Computer User Support Specialists,1297,"Conduct office automation feasibility studies, including workflow analysis, space design, or cost comparison analysis.",Supplemental,73,08/2023,Incumbent
15-1232.00,Computer User Support Specialists,15204,"Hire, supervise, and direct workers engaged in special project work, problem-solving, monitoring, and installation of data communication equipment and software.",Supplemental,73,08/2023,Incumbent
15-1232.00,Computer User Support Specialists,1296,Modify and customize commercial programs for internal needs.,Supplemental,73,08/2023,Incumbent
15-1241.00,Computer Network Architects,18968,Develop disaster recovery plans.,Core,19,08/2024,Occupational Expert
15-1241.00,Computer Network Architects,18971,"Develop or recommend network security measures, such as firewalls, network security audits, or automated security probes.",Core,20,08/2024,Occupational Expert
15-1241.00,Computer Network Architects,18965,Develop and implement solutions for network problems.,Core,20,08/2024,Occupational Expert
15-1241.00,Computer Network Architects,18977,"Maintain networks by performing activities such as file addition, deletion, or backup.",Core,19,08/2024,Occupational Expert
15-1241.00,Computer Network Architects,18960,"Coordinate network operations, maintenance, repairs, or upgrades.",Core,20,08/2024,Occupational Expert
15-1241.00,Computer Network Architects,18959,Coordinate installation of new equipment.,Core,20,08/2024,Occupational Expert
15-1241.00,Computer Network Architects,18979,"Monitor and analyze network performance and reports on data input or output to detect problems, identify inefficient use of computer resources, or perform capacity planning.",Core,20,08/2024,Occupational Expert
15-1241.00,Computer Network Architects,18969,Develop network-related documentation.,Core,19,08/2024,Occupational Expert
15-1241.00,Computer Network Architects,18966,"Develop and write procedures for installation, use, or troubleshooting of communications hardware or software.",Core,19,08/2024,Occupational Expert
15-1241.00,Computer Network Architects,18980,"Participate in network technology upgrade or expansion projects, including installation of hardware and software and integration testing.",Core,20,08/2024,Occupational Expert
15-1241.00,Computer Network Architects,18962,"Design, build, or operate equipment configuration prototypes, including network hardware, software, servers, or server operation systems.",Core,20,08/2024,Occupational Expert
15-1241.00,Computer Network Architects,18956,Adjust network sizes to meet volume or capacity demands.,Core,20,08/2024,Occupational Expert
15-1241.00,Computer Network Architects,18958,Communicate with system users to ensure accounts are set up properly or to diagnose and solve operational problems.,Core,20,08/2024,Occupational Expert
15-1241.00,Computer Network Architects,18967,"Develop conceptual, logical, or physical network designs.",Core,20,08/2024,Occupational Expert
15-1241.00,Computer Network Architects,18975,Evaluate network designs to determine whether customer requirements are met efficiently and effectively.,Core,20,08/2024,Occupational Expert
15-1241.00,Computer Network Architects,18988,"Communicate with vendors to gather information about products, alert them to future needs, resolve problems, or address system maintenance issues.",Core,20,08/2024,Occupational Expert
15-1241.00,Computer Network Architects,18972,Develop plans or budgets for network equipment replacement.,Core,20,08/2024,Occupational Expert
15-1241.00,Computer Network Architects,18957,"Communicate with customers, sales staff, or marketing staff to determine customer needs.",Core,20,08/2024,Occupational Expert
15-1241.00,Computer Network Architects,18964,"Determine specific network hardware or software requirements, such as platforms, interfaces, bandwidths, or routine schemas.",Core,20,08/2024,Occupational Expert
15-1241.00,Computer Network Architects,18982,"Prepare detailed network specifications, including diagrams, charts, equipment configurations, or recommended technologies.",Core,20,08/2024,Occupational Expert
15-1241.00,Computer Network Architects,18985,Supervise engineers or other staff in the design or implementation of network solutions.,Core,20,08/2024,Occupational Expert
15-1241.00,Computer Network Architects,18984,Research and test new or modified hardware or software products to determine performance and interoperability.,Core,20,08/2024,Occupational Expert
15-1241.00,Computer Network Architects,18974,Estimate time and materials needed to complete projects.,Core,20,08/2024,Occupational Expert
15-1241.00,Computer Network Architects,18963,"Design, organize, and deliver product awareness, skills transfer, or product education sessions for staff or suppliers.",Core,20,08/2024,Occupational Expert
15-1241.00,Computer Network Architects,18976,Explain design specifications to integration or test engineers.,Core,20,08/2024,Occupational Expert
15-1241.00,Computer Network Architects,18973,"Develop procedures to track, project, or report network availability, reliability, capacity, or utilization.",Core,20,08/2024,Occupational Expert
15-1241.00,Computer Network Architects,18961,Coordinate network or design activities with designers of associated networks.,Core,20,08/2024,Occupational Expert
15-1241.00,Computer Network Architects,18983,"Prepare or monitor project schedules, budgets, or cost control systems.",Core,20,08/2024,Occupational Expert
15-1241.00,Computer Network Architects,18981,Prepare design presentations and proposals for staff or customers.,Core,20,08/2024,Occupational Expert
15-1241.00,Computer Network Architects,18986,Use network computer-aided design (CAD) software packages to optimize network designs.,Core,20,08/2024,Occupational Expert
15-1241.00,Computer Network Architects,18987,"Visit vendors, attend conferences or training sessions, or study technical journals to keep up with changes in technology.",Supplemental,20,08/2024,Occupational Expert
15-1241.00,Computer Network Architects,18970,Develop or maintain project reporting systems.,Supplemental,20,08/2024,Occupational Expert
15-1241.00,Computer Network Architects,18978,"Maintain or coordinate the maintenance of network peripherals, such as printers.",Supplemental,20,08/2024,Occupational Expert
15-1241.01,Telecommunications Engineering Specialists,16077,Document technical specifications and operating standards for telecommunications equipment.,Core,29,08/2026,Occupational Expert
15-1241.01,Telecommunications Engineering Specialists,16064,Provide user support by diagnosing network and device problems and implementing technical or procedural solutions.,Core,28,08/2026,Occupational Expert
15-1241.01,Telecommunications Engineering Specialists,16073,"Implement system renovation projects in collaboration with technical staff, engineering consultants, installers, and vendors.",Core,28,08/2026,Occupational Expert
15-1241.01,Telecommunications Engineering Specialists,16058,"Keep abreast of changes in industry practices and emerging telecommunications technology by reviewing current literature, talking with colleagues, participating in educational programs, attending meetings or workshops, or participating in professional organizations or conferences.",Core,29,08/2026,Occupational Expert
15-1241.01,Telecommunications Engineering Specialists,16067,"Use computer-aided design (CAD) software to prepare or evaluate network diagrams, floor plans, or site configurations for existing facilities, renovations, or new systems.",Core,29,08/2026,Occupational Expert
15-1241.01,Telecommunications Engineering Specialists,16060,"Develop, maintain, or implement telecommunications disaster recovery plans to ensure business continuity.",Core,29,08/2026,Occupational Expert
15-1241.01,Telecommunications Engineering Specialists,16059,Estimate costs for system or component implementation and operation.,Core,28,08/2026,Occupational Expert
15-1241.01,Telecommunications Engineering Specialists,16083,"Install, or coordinate installation of, new or modified hardware, software, or programming modules of telecommunications systems.",Core,28,08/2026,Occupational Expert
15-1241.01,Telecommunications Engineering Specialists,16063,"Review and evaluate requests from engineers, managers, and technicians for system modifications.",Core,28,08/2026,Occupational Expert
15-1241.01,Telecommunications Engineering Specialists,16074,"Implement or perform preventive maintenance, backup, or recovery procedures.",Core,29,08/2026,Occupational Expert
15-1241.01,Telecommunications Engineering Specialists,16072,"Inspect sites to determine physical configuration, such as device locations and conduit pathways.",Core,29,08/2026,Occupational Expert
15-1241.01,Telecommunications Engineering Specialists,16081,"Communicate with telecommunications vendors to obtain pricing and technical specifications for available hardware, software, or services.",Core,29,08/2026,Occupational Expert
15-1241.01,Telecommunications Engineering Specialists,16078,Document procedures for hardware and software installation and use.,Core,29,08/2026,Occupational Expert
15-1241.01,Telecommunications Engineering Specialists,16062,Supervise maintenance of telecommunications equipment.,Core,29,08/2026,Occupational Expert
15-1241.01,Telecommunications Engineering Specialists,20366,"Instruct in use of voice, video, and data communications systems.",Core,28,08/2026,Occupational Expert
15-1241.01,Telecommunications Engineering Specialists,16079,"Work with personnel and facilities management staff to install, remove, or relocate user connectivity equipment and devices.",Core,29,08/2026,Occupational Expert
15-1241.01,Telecommunications Engineering Specialists,16080,"Consult with users, administrators, and engineers to identify business and technical requirements for proposed system modifications or technology purchases.",Core,29,08/2026,Occupational Expert
15-1241.01,Telecommunications Engineering Specialists,16061,"Test and evaluate hardware and software to determine efficiency, reliability, or compatibility with existing systems.",Core,29,08/2026,Occupational Expert
15-1241.01,Telecommunications Engineering Specialists,16082,Assess existing facilities' needs for new or modified telecommunications systems.,Core,29,08/2026,Occupational Expert
15-1241.01,Telecommunications Engineering Specialists,16076,"Document user support activity, such as system problems, corrective actions, resolution status, and completed equipment installations.",Core,29,08/2026,Occupational Expert
15-1241.01,Telecommunications Engineering Specialists,20365,"Order or maintain inventory of telecommunications equipment for customer premises equipment (CPE), facilities, access networks, or backbone networks.",Core,29,08/2026,Occupational Expert
15-1241.01,Telecommunications Engineering Specialists,16065,Prepare system activity and performance reports.,Core,29,08/2026,Occupational Expert
15-1241.01,Telecommunications Engineering Specialists,16066,"Prepare purchase requisitions for computer hardware and software, networking and telecommunications equipment, test equipment, cabling, or tools.",Core,29,08/2026,Occupational Expert
15-1241.01,Telecommunications Engineering Specialists,16075,"Implement controls to provide security for operating systems, software, and data.",Supplemental,29,08/2026,Occupational Expert
15-1241.01,Telecommunications Engineering Specialists,16069,"Monitor and analyze system performance, such as network traffic, security, and capacity.",Supplemental,29,08/2026,Occupational Expert
15-1241.01,Telecommunications Engineering Specialists,16070,Manage user access to systems and equipment through account management and password administration.,Supplemental,29,08/2026,Occupational Expert
15-1242.00,Database Administrators,1299,Modify existing databases and database management systems or direct programmers and analysts to make changes.,Core,67,08/2023,Incumbent
15-1242.00,Database Administrators,1301,"Plan, coordinate, and implement security measures to safeguard information in computer files against accidental or unauthorized damage, modification or disclosure.",Core,67,08/2023,Incumbent
15-1242.00,Database Administrators,21649,Plan and install upgrades of database management system software to enhance database performance.,Core,67,08/2023,Incumbent
15-1242.00,Database Administrators,1305,Specify users and user access levels for each segment of database.,Core,67,08/2023,Incumbent
15-1242.00,Database Administrators,21651,Test changes to database applications or systems.,Core,67,08/2023,Incumbent
15-1242.00,Database Administrators,1300,"Test programs or databases, correct errors, and make necessary modifications.",Core,67,08/2023,Incumbent
15-1242.00,Database Administrators,1303,Train users and answer questions.,Core,67,08/2023,Incumbent
15-1242.00,Database Administrators,21650,Provide technical support to junior staff or clients.,Core,67,08/2023,Incumbent
15-1242.00,Database Administrators,1302,"Approve, schedule, plan, and supervise the installation and testing of new products and improvements to computer systems, such as the installation of new databases.",Core,67,08/2023,Incumbent
15-1242.00,Database Administrators,1298,Develop standards and guidelines for the use and acquisition of software and to protect vulnerable information.,Core,67,08/2023,Incumbent
15-1242.00,Database Administrators,1313,"Write and code logical and physical database descriptions and specify identifiers of database to management system, or direct others in coding descriptions.",Core,67,08/2023,Incumbent
15-1242.00,Database Administrators,1306,"Develop data models describing data elements and how they are used, following procedures and using pen, template, or computer software.",Core,67,08/2023,Incumbent
15-1242.00,Database Administrators,1311,Select and enter codes to monitor database performance and to create production databases.,Core,67,08/2023,Incumbent
15-1242.00,Database Administrators,21648,"Identify, evaluate and recommend hardware or software technologies to achieve desired database performance.",Core,67,08/2023,Incumbent
15-1242.00,Database Administrators,1309,Review procedures in database management system manuals to make changes to database.,Core,67,08/2023,Incumbent
15-1242.00,Database Administrators,1312,Identify and evaluate industry trends in database systems to serve as a source of information and advice for upper management.,Supplemental,67,08/2023,Incumbent
15-1242.00,Database Administrators,1314,"Review workflow charts developed by programmer analyst to understand tasks computer will perform, such as updating records.",Supplemental,67,08/2023,Incumbent
15-1242.00,Database Administrators,1315,Revise company definition of data as defined in data dictionary.,Supplemental,67,08/2023,Incumbent
15-1243.00,Database Architects,16115,Develop and document database architectures.,Core,21,08/2023,Occupational Expert
15-1243.00,Database Architects,16113,"Collaborate with system architects, software architects, design analysts, and others to understand business or industry requirements.",Core,21,08/2023,Occupational Expert
15-1243.00,Database Architects,16114,"Develop database architectural strategies at the modeling, design and implementation stages to address business or industry requirements.",Core,21,08/2023,Occupational Expert
15-1243.00,Database Architects,16109,"Design databases to support business applications, ensuring system scalability, security, performance, and reliability.",Core,21,08/2023,Occupational Expert
15-1243.00,Database Architects,16108,"Develop data models for applications, metadata tables, views or related database structures.",Core,21,08/2023,Occupational Expert
15-1243.00,Database Architects,16110,"Design database applications, such as interfaces, data transfer mechanisms, global temporary tables, data partitions, and function-based indexes to enable efficient access of the generic database structure.",Core,21,08/2023,Occupational Expert
15-1243.00,Database Architects,21653,"Develop methods for integrating different products so they work properly together, such as customizing commercial databases to fit specific needs.",Core,21,08/2023,Occupational Expert
15-1243.00,Database Architects,16112,Create and enforce database development standards.,Core,21,08/2023,Occupational Expert
15-1243.00,Database Architects,16105,"Document and communicate database schemas, using accepted notations.",Core,21,08/2023,Occupational Expert
15-1243.00,Database Architects,21652,"Develop data model describing data elements and their use, following procedures and using pen, template or computer software.",Core,21,08/2023,Occupational Expert
15-1243.00,Database Architects,21659,Work as part of a project team to coordinate database development and determine project scope and limitations.,Core,21,08/2023,Occupational Expert
15-1243.00,Database Architects,21655,Identify and evaluate industry trends in database systems to serve as a source of information and advice for upper management.,Core,21,08/2023,Occupational Expert
15-1243.00,Database Architects,16100,"Set up database clusters, backup, or recovery processes.",Core,21,08/2023,Occupational Expert
15-1243.00,Database Architects,16111,"Demonstrate database technical functionality, such as performance, security and reliability.",Core,21,08/2023,Occupational Expert
15-1243.00,Database Architects,16107,Develop load-balancing processes to eliminate down time for backup processes.,Core,21,08/2023,Occupational Expert
15-1243.00,Database Architects,16102,Plan and install upgrades of database management system software to enhance database performance.,Core,21,08/2023,Occupational Expert
15-1243.00,Database Architects,16101,"Identify, evaluate and recommend hardware or software technologies to achieve desired database performance.",Core,21,08/2023,Occupational Expert
15-1243.00,Database Architects,21657,"Test programs or databases, correct errors, and make necessary modifications.",Core,21,08/2023,Occupational Expert
15-1243.00,Database Architects,16104,Identify and correct deviations from database development standards.,Core,21,08/2023,Occupational Expert
15-1243.00,Database Architects,21656,Review project requests describing database user needs to estimate time and cost required to accomplish project.,Core,21,08/2023,Occupational Expert
15-1243.00,Database Architects,21660,"Write and code logical and physical database descriptions, and specify identifiers of database to management system or direct others in coding descriptions.",Core,21,08/2023,Occupational Expert
15-1243.00,Database Architects,16106,"Develop or maintain archived procedures, procedural codes, or queries for applications.",Core,21,08/2023,Occupational Expert
15-1243.00,Database Architects,16099,Provide technical support to junior staff or clients.,Core,21,08/2023,Occupational Expert
15-1243.00,Database Architects,21654,"Establish and calculate optimum values for database parameters, using manuals and calculators.",Core,21,08/2023,Occupational Expert
15-1243.00,Database Architects,21658,Train users and answer questions.,Supplemental,21,08/2023,Occupational Expert
15-1243.01,Data Warehousing Specialists,16132,"Develop data warehouse process models, including sourcing, loading, transformation, and extraction.",Core,23,08/2018,Occupational Expert
15-1243.01,Data Warehousing Specialists,16121,"Verify the structure, accuracy, or quality of warehouse data.",Core,23,08/2018,Occupational Expert
15-1243.01,Data Warehousing Specialists,16124,"Map data between source systems, data warehouses, and data marts.",Core,23,08/2018,Occupational Expert
15-1243.01,Data Warehousing Specialists,16126,"Develop and implement data extraction procedures from other systems, such as administration, billing, or claims.",Core,23,08/2018,Occupational Expert
15-1243.01,Data Warehousing Specialists,16128,Design and implement warehouse database structures.,Core,23,08/2018,Occupational Expert
15-1243.01,Data Warehousing Specialists,16127,"Develop or maintain standards, such as organization, structure, or nomenclature, for the design of data warehouse elements, such as data architectures, models, tools, and databases.",Core,23,08/2018,Occupational Expert
15-1243.01,Data Warehousing Specialists,16118,Provide or coordinate troubleshooting support for data warehouses.,Core,23,08/2018,Occupational Expert
15-1243.01,Data Warehousing Specialists,16120,"Write new programs or modify existing programs to meet customer requirements, using current programming languages and technologies.",Core,23,08/2018,Occupational Expert
15-1243.01,Data Warehousing Specialists,16133,"Design, implement, or operate comprehensive data warehouse systems to balance optimization of data access with batch loading and resource utilization factors, according to customer requirements.",Core,23,08/2018,Occupational Expert
15-1243.01,Data Warehousing Specialists,16123,"Perform system analysis, data analysis or programming, using a variety of computer languages and procedures.",Core,23,08/2018,Occupational Expert
15-1243.01,Data Warehousing Specialists,16129,"Create supporting documentation, such as metadata and diagrams of entity relationships, business processes, and process flow.",Core,23,08/2018,Occupational Expert
15-1243.01,Data Warehousing Specialists,16131,Create or implement metadata processes and frameworks.,Core,23,08/2018,Occupational Expert
15-1243.01,Data Warehousing Specialists,16117,"Review designs, codes, test plans, or documentation to ensure quality.",Core,23,08/2018,Occupational Expert
15-1243.01,Data Warehousing Specialists,16130,"Create plans, test files, and scripts for data warehouse testing, ranging from unit to integration testing.",Core,23,08/2018,Occupational Expert
15-1243.01,Data Warehousing Specialists,16122,"Select methods, techniques, or criteria for data warehousing evaluative procedures.",Core,23,08/2018,Occupational Expert
15-1243.01,Data Warehousing Specialists,16125,"Implement business rules via stored procedures, middleware, or other technologies.",Core,23,08/2018,Occupational Expert
15-1243.01,Data Warehousing Specialists,16119,Prepare functional or technical documentation for data warehouses.,Core,23,08/2018,Occupational Expert
15-1243.01,Data Warehousing Specialists,16116,Test software systems or applications for software enhancements or new products.,Core,23,08/2018,Occupational Expert
15-1244.00,Network and Computer Systems Administrators,1319,"Plan, coordinate, and implement network security measures to protect data, software, and hardware.",Core,26,08/2026,Occupational Expert
15-1244.00,Network and Computer Systems Administrators,1317,Perform data backups and disaster recovery operations.,Core,26,08/2026,Occupational Expert
15-1244.00,Network and Computer Systems Administrators,15205,"Diagnose, troubleshoot, and resolve hardware, software, or other network and system problems, and replace defective components when necessary.",Core,26,08/2026,Occupational Expert
15-1244.00,Network and Computer Systems Administrators,1318,"Maintain and administer computer networks and related computing environments, including computer hardware, systems software, applications software, and all configurations.",Core,26,08/2026,Occupational Expert
15-1244.00,Network and Computer Systems Administrators,15206,"Configure, monitor, and maintain email applications or virus protection software.",Core,26,08/2026,Occupational Expert
15-1244.00,Network and Computer Systems Administrators,1324,Confer with network users about solutions to existing system problems.,Core,26,08/2026,Occupational Expert
15-1244.00,Network and Computer Systems Administrators,1320,Operate master consoles to monitor the performance of computer systems and networks and to coordinate computer network access and use.,Core,26,08/2026,Occupational Expert
15-1244.00,Network and Computer Systems Administrators,1330,"Maintain logs related to network functions, as well as maintenance and repair records.",Core,26,08/2026,Occupational Expert
15-1244.00,Network and Computer Systems Administrators,1325,Monitor network performance to determine whether adjustments are needed and where changes will be needed in the future.,Core,26,08/2026,Occupational Expert
15-1244.00,Network and Computer Systems Administrators,1322,"Design, configure, and test computer hardware, networking software and operating system software.",Core,26,08/2026,Occupational Expert
15-1244.00,Network and Computer Systems Administrators,1332,Maintain an inventory of parts for emergency repairs.,Core,26,08/2026,Occupational Expert
15-1244.00,Network and Computer Systems Administrators,1321,"Perform routine network startup and shutdown procedures, and maintain control records.",Core,26,08/2026,Occupational Expert
15-1244.00,Network and Computer Systems Administrators,1323,"Recommend changes to improve systems and network configurations, and determine hardware or software requirements related to such changes.",Core,26,08/2026,Occupational Expert
15-1244.00,Network and Computer Systems Administrators,1333,Coordinate with vendors and with company personnel to facilitate purchases.,Core,26,08/2026,Occupational Expert
15-1244.00,Network and Computer Systems Administrators,1328,"Gather data pertaining to customer needs, and use the information to identify, predict, interpret, and evaluate system and network requirements.",Core,26,08/2026,Occupational Expert
15-1244.00,Network and Computer Systems Administrators,1329,Analyze equipment performance records to determine the need for repair or replacement.,Core,26,08/2026,Occupational Expert
15-1244.00,Network and Computer Systems Administrators,1326,Train people in computer system use.,Core,26,08/2026,Occupational Expert
15-1244.00,Network and Computer Systems Administrators,15207,"Research new technologies by attending seminars, reading trade articles, or taking classes, and implement or recommend the implementation of new technologies.",Core,26,08/2026,Occupational Expert
15-1244.00,Network and Computer Systems Administrators,15208,"Implement and provide technical support for voice services and equipment, such as private branch exchange, voice mail system, and telecom system.",Supplemental,26,08/2026,Occupational Expert
15-1244.00,Network and Computer Systems Administrators,1327,"Load computer tapes and disks, and install software and printer paper or forms.",Supplemental,26,08/2026,Occupational Expert
15-1251.00,Computer Programmers,1273,"Write, analyze, review, and rewrite programs, using workflow chart and diagram, and applying knowledge of computer capabilities, subject matter, and symbolic logic.",Core,70,08/2018,Incumbent
15-1251.00,Computer Programmers,1267,Correct errors by making appropriate changes and rechecking the program to ensure that the desired results are produced.,Core,70,08/2018,Incumbent
15-1251.00,Computer Programmers,1272,"Perform or direct revision, repair, or expansion of existing programs to increase operating efficiency or adapt to new requirements.",Core,70,08/2018,Incumbent
15-1251.00,Computer Programmers,1270,"Write, update, and maintain computer programs or software packages to handle specific jobs such as tracking inventory, storing or retrieving data, or controlling other equipment.",Core,70,08/2018,Incumbent
15-1251.00,Computer Programmers,1271,"Consult with managerial, engineering, and technical personnel to clarify program intent, identify problems, and suggest changes.",Core,70,08/2018,Incumbent
15-1251.00,Computer Programmers,1268,Conduct trial runs of programs and software applications to be sure they will produce the desired information and that the instructions are correct.,Core,70,08/2018,Incumbent
15-1251.00,Computer Programmers,1276,"Prepare detailed workflow charts and diagrams that describe input, output, and logical operation, and convert them into a series of instructions coded in a computer language.",Core,70,08/2018,Incumbent
15-1251.00,Computer Programmers,1269,"Compile and write documentation of program development and subsequent revisions, inserting comments in the coded instructions so others can understand the program.",Core,69,08/2018,Incumbent
15-1251.00,Computer Programmers,1278,Consult with and assist computer operators or system analysts to define and resolve problems in running computer programs.,Core,69,08/2018,Incumbent
15-1251.00,Computer Programmers,1277,Perform systems analysis and programming tasks to maintain and control the use of computer systems software as a systems programmer.,Core,69,08/2018,Incumbent
15-1251.00,Computer Programmers,1274,Write or contribute to instructions or manuals to guide end users.,Core,70,08/2018,Incumbent
15-1251.00,Computer Programmers,1275,"Investigate whether networks, workstations, the central processing unit of the system, or peripheral equipment are responding to a program's instructions.",Core,69,08/2018,Incumbent
15-1251.00,Computer Programmers,1279,"Assign, coordinate, and review work and activities of programming personnel.",Core,70,08/2018,Incumbent
15-1251.00,Computer Programmers,1281,Train subordinates in programming and program coding.,Supplemental,70,08/2018,Incumbent
15-1251.00,Computer Programmers,21049,Develop Web sites.,Supplemental,70,08/2018,Incumbent
15-1251.00,Computer Programmers,21050,Train users on the use and function of computer programs.,Supplemental,70,08/2018,Incumbent
15-1251.00,Computer Programmers,1280,Collaborate with computer manufacturers and other users to develop new programming methods.,Supplemental,70,08/2018,Incumbent
15-1252.00,Software Developers,21662,Analyze user needs and software requirements to determine feasibility of design within time and cost constraints.,Core,72,08/2025,Incumbent
15-1252.00,Software Developers,21669,"Develop or direct software system testing or validation procedures, programming, or documentation.",Core,72,08/2025,Incumbent
15-1252.00,Software Developers,21664,"Confer with systems analysts, engineers, programmers and others to design systems and to obtain information on project limitations and capabilities, performance requirements and interfaces.",Core,72,08/2025,Incumbent
15-1252.00,Software Developers,21670,"Modify existing software to correct errors, adapt it to new hardware, or upgrade interfaces and improve performance.",Core,72,08/2025,Incumbent
15-1252.00,Software Developers,21673,"Prepare reports or correspondence concerning project specifications, activities, or status.",Core,72,08/2025,Incumbent
15-1252.00,Software Developers,21661,"Analyze information to determine, recommend, and plan installation of a new system or modification of an existing system.",Core,72,08/2025,Incumbent
15-1252.00,Software Developers,21676,"Store, retrieve, and manipulate data for analysis of system capabilities and requirements.",Core,72,08/2025,Incumbent
15-1252.00,Software Developers,21667,"Design, develop and modify software systems, using scientific analysis and mathematical models to predict and measure outcomes and consequences of design.",Core,72,08/2025,Incumbent
15-1252.00,Software Developers,21668,Determine system performance standards.,Core,72,08/2025,Incumbent
15-1252.00,Software Developers,21665,"Consult with customers or other departments on project status, proposals, or technical issues, such as software system design or maintenance.",Core,72,08/2025,Incumbent
15-1252.00,Software Developers,21663,Confer with data processing or project managers to obtain information on limitations or capabilities for data processing projects.,Core,72,08/2025,Incumbent
15-1252.00,Software Developers,21671,Monitor functioning of equipment to ensure system operates in conformance with specifications.,Supplemental,72,08/2025,Incumbent
15-1252.00,Software Developers,21666,Coordinate installation of software system.,Supplemental,72,08/2025,Incumbent
15-1252.00,Software Developers,21678,"Supervise the work of programmers, technologists and technicians and other engineering and scientific personnel.",Supplemental,71,08/2025,Incumbent
15-1252.00,Software Developers,21677,"Supervise and assign work to programmers, designers, technologists, technicians, or other engineering or scientific personnel.",Supplemental,72,08/2025,Incumbent
15-1252.00,Software Developers,21672,"Obtain and evaluate information on factors such as reporting formats required, costs, or security needs to determine hardware configuration.",Supplemental,72,08/2025,Incumbent
15-1252.00,Software Developers,21679,Train users to use new or modified equipment.,Supplemental,72,08/2025,Incumbent
15-1253.00,Software Quality Assurance Analysts and Testers,14642,"Identify, analyze, and document problems with program function, output, online screen, or content.",Core,33,08/2022,Occupational Expert
15-1253.00,Software Quality Assurance Analysts and Testers,14641,"Document software defects, using a bug tracking system, and report defects to software developers.",Core,34,08/2022,Occupational Expert
15-1253.00,Software Quality Assurance Analysts and Testers,14640,"Develop testing programs that address areas such as database impacts, software scenarios, regression testing, negative testing, error or bug retests, or usability.",Core,34,08/2022,Occupational Expert
15-1253.00,Software Quality Assurance Analysts and Testers,14638,"Design test plans, scenarios, scripts, or procedures.",Core,34,08/2022,Occupational Expert
15-1253.00,Software Quality Assurance Analysts and Testers,14648,Document test procedures to ensure replicability and compliance with standards.,Core,33,08/2022,Occupational Expert
15-1253.00,Software Quality Assurance Analysts and Testers,14653,Provide feedback and recommendations to developers on software usability and functionality.,Core,34,08/2022,Occupational Expert
15-1253.00,Software Quality Assurance Analysts and Testers,14652,"Install, maintain, or use software testing programs.",Core,34,08/2022,Occupational Expert
15-1253.00,Software Quality Assurance Analysts and Testers,14639,Test system modifications to prepare for implementation.,Core,34,08/2022,Occupational Expert
15-1253.00,Software Quality Assurance Analysts and Testers,14644,Create or maintain databases of known test defects.,Core,34,08/2022,Occupational Expert
15-1253.00,Software Quality Assurance Analysts and Testers,14649,"Develop or specify standards, methods, or procedures to determine product quality or release readiness.",Core,34,08/2022,Occupational Expert
15-1253.00,Software Quality Assurance Analysts and Testers,14643,Monitor bug resolution efforts and track successes.,Core,34,08/2022,Occupational Expert
15-1253.00,Software Quality Assurance Analysts and Testers,14650,Update automated test scripts to ensure currency.,Core,34,08/2022,Occupational Expert
15-1253.00,Software Quality Assurance Analysts and Testers,14646,"Participate in product design reviews to provide input on functional requirements, product designs, schedules, or potential problems.",Core,34,08/2022,Occupational Expert
15-1253.00,Software Quality Assurance Analysts and Testers,14645,Plan test schedules or strategies in accordance with project scope or delivery dates.,Core,34,08/2022,Occupational Expert
